2025-05-02 23:57:00,669 - DEBUG - Received form data: {'departure': 'Алматы', 'destination': 'Тбилиси', 'departure_date': '2025-05-01', 'return_date': '', 'passengers': '2', 'class': 'economy'}
2025-05-02 23:57:19,103 - DEBUG - Received form data: {'departure': 'Алматы', 'destination': 'Тбилиси', 'departure_date': '2025-05-01', 'return_date': '', 'passengers': '2', 'class': 'economy'}
2025-05-02 23:57:29,614 - DEBUG - Received form data: {'departure': 'Алматы', 'destination': 'Тбилиси', 'departure_date': '2025-05-01', 'return_date': '', 'passengers': '2', 'class': 'economy'}
2025-05-02 23:58:05,997 - DEBUG - Received form data: {'departure': 'Алматы', 'destination': 'Тбилиси', 'departure_date': '2025-05-03', 'return_date': '', 'passengers': '2', 'class': 'economy'}
2025-05-02 23:58:39,517 - DEBUG - Received form data: {'departure': 'Алматы', 'destination': 'Тбилиси', 'departure_date': '2025-05-03', 'return_date': '2025-05-03', 'passengers': '2', 'class': 'economy'}
2025-05-03 00:08:45,378 - DEBUG - Received form data: {'departure': 'Алматы', 'destination': 'Тбилиси', 'departure_date': '2025-05-01', 'return_date': '', 'passengers': '2', 'class': 'economy'}
2025-05-03 00:15:29,501 - DEBUG - Received form data: {'departure': 'Алматы', 'destination': 'Тбилиси', 'departure_date': '2025-05-01', 'return_date': '', 'passengers': '2', 'class': 'economy'}
2025-05-03 00:15:29,508 - ERROR - Exception occurred: database is locked
2025-05-03 00:15:30,244 - DEBUG - Received form data: {'departure': 'Алматы', 'destination': 'Тбилиси', 'departure_date': '2025-05-01', 'return_date': '', 'passengers': '2', 'class': 'economy'}
2025-05-03 00:15:30,251 - ERROR - Exception occurred: database is locked
2025-05-03 00:15:32,423 - DEBUG - Received form data: {'departure': 'Алматы', 'destination': 'Тбилиси', 'departure_date': '2025-05-01', 'return_date': '', 'passengers': '2', 'class': 'economy'}
2025-05-03 00:15:32,423 - ERROR - Exception occurred: database is locked
2025-05-03 00:15:32,826 - DEBUG - Received form data: {'departure': 'Алматы', 'destination': 'Тбилиси', 'departure_date': '2025-05-01', 'return_date': '', 'passengers': '2', 'class': 'economy'}
2025-05-03 00:15:32,826 - ERROR - Exception occurred: database is locked
2025-05-03 00:15:36,097 - DEBUG - Received form data: {'departure': 'Алматы', 'destination': 'Тбилиси', 'departure_date': '2025-05-01', 'return_date': '2025-05-01', 'passengers': '2', 'class': 'economy'}
2025-05-03 00:15:36,101 - ERROR - Exception occurred: database is locked
2025-05-03 00:15:36,659 - DEBUG - Received form data: {'departure': 'Алматы', 'destination': 'Тбилиси', 'departure_date': '2025-05-01', 'return_date': '2025-05-01', 'passengers': '2', 'class': 'economy'}
2025-05-03 00:15:36,666 - ERROR - Exception occurred: database is locked
2025-05-03 00:15:39,075 - DEBUG - Received form data: {'departure': 'Алматы', 'destination': 'Тбилиси', 'departure_date': '2025-05-01', 'return_date': '2025-05-02', 'passengers': '2', 'class': 'economy'}
2025-05-03 00:15:39,082 - ERROR - Exception occurred: database is locked
2025-05-03 00:15:39,635 - DEBUG - Received form data: {'departure': 'Алматы', 'destination': 'Тбилиси', 'departure_date': '2025-05-01', 'return_date': '2025-05-02', 'passengers': '2', 'class': 'economy'}
2025-05-03 00:15:39,648 - ERROR - Exception occurred: database is locked
2025-05-03 00:16:42,688 - DEBUG - Received form data: {'departure': 'Алматы', 'destination': 'Тбилиси', 'departure_date': '2025-05-01', 'return_date': '2025-05-01', 'passengers': '2', 'class': 'economy'}
2025-05-03 00:16:42,695 - ERROR - Exception occurred: database is locked
2025-05-03 00:16:52,818 - DEBUG - Received form data: {'departure': 'Алматы', 'destination': 'Тбилиси', 'departure_date': '2025-05-01', 'return_date': '', 'passengers': '2', 'class': 'economy'}
2025-05-03 00:16:52,818 - ERROR - Exception occurred: database is locked
2025-05-03 00:16:53,415 - DEBUG - Received form data: {'departure': 'Алматы', 'destination': 'Тбилиси', 'departure_date': '2025-05-01', 'return_date': '', 'passengers': '2', 'class': 'economy'}
2025-05-03 00:16:53,422 - ERROR - Exception occurred: database is locked
2025-05-03 00:39:26,255 - DEBUG - Starting main execution
2025-05-03 00:39:26,255 - DEBUG - Attempting to get user from session
2025-05-03 00:39:26,262 - DEBUG - User ID: None
2025-05-03 00:39:26,262 - DEBUG - Received form data: {'departure': 'Алматы', 'destination': 'Тбилиси', 'departure_date': '2025-05-01', 'return_date': '', 'passengers': '2', 'class': 'economy'}
2025-05-03 00:39:26,262 - DEBUG - Request data validated: {'departure': 'Алматы', 'destination': 'Тбилиси', 'departure_date': '2025-05-01', 'return_date': '', 'passengers': '2', 'class': 'economy'}
2025-05-03 00:39:26,262 - DEBUG - Attempting to log search request: {'departure': 'Алматы', 'destination': 'Тбилиси', 'departure_date': '2025-05-01', 'return_date': '', 'passengers': '2', 'class': 'economy'}
2025-05-03 00:39:26,262 - DEBUG - Attempting to connect to database: C:\Apache24\htdocs\logs\flight_search.db
2025-05-03 00:39:26,262 - DEBUG - Connected to database, setting WAL mode
2025-05-03 00:39:26,262 - DEBUG - Journal mode set to: wal
2025-05-03 00:39:26,269 - DEBUG - Search request logged successfully
2025-05-03 00:39:26,269 - DEBUG - Attempting to log audit: search_flight, {'departure': 'Алматы', 'destination': 'Тбилиси', 'departure_date': '2025-05-01', 'return_date': '', 'passengers': '2', 'class': 'economy'}
2025-05-03 00:39:26,269 - DEBUG - Attempting to connect to database: C:\Apache24\htdocs\logs\flight_search.db
2025-05-03 00:39:26,269 - DEBUG - Connected to database, setting WAL mode
2025-05-03 00:39:26,269 - DEBUG - Journal mode set to: wal
2025-05-03 00:39:26,276 - DEBUG - Audit logged successfully
2025-05-03 00:39:26,276 - DEBUG - Attempting to connect to database: C:\Apache24\htdocs\logs\flight_search.db
2025-05-03 00:39:26,276 - DEBUG - Connected to database, setting WAL mode
2025-05-03 00:39:26,276 - DEBUG - Journal mode set to: wal
2025-05-03 00:39:26,276 - DEBUG - Executing exact match query
2025-05-03 00:39:26,276 - DEBUG - Query: 
            SELECT * FROM flights 
            WHERE UPPER(departure) = UPPER(?) 
              AND UPPER(destination) = UPPER(?) 
              AND UPPER(class) = UPPER(?) 
              AND available_seats >= ?
              AND DATE(departure_time) = ?
        , Params: ('Алматы', 'Тбилиси', 'economy', 2, '2025-05-01')
2025-05-03 00:39:26,276 - DEBUG - Found 0 exact matches: []
2025-05-03 00:39:26,276 - DEBUG - No exact matches found, searching for similar flights...
2025-05-03 00:39:26,276 - DEBUG - Searching similar flights with departure=Алматы, destination=Тбилиси, date=2025-05-01, class=economy, seats=2
2025-05-03 00:39:26,276 - DEBUG - Found 3 similar flights
2025-05-03 00:39:26,276 - DEBUG - Found 3 similar flights: [{'id': 1, 'departure': 'Almaty', 'destination': 'Tbilisi', 'departure_time': '2025-05-01 09:00', 'arrival_time': '2025-05-01 12:00', 'airline': 'Air Astana', 'price': 25000, 'class': 'economy', 'available_seats': 50}, {'id': 2, 'departure': 'Almaty', 'destination': 'Tbilisi', 'departure_time': '2025-05-01 14:00', 'arrival_time': '2025-05-01 17:00', 'airline': 'SCAT Airlines', 'price': 30000, 'class': 'business', 'available_seats': 20}, {'id': 5, 'departure': 'Almaty', 'destination': 'Astana', 'departure_time': '2025-05-01 20:00:00', 'arrival_time': '2025-05-01 21:40:00', 'airline': 'SCAT Airlines', 'price': 35000, 'class': 'economy', 'available_seats': 3}]
2025-05-03 00:39:26,283 - ERROR - Error calculating duration: time data '2025-05-01 09:00' does not match format '%Y-%m-%d %H:%M:%S'
2025-05-03 00:39:26,283 - ERROR - Error calculating duration: time data '2025-05-01 14:00' does not match format '%Y-%m-%d %H:%M:%S'
2025-05-03 00:39:26,283 - DEBUG - Returning response: {'success': True, 'flights': [{'id': 1, 'airline': 'Air Astana', 'departure': 'Almaty', 'destination': 'Tbilisi', 'departure_time': '09:00', 'arrival_time': '12:00', 'class': 'economy', 'price': 22500.0, 'discount': 10, 'available_seats': 50, 'duration': 'Неизвестная длительность', 'transfers': 'прямой'}, {'id': 2, 'airline': 'SCAT Airlines', 'departure': 'Almaty', 'destination': 'Tbilisi', 'departure_time': '14:00', 'arrival_time': '17:00', 'class': 'business', 'price': 30000, 'discount': 0, 'available_seats': 20, 'duration': 'Неизвестная длительность', 'transfers': 'прямой'}, {'id': 5, 'airline': 'SCAT Airlines', 'departure': 'Almaty', 'destination': 'Astana', 'departure_time': '20:00', 'arrival_time': '21:40', 'class': 'economy', 'price': 35000, 'discount': 0, 'available_seats': 3, 'duration': '1ч 40м в пути', 'transfers': 'прямой'}]}
2025-05-03 00:39:26,283 - DEBUG - Closing database connection
2025-05-03 00:47:21,587 - DEBUG - Starting main execution
2025-05-03 00:47:21,587 - DEBUG - Attempting to get user from session
2025-05-03 00:47:21,587 - DEBUG - User ID: None
2025-05-03 00:47:21,587 - DEBUG - Received form data: {'departure': 'Алматы', 'destination': 'Тбилиси', 'departure_date': '2025-05-01', 'return_date': '', 'passengers': '2', 'class': 'economy'}
2025-05-03 00:47:21,593 - DEBUG - Request data validated: {'departure': 'Алматы', 'destination': 'Тбилиси', 'departure_date': '2025-05-01', 'return_date': '', 'passengers': '2', 'class': 'economy'}
2025-05-03 00:47:21,593 - DEBUG - Attempting to log search request: {'departure': 'Алматы', 'destination': 'Тбилиси', 'departure_date': '2025-05-01', 'return_date': '', 'passengers': '2', 'class': 'economy'}
2025-05-03 00:47:21,593 - DEBUG - Attempting to connect to database: C:\Apache24\htdocs\logs\flight_search.db
2025-05-03 00:47:21,593 - DEBUG - Connected to database, setting WAL mode
2025-05-03 00:47:21,600 - DEBUG - Journal mode set to: wal
2025-05-03 00:47:52,879 - WARNING - Attempt 1/3 failed to log search request due to: database is locked
2025-05-03 00:47:53,880 - DEBUG - Attempting to connect to database: C:\Apache24\htdocs\logs\flight_search.db
2025-05-03 00:47:53,880 - DEBUG - Connected to database, setting WAL mode
2025-05-03 00:47:53,880 - DEBUG - Journal mode set to: wal
2025-05-03 00:48:25,171 - WARNING - Attempt 2/3 failed to log search request due to: database is locked
2025-05-03 00:48:27,171 - DEBUG - Attempting to connect to database: C:\Apache24\htdocs\logs\flight_search.db
2025-05-03 00:48:27,171 - DEBUG - Connected to database, setting WAL mode
2025-05-03 00:48:27,171 - DEBUG - Journal mode set to: wal
2025-05-03 00:48:56,984 - DEBUG - Starting main execution
2025-05-03 00:48:56,984 - DEBUG - Attempting to get user from session
2025-05-03 00:48:56,984 - DEBUG - User ID: None
2025-05-03 00:48:56,984 - DEBUG - Received form data: {'departure': 'Алматы', 'destination': 'Тбилиси', 'departure_date': '2025-05-01', 'return_date': '', 'passengers': '2', 'class': 'economy'}
2025-05-03 00:48:56,984 - DEBUG - Request data validated: {'departure': 'Алматы', 'destination': 'Тбилиси', 'departure_date': '2025-05-01', 'return_date': '', 'passengers': '2', 'class': 'economy'}
2025-05-03 00:48:56,984 - DEBUG - Attempting to log search request: {'departure': 'Алматы', 'destination': 'Тбилиси', 'departure_date': '2025-05-01', 'return_date': '', 'passengers': '2', 'class': 'economy'}
2025-05-03 00:48:56,984 - DEBUG - Attempting to connect to database: C:\Apache24\htdocs\logs\flight_search.db
2025-05-03 00:48:56,991 - DEBUG - Connected to database, setting WAL mode
2025-05-03 00:48:56,991 - DEBUG - Journal mode set to: wal
2025-05-03 00:48:58,449 - WARNING - Attempt 3/3 failed to log search request due to: database is locked
2025-05-03 00:49:01,258 - DEBUG - Starting main execution
2025-05-03 00:49:01,258 - DEBUG - Attempting to get user from session
2025-05-03 00:49:01,258 - DEBUG - User ID: None
2025-05-03 00:49:01,258 - DEBUG - Received form data: {'departure': 'Алматы', 'destination': 'Тбилиси', 'departure_date': '2025-05-02', 'return_date': '', 'passengers': '2', 'class': 'economy'}
2025-05-03 00:49:01,258 - DEBUG - Request data validated: {'departure': 'Алматы', 'destination': 'Тбилиси', 'departure_date': '2025-05-02', 'return_date': '', 'passengers': '2', 'class': 'economy'}
2025-05-03 00:49:01,258 - DEBUG - Attempting to log search request: {'departure': 'Алматы', 'destination': 'Тбилиси', 'departure_date': '2025-05-02', 'return_date': '', 'passengers': '2', 'class': 'economy'}
2025-05-03 00:49:01,258 - DEBUG - Attempting to connect to database: C:\Apache24\htdocs\logs\flight_search.db
2025-05-03 00:49:01,273 - DEBUG - Connected to database, setting WAL mode
2025-05-03 00:49:01,273 - DEBUG - Journal mode set to: wal
2025-05-03 00:49:02,449 - ERROR - Max retries reached for logging search request. Skipping. Data: {'departure': 'Алматы', 'destination': 'Тбилиси', 'departure_date': '2025-05-01', 'return_date': '', 'passengers': '2', 'class': 'economy'}
2025-05-03 00:49:02,449 - DEBUG - Attempting to log audit: search_flight, {'departure': 'Алматы', 'destination': 'Тбилиси', 'departure_date': '2025-05-01', 'return_date': '', 'passengers': '2', 'class': 'economy'}
2025-05-03 00:49:02,449 - DEBUG - Attempting to connect to database: C:\Apache24\htdocs\logs\flight_search.db
2025-05-03 00:49:02,449 - DEBUG - Connected to database, setting WAL mode
2025-05-03 00:49:02,449 - DEBUG - Journal mode set to: wal
2025-05-03 00:49:29,911 - WARNING - Attempt 1/3 failed to log search request due to: database is locked
2025-05-03 00:49:30,912 - DEBUG - Attempting to connect to database: C:\Apache24\htdocs\logs\flight_search.db
2025-05-03 00:49:30,912 - DEBUG - Connected to database, setting WAL mode
2025-05-03 00:49:30,912 - DEBUG - Journal mode set to: wal
2025-05-03 00:49:34,442 - WARNING - Attempt 1/3 failed to log search request due to: database is locked
2025-05-03 00:49:35,442 - DEBUG - Attempting to connect to database: C:\Apache24\htdocs\logs\flight_search.db
2025-05-03 00:49:35,442 - DEBUG - Connected to database, setting WAL mode
2025-05-03 00:49:35,444 - DEBUG - Journal mode set to: wal
2025-05-03 00:49:36,414 - DEBUG - Starting main execution
2025-05-03 00:49:36,414 - DEBUG - Attempting to get user from session
2025-05-03 00:49:36,414 - DEBUG - User ID: None
2025-05-03 00:49:36,414 - DEBUG - Received form data: {'departure': 'Алматы', 'destination': 'Тбилиси', 'departure_date': '2025-05-01', 'return_date': '', 'passengers': '2', 'class': 'economy'}
2025-05-03 00:49:36,421 - DEBUG - Request data validated: {'departure': 'Алматы', 'destination': 'Тбилиси', 'departure_date': '2025-05-01', 'return_date': '', 'passengers': '2', 'class': 'economy'}
2025-05-03 00:49:36,421 - DEBUG - Attempting to log search request: {'departure': 'Алматы', 'destination': 'Тбилиси', 'departure_date': '2025-05-01', 'return_date': '', 'passengers': '2', 'class': 'economy'}
2025-05-03 00:49:36,421 - DEBUG - Attempting to connect to database: C:\Apache24\htdocs\logs\flight_search.db
2025-05-03 00:49:36,421 - DEBUG - Connected to database, setting WAL mode
2025-05-03 00:49:36,421 - DEBUG - Journal mode set to: wal
2025-05-03 00:50:02,423 - WARNING - Attempt 2/3 failed to log search request due to: database is locked
2025-05-03 00:50:04,424 - DEBUG - Attempting to connect to database: C:\Apache24\htdocs\logs\flight_search.db
2025-05-03 00:50:04,424 - DEBUG - Connected to database, setting WAL mode
2025-05-03 00:50:04,424 - DEBUG - Journal mode set to: wal
2025-05-03 00:50:06,756 - WARNING - Attempt 2/3 failed to log search request due to: database is locked
2025-05-03 00:50:07,700 - WARNING - Attempt 1/3 failed to log search request due to: database is locked
2025-05-03 00:50:08,700 - DEBUG - Attempting to connect to database: C:\Apache24\htdocs\logs\flight_search.db
2025-05-03 00:50:08,700 - DEBUG - Connected to database, setting WAL mode
2025-05-03 00:50:08,700 - DEBUG - Journal mode set to: wal
2025-05-03 00:50:08,757 - DEBUG - Attempting to connect to database: C:\Apache24\htdocs\logs\flight_search.db
2025-05-03 00:50:08,757 - DEBUG - Connected to database, setting WAL mode
2025-05-03 00:50:08,757 - DEBUG - Journal mode set to: wal
2025-05-03 00:50:35,701 - WARNING - Attempt 3/3 failed to log search request due to: database is locked
2025-05-03 00:50:39,702 - ERROR - Max retries reached for logging search request. Skipping. Data: {'departure': 'Алматы', 'destination': 'Тбилиси', 'departure_date': '2025-05-01', 'return_date': '', 'passengers': '2', 'class': 'economy'}
2025-05-03 00:50:39,702 - DEBUG - Attempting to log audit: search_flight, {'departure': 'Алматы', 'destination': 'Тбилиси', 'departure_date': '2025-05-01', 'return_date': '', 'passengers': '2', 'class': 'economy'}
2025-05-03 00:50:39,702 - DEBUG - Attempting to connect to database: C:\Apache24\htdocs\logs\flight_search.db
2025-05-03 00:50:39,702 - DEBUG - Connected to database, setting WAL mode
2025-05-03 00:50:39,702 - DEBUG - Journal mode set to: wal
2025-05-03 00:50:39,992 - WARNING - Attempt 2/3 failed to log search request due to: database is locked
2025-05-03 00:50:40,040 - WARNING - Attempt 3/3 failed to log search request due to: database is locked
2025-05-03 00:50:41,993 - DEBUG - Attempting to connect to database: C:\Apache24\htdocs\logs\flight_search.db
2025-05-03 00:50:41,993 - DEBUG - Connected to database, setting WAL mode
2025-05-03 00:50:41,993 - DEBUG - Journal mode set to: wal
2025-05-03 00:50:44,041 - ERROR - Max retries reached for logging search request. Skipping. Data: {'departure': 'Алматы', 'destination': 'Тбилиси', 'departure_date': '2025-05-02', 'return_date': '', 'passengers': '2', 'class': 'economy'}
2025-05-03 00:50:44,041 - DEBUG - Attempting to log audit: search_flight, {'departure': 'Алматы', 'destination': 'Тбилиси', 'departure_date': '2025-05-02', 'return_date': '', 'passengers': '2', 'class': 'economy'}
2025-05-03 00:50:44,041 - DEBUG - Attempting to connect to database: C:\Apache24\htdocs\logs\flight_search.db
2025-05-03 00:50:44,041 - DEBUG - Connected to database, setting WAL mode
2025-05-03 00:50:44,041 - DEBUG - Journal mode set to: wal
2025-05-03 00:51:14,404 - WARNING - Attempt 3/3 failed to log search request due to: database is locked
2025-05-03 00:51:18,406 - ERROR - Max retries reached for logging search request. Skipping. Data: {'departure': 'Алматы', 'destination': 'Тбилиси', 'departure_date': '2025-05-01', 'return_date': '', 'passengers': '2', 'class': 'economy'}
2025-05-03 00:51:18,406 - DEBUG - Attempting to log audit: search_flight, {'departure': 'Алматы', 'destination': 'Тбилиси', 'departure_date': '2025-05-01', 'return_date': '', 'passengers': '2', 'class': 'economy'}
2025-05-03 00:51:18,406 - DEBUG - Attempting to connect to database: C:\Apache24\htdocs\logs\flight_search.db
2025-05-03 00:51:18,406 - DEBUG - Connected to database, setting WAL mode
2025-05-03 00:51:18,406 - DEBUG - Journal mode set to: wal
2025-05-03 00:57:23,215 - DEBUG - Starting main execution
2025-05-03 00:57:23,216 - DEBUG - Attempting to get user from session
2025-05-03 00:57:23,216 - DEBUG - User ID: None
2025-05-03 00:57:23,216 - DEBUG - Received form data: {'departure': 'Алматы', 'destination': 'Тбилиси', 'departure_date': '2025-05-01', 'return_date': '', 'passengers': '1', 'class': 'economy'}
2025-05-03 00:57:23,219 - DEBUG - Request data validated: {'departure': 'Алматы', 'destination': 'Тбилиси', 'departure_date': '2025-05-01', 'return_date': '', 'passengers': '1', 'class': 'economy'}
2025-05-03 00:57:23,219 - DEBUG - Attempting to log search request: {'departure': 'Алматы', 'destination': 'Тбилиси', 'departure_date': '2025-05-01', 'return_date': '', 'passengers': '1', 'class': 'economy'}
2025-05-03 00:57:23,219 - DEBUG - Attempting to connect to database: C:\Apache24\htdocs\logs\flight_search.db
2025-05-03 00:57:23,220 - DEBUG - Connected to database, setting WAL mode
2025-05-03 00:57:23,220 - DEBUG - Journal mode set to: wal
2025-05-03 00:57:55,746 - WARNING - Attempt 1/2 failed to log search request due to: database is locked
2025-05-03 00:57:56,747 - DEBUG - Attempting to connect to database: C:\Apache24\htdocs\logs\flight_search.db
2025-05-03 00:57:56,748 - DEBUG - Connected to database, setting WAL mode
2025-05-03 00:57:56,748 - DEBUG - Journal mode set to: wal
2025-05-03 00:58:02,193 - DEBUG - Starting main execution
2025-05-03 00:58:02,193 - DEBUG - Attempting to get user from session
2025-05-03 00:58:02,193 - DEBUG - User ID: None
2025-05-03 00:58:02,194 - DEBUG - Received form data: {'departure': 'Алматы', 'destination': 'Тбилиси', 'departure_date': '2025-05-01', 'return_date': '', 'passengers': '2', 'class': 'economy'}
2025-05-03 00:58:02,198 - DEBUG - Request data validated: {'departure': 'Алматы', 'destination': 'Тбилиси', 'departure_date': '2025-05-01', 'return_date': '', 'passengers': '2', 'class': 'economy'}
2025-05-03 00:58:02,198 - DEBUG - Attempting to log search request: {'departure': 'Алматы', 'destination': 'Тбилиси', 'departure_date': '2025-05-01', 'return_date': '', 'passengers': '2', 'class': 'economy'}
2025-05-03 00:58:02,198 - DEBUG - Attempting to connect to database: C:\Apache24\htdocs\logs\flight_search.db
2025-05-03 00:58:02,198 - DEBUG - Connected to database, setting WAL mode
2025-05-03 00:58:02,198 - DEBUG - Journal mode set to: wal
2025-05-03 00:58:03,451 - DEBUG - Starting main execution
2025-05-03 00:58:03,451 - DEBUG - Attempting to get user from session
2025-05-03 00:58:03,451 - DEBUG - User ID: None
2025-05-03 00:58:03,451 - DEBUG - Received form data: {'departure': 'Алматы', 'destination': 'Тбилиси', 'departure_date': '2025-05-01', 'return_date': '', 'passengers': '2', 'class': 'economy'}
2025-05-03 00:58:03,455 - DEBUG - Request data validated: {'departure': 'Алматы', 'destination': 'Тбилиси', 'departure_date': '2025-05-01', 'return_date': '', 'passengers': '2', 'class': 'economy'}
2025-05-03 00:58:03,455 - DEBUG - Attempting to log search request: {'departure': 'Алматы', 'destination': 'Тбилиси', 'departure_date': '2025-05-01', 'return_date': '', 'passengers': '2', 'class': 'economy'}
2025-05-03 00:58:03,455 - DEBUG - Attempting to connect to database: C:\Apache24\htdocs\logs\flight_search.db
2025-05-03 00:58:03,455 - DEBUG - Connected to database, setting WAL mode
2025-05-03 00:58:03,456 - DEBUG - Journal mode set to: wal
2025-05-03 00:58:29,195 - WARNING - Attempt 2/2 failed to log search request due to: database is locked
2025-05-03 00:58:30,195 - ERROR - Max retries reached for logging search request. Skipping. Data: {'departure': 'Алматы', 'destination': 'Тбилиси', 'departure_date': '2025-05-01', 'return_date': '', 'passengers': '1', 'class': 'economy'}
2025-05-03 00:58:30,196 - DEBUG - Attempting to log audit: search_flight, {'departure': 'Алматы', 'destination': 'Тбилиси', 'departure_date': '2025-05-01', 'return_date': '', 'passengers': '1', 'class': 'economy'}
2025-05-03 00:58:30,196 - DEBUG - Attempting to connect to database: C:\Apache24\htdocs\logs\flight_search.db
2025-05-03 00:58:30,196 - DEBUG - Connected to database, setting WAL mode
2025-05-03 00:58:30,196 - DEBUG - Journal mode set to: wal
2025-05-03 00:58:34,671 - WARNING - Attempt 1/2 failed to log search request due to: database is locked
2025-05-03 00:58:35,672 - DEBUG - Attempting to connect to database: C:\Apache24\htdocs\logs\flight_search.db
2025-05-03 00:58:35,673 - DEBUG - Connected to database, setting WAL mode
2025-05-03 00:58:35,673 - DEBUG - Journal mode set to: wal
2025-05-03 00:58:35,954 - WARNING - Attempt 1/2 failed to log search request due to: database is locked
2025-05-03 00:58:36,955 - DEBUG - Attempting to connect to database: C:\Apache24\htdocs\logs\flight_search.db
2025-05-03 00:58:36,956 - DEBUG - Connected to database, setting WAL mode
2025-05-03 00:58:36,958 - DEBUG - Journal mode set to: wal
2025-05-03 00:59:02,703 - WARNING - Attempt 1/2 failed to log audit due to: database is locked
2025-05-03 00:59:03,704 - DEBUG - Attempting to connect to database: C:\Apache24\htdocs\logs\flight_search.db
2025-05-03 00:59:03,704 - DEBUG - Connected to database, setting WAL mode
2025-05-03 00:59:03,704 - DEBUG - Journal mode set to: wal
2025-05-03 00:59:08,264 - WARNING - Attempt 2/2 failed to log search request due to: database is locked
2025-05-03 00:59:09,264 - ERROR - Max retries reached for logging search request. Skipping. Data: {'departure': 'Алматы', 'destination': 'Тбилиси', 'departure_date': '2025-05-01', 'return_date': '', 'passengers': '2', 'class': 'economy'}
2025-05-03 00:59:09,264 - DEBUG - Attempting to log audit: search_flight, {'departure': 'Алматы', 'destination': 'Тбилиси', 'departure_date': '2025-05-01', 'return_date': '', 'passengers': '2', 'class': 'economy'}
2025-05-03 00:59:09,264 - DEBUG - Attempting to connect to database: C:\Apache24\htdocs\logs\flight_search.db
2025-05-03 00:59:09,265 - DEBUG - Connected to database, setting WAL mode
2025-05-03 00:59:09,265 - DEBUG - Journal mode set to: wal
2025-05-03 00:59:09,518 - WARNING - Attempt 2/2 failed to log search request due to: database is locked
2025-05-03 00:59:10,519 - ERROR - Max retries reached for logging search request. Skipping. Data: {'departure': 'Алматы', 'destination': 'Тбилиси', 'departure_date': '2025-05-01', 'return_date': '', 'passengers': '2', 'class': 'economy'}
2025-05-03 00:59:10,519 - DEBUG - Attempting to log audit: search_flight, {'departure': 'Алматы', 'destination': 'Тбилиси', 'departure_date': '2025-05-01', 'return_date': '', 'passengers': '2', 'class': 'economy'}
2025-05-03 00:59:10,519 - DEBUG - Attempting to connect to database: C:\Apache24\htdocs\logs\flight_search.db
2025-05-03 00:59:10,519 - DEBUG - Connected to database, setting WAL mode
2025-05-03 00:59:10,519 - DEBUG - Journal mode set to: wal
2025-05-03 00:59:41,849 - WARNING - Attempt 1/2 failed to log audit due to: database is locked
2025-05-03 00:59:42,850 - DEBUG - Attempting to connect to database: C:\Apache24\htdocs\logs\flight_search.db
2025-05-03 00:59:42,850 - DEBUG - Connected to database, setting WAL mode
2025-05-03 00:59:42,850 - DEBUG - Journal mode set to: wal
2025-05-03 00:59:43,025 - WARNING - Attempt 1/2 failed to log audit due to: database is locked
2025-05-03 00:59:44,025 - DEBUG - Attempting to connect to database: C:\Apache24\htdocs\logs\flight_search.db
2025-05-03 00:59:44,026 - DEBUG - Connected to database, setting WAL mode
2025-05-03 00:59:44,026 - DEBUG - Journal mode set to: wal
2025-05-03 01:00:51,997 - DEBUG - Starting main execution
2025-05-03 01:00:51,997 - DEBUG - Attempting to get user from session
2025-05-03 01:00:51,997 - DEBUG - User ID: None
2025-05-03 01:00:51,997 - DEBUG - Received form data: {'departure': 'Алматы', 'destination': 'Тбилиси', 'departure_date': '2025-05-01', 'return_date': '', 'passengers': '2', 'class': 'economy'}
2025-05-03 01:00:52,005 - DEBUG - Request data validated: {'departure': 'Алматы', 'destination': 'Тбилиси', 'departure_date': '2025-05-01', 'return_date': '', 'passengers': '2', 'class': 'economy'}
2025-05-03 01:00:52,005 - DEBUG - Attempting to log search request: {'departure': 'Алматы', 'destination': 'Тбилиси', 'departure_date': '2025-05-01', 'return_date': '', 'passengers': '2', 'class': 'economy'}
2025-05-03 01:00:52,005 - DEBUG - Attempting to connect to database: C:\Apache24\htdocs\logs\flight_search.db
2025-05-03 01:00:52,005 - DEBUG - Connected to database, setting WAL mode
2025-05-03 01:00:52,006 - DEBUG - Journal mode set to: wal
2025-05-03 01:01:24,318 - WARNING - Attempt 1/3 failed to log search request due to: database is locked
2025-05-03 01:01:25,319 - DEBUG - Attempting to connect to database: C:\Apache24\htdocs\logs\flight_search.db
2025-05-03 01:01:25,319 - DEBUG - Connected to database, setting WAL mode
2025-05-03 01:01:25,319 - DEBUG - Journal mode set to: wal
2025-05-03 01:01:57,762 - WARNING - Attempt 2/3 failed to log search request due to: database is locked
2025-05-03 01:01:59,763 - DEBUG - Attempting to connect to database: C:\Apache24\htdocs\logs\flight_search.db
2025-05-03 01:01:59,763 - DEBUG - Connected to database, setting WAL mode
2025-05-03 01:01:59,763 - DEBUG - Journal mode set to: wal
2025-05-03 01:02:32,238 - WARNING - Attempt 3/3 failed to log search request due to: database is locked
2025-05-03 01:02:36,238 - ERROR - Max retries reached for logging search request. Skipping. Data: {'departure': 'Алматы', 'destination': 'Тбилиси', 'departure_date': '2025-05-01', 'return_date': '', 'passengers': '2', 'class': 'economy'}
2025-05-03 01:02:36,238 - DEBUG - Attempting to log audit: search_flight, {'departure': 'Алматы', 'destination': 'Тбилиси', 'departure_date': '2025-05-01', 'return_date': '', 'passengers': '2', 'class': 'economy'}
2025-05-03 01:02:36,239 - DEBUG - Attempting to connect to database: C:\Apache24\htdocs\logs\flight_search.db
2025-05-03 01:02:36,239 - DEBUG - Connected to database, setting WAL mode
2025-05-03 01:02:36,239 - DEBUG - Journal mode set to: wal
2025-05-03 01:04:59,454 - DEBUG - Starting main execution
2025-05-03 01:04:59,454 - DEBUG - Attempting to get user from session
2025-05-03 01:04:59,454 - DEBUG - User ID: None
2025-05-03 01:04:59,454 - DEBUG - Received form data: {'departure': 'Алматы', 'destination': 'Тбилиси', 'departure_date': '2025-05-01', 'return_date': '', 'passengers': '2', 'class': 'economy'}
2025-05-03 01:04:59,459 - DEBUG - Request data validated: {'departure': 'Алматы', 'destination': 'Тбилиси', 'departure_date': '2025-05-01', 'return_date': '', 'passengers': '2', 'class': 'economy'}
2025-05-03 01:04:59,459 - DEBUG - Attempting to log search request: {'departure': 'Алматы', 'destination': 'Тбилиси', 'departure_date': '2025-05-01', 'return_date': '', 'passengers': '2', 'class': 'economy'}
2025-05-03 01:04:59,459 - DEBUG - Attempting to connect to database: C:\Apache24\htdocs\logs\flight_search.db
2025-05-03 01:04:59,459 - DEBUG - Connected to database, setting WAL mode
2025-05-03 01:04:59,460 - DEBUG - Journal mode set to: wal
2025-05-03 01:05:31,987 - WARNING - Attempt 1/3 failed to log search request due to: database is locked
2025-05-03 01:05:32,989 - DEBUG - Attempting to connect to database: C:\Apache24\htdocs\logs\flight_search.db
2025-05-03 01:05:32,989 - DEBUG - Connected to database, setting WAL mode
2025-05-03 01:05:32,991 - DEBUG - Journal mode set to: wal
2025-05-03 01:06:05,529 - WARNING - Attempt 2/3 failed to log search request due to: database is locked
2025-05-03 01:06:07,529 - DEBUG - Attempting to connect to database: C:\Apache24\htdocs\logs\flight_search.db
2025-05-03 01:06:07,530 - DEBUG - Connected to database, setting WAL mode
2025-05-03 01:06:07,530 - DEBUG - Journal mode set to: wal
2025-05-03 01:06:39,896 - WARNING - Attempt 3/3 failed to log search request due to: database is locked
2025-05-03 01:06:43,897 - ERROR - Max retries reached for logging search request. Skipping. Data: {'departure': 'Алматы', 'destination': 'Тбилиси', 'departure_date': '2025-05-01', 'return_date': '', 'passengers': '2', 'class': 'economy'}
2025-05-03 01:06:43,897 - DEBUG - Attempting to log audit: search_flight, {'departure': 'Алматы', 'destination': 'Тбилиси', 'departure_date': '2025-05-01', 'return_date': '', 'passengers': '2', 'class': 'economy'}
2025-05-03 01:06:43,897 - DEBUG - Attempting to connect to database: C:\Apache24\htdocs\logs\flight_search.db
2025-05-03 01:06:43,897 - DEBUG - Connected to database, setting WAL mode
2025-05-03 01:06:43,898 - DEBUG - Journal mode set to: wal
2025-05-03 01:07:29,401 - DEBUG - Starting main execution
2025-05-03 01:07:29,401 - DEBUG - Attempting to get user from session
2025-05-03 01:07:29,401 - DEBUG - User ID: None
2025-05-03 01:07:29,401 - DEBUG - Received form data: {'departure': 'Алматы', 'destination': 'Тбилиси', 'departure_date': '2025-05-01', 'return_date': '', 'passengers': '2', 'class': 'economy'}
2025-05-03 01:07:29,405 - DEBUG - Request data validated: {'departure': 'Алматы', 'destination': 'Тбилиси', 'departure_date': '2025-05-01', 'return_date': '', 'passengers': '2', 'class': 'economy'}
2025-05-03 01:07:29,405 - DEBUG - Attempting to log search request: {'departure': 'Алматы', 'destination': 'Тбилиси', 'departure_date': '2025-05-01', 'return_date': '', 'passengers': '2', 'class': 'economy'}
2025-05-03 01:07:29,405 - DEBUG - Attempting to connect to database: C:\Apache24\htdocs\logs\flight_search.db
2025-05-03 01:07:29,405 - DEBUG - Connected to database, setting WAL mode
2025-05-03 01:07:29,406 - DEBUG - Journal mode set to: wal
2025-05-03 01:08:01,894 - WARNING - Attempt 1/3 failed to log search request due to: database is locked
2025-05-03 01:08:02,895 - DEBUG - Attempting to connect to database: C:\Apache24\htdocs\logs\flight_search.db
2025-05-03 01:08:02,896 - DEBUG - Connected to database, setting WAL mode
2025-05-03 01:08:02,896 - DEBUG - Journal mode set to: wal
2025-05-03 01:08:35,132 - WARNING - Attempt 2/3 failed to log search request due to: database is locked
2025-05-03 01:08:37,133 - DEBUG - Attempting to connect to database: C:\Apache24\htdocs\logs\flight_search.db
2025-05-03 01:08:37,134 - DEBUG - Connected to database, setting WAL mode
2025-05-03 01:08:37,134 - DEBUG - Journal mode set to: wal
2025-05-03 01:09:09,603 - WARNING - Attempt 3/3 failed to log search request due to: database is locked
2025-05-03 01:09:13,603 - ERROR - Max retries reached for logging search request. Skipping. Data: {'departure': 'Алматы', 'destination': 'Тбилиси', 'departure_date': '2025-05-01', 'return_date': '', 'passengers': '2', 'class': 'economy'}
2025-05-03 01:09:13,603 - DEBUG - Attempting to log audit: search_flight, {'departure': 'Алматы', 'destination': 'Тбилиси', 'departure_date': '2025-05-01', 'return_date': '', 'passengers': '2', 'class': 'economy'}
2025-05-03 01:09:13,603 - DEBUG - Attempting to connect to database: C:\Apache24\htdocs\logs\flight_search.db
2025-05-03 01:09:13,604 - DEBUG - Connected to database, setting WAL mode
2025-05-03 01:09:13,604 - DEBUG - Journal mode set to: wal
2025-05-03 01:17:26,922 - DEBUG - Starting main execution
2025-05-03 01:17:26,922 - DEBUG - Attempting to get user from session
2025-05-03 01:17:26,922 - DEBUG - User ID: None
2025-05-03 01:17:26,922 - DEBUG - Received form data: {'departure': 'Алматы', 'destination': 'Тбилиси', 'departure_date': '2025-05-01', 'return_date': '', 'passengers': '2', 'class': 'economy'}
2025-05-03 01:17:26,928 - DEBUG - Request data validated: {'departure': 'Алматы', 'destination': 'Тбилиси', 'departure_date': '2025-05-01', 'return_date': '', 'passengers': '2', 'class': 'economy'}
2025-05-03 01:17:26,928 - DEBUG - Attempting to log search request: {'departure': 'Алматы', 'destination': 'Тбилиси', 'departure_date': '2025-05-01', 'return_date': '', 'passengers': '2', 'class': 'economy'}
2025-05-03 01:17:26,928 - DEBUG - Attempting to connect to database: C:\Apache24\htdocs\logs\flight_search.db
2025-05-03 01:17:26,928 - DEBUG - Connected to database, setting WAL mode
2025-05-03 01:17:26,928 - ERROR - Exception occurred: database is locked
Full traceback: Traceback (most recent call last):
  File "C:\Apache24\cgi-bin\search_flights.py", line 221, in main
    log_search_request(request_data)
  File "C:\Apache24\cgi-bin\search_flights.py", line 51, in log_search_request
    conn = get_db_connection()
           ^^^^^^^^^^^^^^^^^^^
  File "C:\Apache24\cgi-bin\search_flights.py", line 30, in get_db_connection
    conn.execute('PRAGMA journal_mode=WAL;')  # Enable WAL mode
    ^^^^^^^^^^^^^^^^^^^^^^^^^^^^^^^^^^^^^^^^
sqlite3.OperationalError: database is locked

2025-05-03 01:17:27,664 - DEBUG - Starting main execution
2025-05-03 01:17:27,664 - DEBUG - Attempting to get user from session
2025-05-03 01:17:27,664 - DEBUG - User ID: None
2025-05-03 01:17:27,664 - DEBUG - Received form data: {'departure': 'Алматы', 'destination': 'Тбилиси', 'departure_date': '2025-05-01', 'return_date': '', 'passengers': '2', 'class': 'economy'}
2025-05-03 01:17:27,671 - DEBUG - Request data validated: {'departure': 'Алматы', 'destination': 'Тбилиси', 'departure_date': '2025-05-01', 'return_date': '', 'passengers': '2', 'class': 'economy'}
2025-05-03 01:17:27,671 - DEBUG - Attempting to log search request: {'departure': 'Алматы', 'destination': 'Тбилиси', 'departure_date': '2025-05-01', 'return_date': '', 'passengers': '2', 'class': 'economy'}
2025-05-03 01:17:27,671 - DEBUG - Attempting to connect to database: C:\Apache24\htdocs\logs\flight_search.db
2025-05-03 01:17:27,671 - DEBUG - Connected to database, setting WAL mode
2025-05-03 01:17:27,671 - ERROR - Exception occurred: database is locked
Full traceback: Traceback (most recent call last):
  File "C:\Apache24\cgi-bin\search_flights.py", line 221, in main
    log_search_request(request_data)
  File "C:\Apache24\cgi-bin\search_flights.py", line 51, in log_search_request
    conn = get_db_connection()
           ^^^^^^^^^^^^^^^^^^^
  File "C:\Apache24\cgi-bin\search_flights.py", line 30, in get_db_connection
    conn.execute('PRAGMA journal_mode=WAL;')  # Enable WAL mode
    ^^^^^^^^^^^^^^^^^^^^^^^^^^^^^^^^^^^^^^^^
sqlite3.OperationalError: database is locked

2025-05-03 01:17:28,123 - DEBUG - Starting main execution
2025-05-03 01:17:28,123 - DEBUG - Attempting to get user from session
2025-05-03 01:17:28,123 - DEBUG - User ID: None
2025-05-03 01:17:28,123 - DEBUG - Received form data: {'departure': 'Алматы', 'destination': 'Тбилиси', 'departure_date': '2025-05-01', 'return_date': '', 'passengers': '2', 'class': 'economy'}
2025-05-03 01:17:28,129 - DEBUG - Request data validated: {'departure': 'Алматы', 'destination': 'Тбилиси', 'departure_date': '2025-05-01', 'return_date': '', 'passengers': '2', 'class': 'economy'}
2025-05-03 01:17:28,129 - DEBUG - Attempting to log search request: {'departure': 'Алматы', 'destination': 'Тбилиси', 'departure_date': '2025-05-01', 'return_date': '', 'passengers': '2', 'class': 'economy'}
2025-05-03 01:17:28,129 - DEBUG - Attempting to connect to database: C:\Apache24\htdocs\logs\flight_search.db
2025-05-03 01:17:28,129 - DEBUG - Connected to database, setting WAL mode
2025-05-03 01:17:28,129 - ERROR - Exception occurred: database is locked
Full traceback: Traceback (most recent call last):
  File "C:\Apache24\cgi-bin\search_flights.py", line 221, in main
    log_search_request(request_data)
  File "C:\Apache24\cgi-bin\search_flights.py", line 51, in log_search_request
    conn = get_db_connection()
           ^^^^^^^^^^^^^^^^^^^
  File "C:\Apache24\cgi-bin\search_flights.py", line 30, in get_db_connection
    conn.execute('PRAGMA journal_mode=WAL;')  # Enable WAL mode
    ^^^^^^^^^^^^^^^^^^^^^^^^^^^^^^^^^^^^^^^^
sqlite3.OperationalError: database is locked

2025-05-03 01:18:33,019 - DEBUG - Starting main execution
2025-05-03 01:18:33,019 - DEBUG - Attempting to get user from session
2025-05-03 01:18:33,019 - DEBUG - User ID: None
2025-05-03 01:18:33,019 - DEBUG - Received form data: {'departure': 'Алматы', 'destination': 'Тбилиси', 'departure_date': '2025-05-01', 'return_date': '', 'passengers': '2', 'class': 'economy'}
2025-05-03 01:18:33,019 - DEBUG - Request data validated: {'departure': 'Алматы', 'destination': 'Тбилиси', 'departure_date': '2025-05-01', 'return_date': '', 'passengers': '2', 'class': 'economy'}
2025-05-03 01:18:33,019 - DEBUG - Attempting to log search request: {'departure': 'Алматы', 'destination': 'Тбилиси', 'departure_date': '2025-05-01', 'return_date': '', 'passengers': '2', 'class': 'economy'}
2025-05-03 01:18:33,019 - DEBUG - Attempting to connect to database: C:\Apache24\htdocs\logs\flight_search.db
2025-05-03 01:18:33,026 - DEBUG - Connected to database, setting WAL mode
2025-05-03 01:18:33,029 - ERROR - Exception occurred: database is locked
Full traceback: Traceback (most recent call last):
  File "C:\Apache24\cgi-bin\search_flights.py", line 231, in main
    log_search_request(request_data)
  File "C:\Apache24\cgi-bin\search_flights.py", line 51, in log_search_request
    conn = get_db_connection()
           ^^^^^^^^^^^^^^^^^^^
  File "C:\Apache24\cgi-bin\search_flights.py", line 30, in get_db_connection
    conn.execute('PRAGMA journal_mode=WAL;')
sqlite3.OperationalError: database is locked

2025-05-03 01:18:33,727 - DEBUG - Starting main execution
2025-05-03 01:18:33,727 - DEBUG - Attempting to get user from session
2025-05-03 01:18:33,727 - DEBUG - User ID: None
2025-05-03 01:18:33,727 - DEBUG - Received form data: {'departure': 'Алматы', 'destination': 'Тбилиси', 'departure_date': '2025-05-01', 'return_date': '', 'passengers': '2', 'class': 'economy'}
2025-05-03 01:18:33,727 - DEBUG - Request data validated: {'departure': 'Алматы', 'destination': 'Тбилиси', 'departure_date': '2025-05-01', 'return_date': '', 'passengers': '2', 'class': 'economy'}
2025-05-03 01:18:33,727 - DEBUG - Attempting to log search request: {'departure': 'Алматы', 'destination': 'Тбилиси', 'departure_date': '2025-05-01', 'return_date': '', 'passengers': '2', 'class': 'economy'}
2025-05-03 01:18:33,727 - DEBUG - Attempting to connect to database: C:\Apache24\htdocs\logs\flight_search.db
2025-05-03 01:18:33,727 - DEBUG - Connected to database, setting WAL mode
2025-05-03 01:18:33,734 - ERROR - Exception occurred: database is locked
Full traceback: Traceback (most recent call last):
  File "C:\Apache24\cgi-bin\search_flights.py", line 231, in main
    log_search_request(request_data)
  File "C:\Apache24\cgi-bin\search_flights.py", line 51, in log_search_request
    conn = get_db_connection()
           ^^^^^^^^^^^^^^^^^^^
  File "C:\Apache24\cgi-bin\search_flights.py", line 30, in get_db_connection
    conn.execute('PRAGMA journal_mode=WAL;')
sqlite3.OperationalError: database is locked

2025-05-03 01:18:33,908 - DEBUG - Starting main execution
2025-05-03 01:18:33,908 - DEBUG - Attempting to get user from session
2025-05-03 01:18:33,908 - DEBUG - User ID: None
2025-05-03 01:18:33,908 - DEBUG - Received form data: {'departure': 'Алматы', 'destination': 'Тбилиси', 'departure_date': '2025-05-01', 'return_date': '', 'passengers': '2', 'class': 'economy'}
2025-05-03 01:18:33,908 - DEBUG - Request data validated: {'departure': 'Алматы', 'destination': 'Тбилиси', 'departure_date': '2025-05-01', 'return_date': '', 'passengers': '2', 'class': 'economy'}
2025-05-03 01:18:33,908 - DEBUG - Attempting to log search request: {'departure': 'Алматы', 'destination': 'Тбилиси', 'departure_date': '2025-05-01', 'return_date': '', 'passengers': '2', 'class': 'economy'}
2025-05-03 01:18:33,908 - DEBUG - Attempting to connect to database: C:\Apache24\htdocs\logs\flight_search.db
2025-05-03 01:18:33,914 - DEBUG - Connected to database, setting WAL mode
2025-05-03 01:18:33,914 - ERROR - Exception occurred: database is locked
Full traceback: Traceback (most recent call last):
  File "C:\Apache24\cgi-bin\search_flights.py", line 231, in main
    log_search_request(request_data)
  File "C:\Apache24\cgi-bin\search_flights.py", line 51, in log_search_request
    conn = get_db_connection()
           ^^^^^^^^^^^^^^^^^^^
  File "C:\Apache24\cgi-bin\search_flights.py", line 30, in get_db_connection
    conn.execute('PRAGMA journal_mode=WAL;')
sqlite3.OperationalError: database is locked

2025-05-03 01:18:34,151 - DEBUG - Starting main execution
2025-05-03 01:18:34,151 - DEBUG - Attempting to get user from session
2025-05-03 01:18:34,151 - DEBUG - User ID: None
2025-05-03 01:18:34,151 - DEBUG - Received form data: {'departure': 'Алматы', 'destination': 'Тбилиси', 'departure_date': '2025-05-01', 'return_date': '', 'passengers': '2', 'class': 'economy'}
2025-05-03 01:18:34,151 - DEBUG - Request data validated: {'departure': 'Алматы', 'destination': 'Тбилиси', 'departure_date': '2025-05-01', 'return_date': '', 'passengers': '2', 'class': 'economy'}
2025-05-03 01:18:34,151 - DEBUG - Attempting to log search request: {'departure': 'Алматы', 'destination': 'Тбилиси', 'departure_date': '2025-05-01', 'return_date': '', 'passengers': '2', 'class': 'economy'}
2025-05-03 01:18:34,151 - DEBUG - Attempting to connect to database: C:\Apache24\htdocs\logs\flight_search.db
2025-05-03 01:18:34,151 - DEBUG - Connected to database, setting WAL mode
2025-05-03 01:18:34,158 - ERROR - Exception occurred: database is locked
Full traceback: Traceback (most recent call last):
  File "C:\Apache24\cgi-bin\search_flights.py", line 231, in main
    log_search_request(request_data)
  File "C:\Apache24\cgi-bin\search_flights.py", line 51, in log_search_request
    conn = get_db_connection()
           ^^^^^^^^^^^^^^^^^^^
  File "C:\Apache24\cgi-bin\search_flights.py", line 30, in get_db_connection
    conn.execute('PRAGMA journal_mode=WAL;')
sqlite3.OperationalError: database is locked

2025-05-03 01:18:34,317 - DEBUG - Starting main execution
2025-05-03 01:18:34,317 - DEBUG - Attempting to get user from session
2025-05-03 01:18:34,317 - DEBUG - User ID: None
2025-05-03 01:18:34,317 - DEBUG - Received form data: {'departure': 'Алматы', 'destination': 'Тбилиси', 'departure_date': '2025-05-01', 'return_date': '', 'passengers': '2', 'class': 'economy'}
2025-05-03 01:18:34,317 - DEBUG - Request data validated: {'departure': 'Алматы', 'destination': 'Тбилиси', 'departure_date': '2025-05-01', 'return_date': '', 'passengers': '2', 'class': 'economy'}
2025-05-03 01:18:34,317 - DEBUG - Attempting to log search request: {'departure': 'Алматы', 'destination': 'Тбилиси', 'departure_date': '2025-05-01', 'return_date': '', 'passengers': '2', 'class': 'economy'}
2025-05-03 01:18:34,317 - DEBUG - Attempting to connect to database: C:\Apache24\htdocs\logs\flight_search.db
2025-05-03 01:18:34,324 - DEBUG - Connected to database, setting WAL mode
2025-05-03 01:18:34,324 - ERROR - Exception occurred: database is locked
Full traceback: Traceback (most recent call last):
  File "C:\Apache24\cgi-bin\search_flights.py", line 231, in main
    log_search_request(request_data)
  File "C:\Apache24\cgi-bin\search_flights.py", line 51, in log_search_request
    conn = get_db_connection()
           ^^^^^^^^^^^^^^^^^^^
  File "C:\Apache24\cgi-bin\search_flights.py", line 30, in get_db_connection
    conn.execute('PRAGMA journal_mode=WAL;')
sqlite3.OperationalError: database is locked

2025-05-03 01:18:34,498 - DEBUG - Starting main execution
2025-05-03 01:18:34,498 - DEBUG - Attempting to get user from session
2025-05-03 01:18:34,498 - DEBUG - User ID: None
2025-05-03 01:18:34,498 - DEBUG - Received form data: {'departure': 'Алматы', 'destination': 'Тбилиси', 'departure_date': '2025-05-01', 'return_date': '', 'passengers': '2', 'class': 'economy'}
2025-05-03 01:18:34,498 - DEBUG - Request data validated: {'departure': 'Алматы', 'destination': 'Тбилиси', 'departure_date': '2025-05-01', 'return_date': '', 'passengers': '2', 'class': 'economy'}
2025-05-03 01:18:34,498 - DEBUG - Attempting to log search request: {'departure': 'Алматы', 'destination': 'Тбилиси', 'departure_date': '2025-05-01', 'return_date': '', 'passengers': '2', 'class': 'economy'}
2025-05-03 01:18:34,498 - DEBUG - Attempting to connect to database: C:\Apache24\htdocs\logs\flight_search.db
2025-05-03 01:18:34,498 - DEBUG - Connected to database, setting WAL mode
2025-05-03 01:18:34,505 - ERROR - Exception occurred: database is locked
Full traceback: Traceback (most recent call last):
  File "C:\Apache24\cgi-bin\search_flights.py", line 231, in main
    log_search_request(request_data)
  File "C:\Apache24\cgi-bin\search_flights.py", line 51, in log_search_request
    conn = get_db_connection()
           ^^^^^^^^^^^^^^^^^^^
  File "C:\Apache24\cgi-bin\search_flights.py", line 30, in get_db_connection
    conn.execute('PRAGMA journal_mode=WAL;')
sqlite3.OperationalError: database is locked

2025-05-03 01:18:34,699 - DEBUG - Starting main execution
2025-05-03 01:18:34,699 - DEBUG - Attempting to get user from session
2025-05-03 01:18:34,699 - DEBUG - User ID: None
2025-05-03 01:18:34,699 - DEBUG - Received form data: {'departure': 'Алматы', 'destination': 'Тбилиси', 'departure_date': '2025-05-01', 'return_date': '', 'passengers': '2', 'class': 'economy'}
2025-05-03 01:18:34,706 - DEBUG - Request data validated: {'departure': 'Алматы', 'destination': 'Тбилиси', 'departure_date': '2025-05-01', 'return_date': '', 'passengers': '2', 'class': 'economy'}
2025-05-03 01:18:34,706 - DEBUG - Attempting to log search request: {'departure': 'Алматы', 'destination': 'Тбилиси', 'departure_date': '2025-05-01', 'return_date': '', 'passengers': '2', 'class': 'economy'}
2025-05-03 01:18:34,706 - DEBUG - Attempting to connect to database: C:\Apache24\htdocs\logs\flight_search.db
2025-05-03 01:18:34,706 - DEBUG - Connected to database, setting WAL mode
2025-05-03 01:18:34,706 - ERROR - Exception occurred: database is locked
Full traceback: Traceback (most recent call last):
  File "C:\Apache24\cgi-bin\search_flights.py", line 231, in main
    log_search_request(request_data)
  File "C:\Apache24\cgi-bin\search_flights.py", line 51, in log_search_request
    conn = get_db_connection()
           ^^^^^^^^^^^^^^^^^^^
  File "C:\Apache24\cgi-bin\search_flights.py", line 30, in get_db_connection
    conn.execute('PRAGMA journal_mode=WAL;')
sqlite3.OperationalError: database is locked

2025-05-03 01:18:35,088 - DEBUG - Starting main execution
2025-05-03 01:18:35,088 - DEBUG - Attempting to get user from session
2025-05-03 01:18:35,088 - DEBUG - User ID: None
2025-05-03 01:18:35,088 - DEBUG - Received form data: {'departure': 'Алматы', 'destination': 'Тбилиси', 'departure_date': '2025-05-01', 'return_date': '', 'passengers': '2', 'class': 'economy'}
2025-05-03 01:18:35,098 - DEBUG - Request data validated: {'departure': 'Алматы', 'destination': 'Тбилиси', 'departure_date': '2025-05-01', 'return_date': '', 'passengers': '2', 'class': 'economy'}
2025-05-03 01:18:35,098 - DEBUG - Attempting to log search request: {'departure': 'Алматы', 'destination': 'Тбилиси', 'departure_date': '2025-05-01', 'return_date': '', 'passengers': '2', 'class': 'economy'}
2025-05-03 01:18:35,098 - DEBUG - Attempting to connect to database: C:\Apache24\htdocs\logs\flight_search.db
2025-05-03 01:18:35,098 - DEBUG - Connected to database, setting WAL mode
2025-05-03 01:18:35,098 - ERROR - Exception occurred: database is locked
Full traceback: Traceback (most recent call last):
  File "C:\Apache24\cgi-bin\search_flights.py", line 231, in main
    log_search_request(request_data)
  File "C:\Apache24\cgi-bin\search_flights.py", line 51, in log_search_request
    conn = get_db_connection()
           ^^^^^^^^^^^^^^^^^^^
  File "C:\Apache24\cgi-bin\search_flights.py", line 30, in get_db_connection
    conn.execute('PRAGMA journal_mode=WAL;')
sqlite3.OperationalError: database is locked

2025-05-03 01:25:06,852 - DEBUG - Starting main execution
2025-05-03 01:25:06,852 - DEBUG - Attempting to get user from session
2025-05-03 01:25:06,852 - DEBUG - User ID: None
2025-05-03 01:25:06,852 - DEBUG - Received form data: {'departure': 'Алматы', 'destination': 'Тбилиси', 'departure_date': '2025-05-01', 'return_date': '', 'passengers': '2', 'class': 'economy'}
2025-05-03 01:25:06,852 - DEBUG - Request data validated: {'departure': 'Алматы', 'destination': 'Тбилиси', 'departure_date': '2025-05-01', 'return_date': '', 'passengers': '2', 'class': 'economy'}
2025-05-03 01:25:06,852 - DEBUG - Attempting to log search request: {'departure': 'Алматы', 'destination': 'Тбилиси', 'departure_date': '2025-05-01', 'return_date': '', 'passengers': '2', 'class': 'economy'}
2025-05-03 01:25:06,852 - DEBUG - Attempting to connect to database: C:\Apache24\htdocs\logs\flight_search.db
2025-05-03 01:25:06,860 - DEBUG - Connected to database, setting WAL mode
2025-05-03 01:25:06,868 - DEBUG - Journal mode set to: wal
2025-05-03 01:25:06,868 - DEBUG - Search request logged successfully
2025-05-03 01:25:06,868 - DEBUG - Attempting to log audit: search_flight, {'departure': 'Алматы', 'destination': 'Тбилиси', 'departure_date': '2025-05-01', 'return_date': '', 'passengers': '2', 'class': 'economy'}
2025-05-03 01:25:06,868 - DEBUG - Attempting to connect to database: C:\Apache24\htdocs\logs\flight_search.db
2025-05-03 01:25:06,868 - DEBUG - Connected to database, setting WAL mode
2025-05-03 01:25:06,868 - DEBUG - Journal mode set to: wal
2025-05-03 01:25:06,884 - DEBUG - Audit logged successfully
2025-05-03 01:25:06,884 - DEBUG - Attempting to connect to database: C:\Apache24\htdocs\logs\flight_search.db
2025-05-03 01:25:06,884 - DEBUG - Connected to database, setting WAL mode
2025-05-03 01:25:06,884 - DEBUG - Journal mode set to: wal
2025-05-03 01:25:06,884 - DEBUG - Executing exact match query
2025-05-03 01:25:06,884 - DEBUG - Query: 
            SELECT * FROM flights 
            WHERE UPPER(departure) = UPPER(?) 
              AND UPPER(destination) = UPPER(?) 
              AND UPPER(class) = UPPER(?) 
              AND available_seats >= ?
              AND DATE(departure_time) = ?
        , Params: ('Алматы', 'Тбилиси', 'economy', 2, '2025-05-01')
2025-05-03 01:25:06,884 - DEBUG - Found 0 exact matches: []
2025-05-03 01:25:06,884 - DEBUG - No exact matches found, searching for similar flights...
2025-05-03 01:25:06,884 - DEBUG - Searching similar flights with departure=Алматы, destination=Тбилиси, date=2025-05-01, class=economy, seats=2
2025-05-03 01:25:06,884 - DEBUG - Found 6 similar flights
2025-05-03 01:25:06,884 - DEBUG - Found 6 similar flights: [{'id': 1, 'airline': 'Air Astana', 'departure': 'Almaty', 'destination': 'Tbilisi', 'departure_time': '2025-05-01 09:00', 'arrival_time': '2025-05-01 12:00', 'class': 'economy', 'price': 25000, 'available_seats': 50}, {'id': 2, 'airline': 'SCAT Airlines', 'departure': 'Almaty', 'destination': 'Tbilisi', 'departure_time': '2025-05-01 14:00', 'arrival_time': '2025-05-01 17:00', 'class': 'business', 'price': 30000, 'available_seats': 20}, {'id': 3, 'airline': 'SCAT Airlines', 'departure': 'Almaty', 'destination': 'Astana', 'departure_time': '2025-05-01 20:00', 'arrival_time': '2025-05-01 21:40', 'class': 'economy', 'price': 35000, 'available_seats': 3}, {'id': 4, 'airline': 'Air Astana', 'departure': 'Almaty', 'destination': 'Tbilisi', 'departure_time': '2025-05-01 09:00', 'arrival_time': '2025-05-01 12:00', 'class': 'economy', 'price': 25000, 'available_seats': 50}, {'id': 5, 'airline': 'SCAT Airlines', 'departure': 'Almaty', 'destination': 'Tbilisi', 'departure_time': '2025-05-01 14:00', 'arrival_time': '2025-05-01 17:00', 'class': 'business', 'price': 30000, 'available_seats': 20}, {'id': 6, 'airline': 'SCAT Airlines', 'departure': 'Almaty', 'destination': 'Astana', 'departure_time': '2025-05-01 20:00', 'arrival_time': '2025-05-01 21:40', 'class': 'economy', 'price': 35000, 'available_seats': 3}]
2025-05-03 01:25:06,884 - DEBUG - Returning response: {'success': True, 'flights': [{'id': 1, 'airline': 'Air Astana', 'departure': 'Almaty', 'destination': 'Tbilisi', 'departure_time': '09:00', 'arrival_time': '12:00', 'class': 'economy', 'price': 22500.0, 'discount': 10.0, 'available_seats': 50, 'duration': '3ч 0м в пути', 'transfers': 'прямой'}, {'id': 2, 'airline': 'SCAT Airlines', 'departure': 'Almaty', 'destination': 'Tbilisi', 'departure_time': '14:00', 'arrival_time': '17:00', 'class': 'business', 'price': 30000, 'discount': 0, 'available_seats': 20, 'duration': '3ч 0м в пути', 'transfers': 'прямой'}, {'id': 3, 'airline': 'SCAT Airlines', 'departure': 'Almaty', 'destination': 'Astana', 'departure_time': '20:00', 'arrival_time': '21:40', 'class': 'economy', 'price': 35000, 'discount': 0, 'available_seats': 3, 'duration': '1ч 40м в пути', 'transfers': 'прямой'}, {'id': 4, 'airline': 'Air Astana', 'departure': 'Almaty', 'destination': 'Tbilisi', 'departure_time': '09:00', 'arrival_time': '12:00', 'class': 'economy', 'price': 25000, 'discount': 0, 'available_seats': 50, 'duration': '3ч 0м в пути', 'transfers': 'прямой'}, {'id': 5, 'airline': 'SCAT Airlines', 'departure': 'Almaty', 'destination': 'Tbilisi', 'departure_time': '14:00', 'arrival_time': '17:00', 'class': 'business', 'price': 30000, 'discount': 0, 'available_seats': 20, 'duration': '3ч 0м в пути', 'transfers': 'прямой'}, {'id': 6, 'airline': 'SCAT Airlines', 'departure': 'Almaty', 'destination': 'Astana', 'departure_time': '20:00', 'arrival_time': '21:40', 'class': 'economy', 'price': 35000, 'discount': 0, 'available_seats': 3, 'duration': '1ч 40м в пути', 'transfers': 'прямой'}]}
2025-05-03 01:25:06,884 - DEBUG - Closing database connection
2025-05-03 01:50:40,761 - DEBUG - Starting main execution
2025-05-03 01:50:40,761 - DEBUG - Attempting to get user from session
2025-05-03 01:50:40,761 - DEBUG - User ID: None
2025-05-03 01:50:40,761 - DEBUG - Received form data: {'departure': 'Алматы', 'destination': 'Тбилиси', 'departure_date': '2025-05-03', 'return_date': '', 'passengers': '1', 'class': 'economy'}
2025-05-03 01:50:40,767 - DEBUG - Request data validated: {'departure': 'Алматы', 'destination': 'Тбилиси', 'departure_date': '2025-05-03', 'return_date': '', 'passengers': '1', 'class': 'economy'}
2025-05-03 01:50:40,768 - DEBUG - Attempting to log search request: {'departure': 'Алматы', 'destination': 'Тбилиси', 'departure_date': '2025-05-03', 'return_date': '', 'passengers': '1', 'class': 'economy'}
2025-05-03 01:50:40,768 - DEBUG - Attempting to connect to database: C:\Apache24\htdocs\logs\flight_search.db
2025-05-03 01:50:40,768 - DEBUG - Connected to database, setting WAL mode
2025-05-03 01:50:40,768 - DEBUG - Journal mode set to: wal
2025-05-03 01:50:40,768 - DEBUG - Search request logged successfully
2025-05-03 01:50:40,768 - DEBUG - Attempting to log audit: search_flight, {'departure': 'Алматы', 'destination': 'Тбилиси', 'departure_date': '2025-05-03', 'return_date': '', 'passengers': '1', 'class': 'economy'}
2025-05-03 01:50:40,768 - DEBUG - Attempting to connect to database: C:\Apache24\htdocs\logs\flight_search.db
2025-05-03 01:50:40,768 - DEBUG - Connected to database, setting WAL mode
2025-05-03 01:50:40,775 - DEBUG - Journal mode set to: wal
2025-05-03 01:50:40,775 - DEBUG - Audit logged successfully
2025-05-03 01:50:40,775 - DEBUG - Searching flights via API: departure=Алматы, destination=Тбилиси, date=2025-05-03, class=economy, passengers=1
2025-05-03 01:50:40,775 - DEBUG - Sending initial API request to https://api.travelpayouts.com/v1/flight_search with payload: {'marker': '627294', 'host': 'beta.aviasales.com', 'user_ip': '127.0.0.1', 'locale': 'ru', 'trip_class': 'ECONOMY', 'passengers': {'adults': 1, 'children': 0, 'infants': 0}, 'segments': [{'origin': 'ALA', 'destination': 'TBS', 'date': '2025-05-03'}], 'signature': '691a42cc4361b7c73736d9f1f5b8e863'}
2025-05-03 01:50:40,775 - DEBUG - Starting new HTTPS connection (1): api.travelpayouts.com:443
2025-05-03 01:50:41,650 - DEBUG - https://api.travelpayouts.com:443 "POST /v1/flight_search HTTP/1.1" 403 10
2025-05-03 01:50:41,650 - ERROR - API request failed: 403 Client Error: Forbidden for url: https://api.travelpayouts.com/v1/flight_search
2025-05-03 01:50:41,650 - DEBUG - Returning response: {'success': True, 'flights': []}
2025-05-03 01:50:41,650 - DEBUG - Main execution completed
2025-05-03 01:50:56,092 - DEBUG - Starting main execution
2025-05-03 01:50:56,092 - DEBUG - Attempting to get user from session
2025-05-03 01:50:56,092 - DEBUG - User ID: None
2025-05-03 01:50:56,092 - DEBUG - Received form data: {'departure': 'Алматы', 'destination': 'Тбилиси', 'departure_date': '2025-05-03', 'return_date': '', 'passengers': '1', 'class': 'economy'}
2025-05-03 01:50:56,092 - DEBUG - Request data validated: {'departure': 'Алматы', 'destination': 'Тбилиси', 'departure_date': '2025-05-03', 'return_date': '', 'passengers': '1', 'class': 'economy'}
2025-05-03 01:50:56,092 - DEBUG - Attempting to log search request: {'departure': 'Алматы', 'destination': 'Тбилиси', 'departure_date': '2025-05-03', 'return_date': '', 'passengers': '1', 'class': 'economy'}
2025-05-03 01:50:56,092 - DEBUG - Attempting to connect to database: C:\Apache24\htdocs\logs\flight_search.db
2025-05-03 01:50:56,092 - DEBUG - Connected to database, setting WAL mode
2025-05-03 01:50:56,106 - DEBUG - Journal mode set to: wal
2025-05-03 01:50:56,107 - DEBUG - Search request logged successfully
2025-05-03 01:50:56,107 - DEBUG - Attempting to log audit: search_flight, {'departure': 'Алматы', 'destination': 'Тбилиси', 'departure_date': '2025-05-03', 'return_date': '', 'passengers': '1', 'class': 'economy'}
2025-05-03 01:50:56,107 - DEBUG - Attempting to connect to database: C:\Apache24\htdocs\logs\flight_search.db
2025-05-03 01:50:56,107 - DEBUG - Connected to database, setting WAL mode
2025-05-03 01:50:56,113 - DEBUG - Journal mode set to: wal
2025-05-03 01:50:56,113 - DEBUG - Audit logged successfully
2025-05-03 01:50:56,113 - DEBUG - Searching flights via API: departure=Алматы, destination=Тбилиси, date=2025-05-03, class=economy, passengers=1
2025-05-03 01:50:56,113 - DEBUG - Sending initial API request to https://api.travelpayouts.com/v1/flight_search with payload: {'marker': '627294', 'host': 'beta.aviasales.com', 'user_ip': '127.0.0.1', 'locale': 'ru', 'trip_class': 'ECONOMY', 'passengers': {'adults': 1, 'children': 0, 'infants': 0}, 'segments': [{'origin': 'ALA', 'destination': 'TBS', 'date': '2025-05-03'}], 'signature': '691a42cc4361b7c73736d9f1f5b8e863'}
2025-05-03 01:50:56,113 - DEBUG - Starting new HTTPS connection (1): api.travelpayouts.com:443
2025-05-03 01:50:56,528 - DEBUG - https://api.travelpayouts.com:443 "POST /v1/flight_search HTTP/1.1" 403 10
2025-05-03 01:50:56,528 - ERROR - API request failed: 403 Client Error: Forbidden for url: https://api.travelpayouts.com/v1/flight_search
2025-05-03 01:50:56,528 - DEBUG - Returning response: {'success': True, 'flights': []}
2025-05-03 01:50:56,528 - DEBUG - Main execution completed
2025-05-03 01:50:59,487 - DEBUG - Starting main execution
2025-05-03 01:50:59,487 - DEBUG - Attempting to get user from session
2025-05-03 01:50:59,487 - DEBUG - User ID: None
2025-05-03 01:50:59,487 - DEBUG - Received form data: {'departure': 'Алматы', 'destination': 'Тбилиси', 'departure_date': '2025-05-04', 'return_date': '', 'passengers': '1', 'class': 'economy'}
2025-05-03 01:50:59,487 - DEBUG - Request data validated: {'departure': 'Алматы', 'destination': 'Тбилиси', 'departure_date': '2025-05-04', 'return_date': '', 'passengers': '1', 'class': 'economy'}
2025-05-03 01:50:59,487 - DEBUG - Attempting to log search request: {'departure': 'Алматы', 'destination': 'Тбилиси', 'departure_date': '2025-05-04', 'return_date': '', 'passengers': '1', 'class': 'economy'}
2025-05-03 01:50:59,487 - DEBUG - Attempting to connect to database: C:\Apache24\htdocs\logs\flight_search.db
2025-05-03 01:50:59,487 - DEBUG - Connected to database, setting WAL mode
2025-05-03 01:50:59,493 - DEBUG - Journal mode set to: wal
2025-05-03 01:50:59,493 - DEBUG - Search request logged successfully
2025-05-03 01:50:59,493 - DEBUG - Attempting to log audit: search_flight, {'departure': 'Алматы', 'destination': 'Тбилиси', 'departure_date': '2025-05-04', 'return_date': '', 'passengers': '1', 'class': 'economy'}
2025-05-03 01:50:59,493 - DEBUG - Attempting to connect to database: C:\Apache24\htdocs\logs\flight_search.db
2025-05-03 01:50:59,493 - DEBUG - Connected to database, setting WAL mode
2025-05-03 01:50:59,501 - DEBUG - Journal mode set to: wal
2025-05-03 01:50:59,501 - DEBUG - Audit logged successfully
2025-05-03 01:50:59,507 - DEBUG - Searching flights via API: departure=Алматы, destination=Тбилиси, date=2025-05-04, class=economy, passengers=1
2025-05-03 01:50:59,507 - DEBUG - Sending initial API request to https://api.travelpayouts.com/v1/flight_search with payload: {'marker': '627294', 'host': 'beta.aviasales.com', 'user_ip': '127.0.0.1', 'locale': 'ru', 'trip_class': 'ECONOMY', 'passengers': {'adults': 1, 'children': 0, 'infants': 0}, 'segments': [{'origin': 'ALA', 'destination': 'TBS', 'date': '2025-05-04'}], 'signature': 'f4068fc6d4101d69848c57f3f5d7fb9f'}
2025-05-03 01:50:59,507 - DEBUG - Starting new HTTPS connection (1): api.travelpayouts.com:443
2025-05-03 01:50:59,931 - DEBUG - https://api.travelpayouts.com:443 "POST /v1/flight_search HTTP/1.1" 403 10
2025-05-03 01:50:59,931 - ERROR - API request failed: 403 Client Error: Forbidden for url: https://api.travelpayouts.com/v1/flight_search
2025-05-03 01:50:59,931 - DEBUG - Returning response: {'success': True, 'flights': []}
2025-05-03 01:50:59,931 - DEBUG - Main execution completed
2025-05-03 01:51:08,464 - DEBUG - Starting main execution
2025-05-03 01:51:08,464 - DEBUG - Attempting to get user from session
2025-05-03 01:51:08,464 - DEBUG - User ID: None
2025-05-03 01:51:08,464 - DEBUG - Received form data: {'departure': 'Алматы', 'destination': 'Москва', 'departure_date': '2025-05-04', 'return_date': '', 'passengers': '1', 'class': 'economy'}
2025-05-03 01:51:08,464 - DEBUG - Request data validated: {'departure': 'Алматы', 'destination': 'Москва', 'departure_date': '2025-05-04', 'return_date': '', 'passengers': '1', 'class': 'economy'}
2025-05-03 01:51:08,464 - DEBUG - Attempting to log search request: {'departure': 'Алматы', 'destination': 'Москва', 'departure_date': '2025-05-04', 'return_date': '', 'passengers': '1', 'class': 'economy'}
2025-05-03 01:51:08,464 - DEBUG - Attempting to connect to database: C:\Apache24\htdocs\logs\flight_search.db
2025-05-03 01:51:08,464 - DEBUG - Connected to database, setting WAL mode
2025-05-03 01:51:08,478 - DEBUG - Journal mode set to: wal
2025-05-03 01:51:08,478 - DEBUG - Search request logged successfully
2025-05-03 01:51:08,478 - DEBUG - Attempting to log audit: search_flight, {'departure': 'Алматы', 'destination': 'Москва', 'departure_date': '2025-05-04', 'return_date': '', 'passengers': '1', 'class': 'economy'}
2025-05-03 01:51:08,478 - DEBUG - Attempting to connect to database: C:\Apache24\htdocs\logs\flight_search.db
2025-05-03 01:51:08,478 - DEBUG - Connected to database, setting WAL mode
2025-05-03 01:51:08,485 - DEBUG - Journal mode set to: wal
2025-05-03 01:51:08,485 - DEBUG - Audit logged successfully
2025-05-03 01:51:08,485 - DEBUG - Searching flights via API: departure=Алматы, destination=Москва, date=2025-05-04, class=economy, passengers=1
2025-05-03 01:51:08,485 - DEBUG - Sending initial API request to https://api.travelpayouts.com/v1/flight_search with payload: {'marker': '627294', 'host': 'beta.aviasales.com', 'user_ip': '127.0.0.1', 'locale': 'ru', 'trip_class': 'ECONOMY', 'passengers': {'adults': 1, 'children': 0, 'infants': 0}, 'segments': [{'origin': 'ALA', 'destination': 'MOW', 'date': '2025-05-04'}], 'signature': 'c7002993feda7cb44b518bc00738df70'}
2025-05-03 01:51:08,485 - DEBUG - Starting new HTTPS connection (1): api.travelpayouts.com:443
2025-05-03 01:51:08,908 - DEBUG - https://api.travelpayouts.com:443 "POST /v1/flight_search HTTP/1.1" 403 10
2025-05-03 01:51:08,908 - ERROR - API request failed: 403 Client Error: Forbidden for url: https://api.travelpayouts.com/v1/flight_search
2025-05-03 01:51:08,908 - DEBUG - Returning response: {'success': True, 'flights': []}
2025-05-03 01:51:08,908 - DEBUG - Main execution completed
2025-05-03 01:51:21,204 - DEBUG - Starting main execution
2025-05-03 01:51:21,204 - DEBUG - Attempting to get user from session
2025-05-03 01:51:21,204 - DEBUG - User ID: None
2025-05-03 01:51:21,204 - DEBUG - Received form data: {'departure': 'Almati', 'destination': 'Moscow', 'departure_date': '2025-05-04', 'return_date': '', 'passengers': '1', 'class': 'economy'}
2025-05-03 01:51:21,204 - DEBUG - Request data validated: {'departure': 'Almati', 'destination': 'Moscow', 'departure_date': '2025-05-04', 'return_date': '', 'passengers': '1', 'class': 'economy'}
2025-05-03 01:51:21,204 - DEBUG - Attempting to log search request: {'departure': 'Almati', 'destination': 'Moscow', 'departure_date': '2025-05-04', 'return_date': '', 'passengers': '1', 'class': 'economy'}
2025-05-03 01:51:21,204 - DEBUG - Attempting to connect to database: C:\Apache24\htdocs\logs\flight_search.db
2025-05-03 01:51:21,204 - DEBUG - Connected to database, setting WAL mode
2025-05-03 01:51:21,212 - DEBUG - Journal mode set to: wal
2025-05-03 01:51:21,212 - DEBUG - Search request logged successfully
2025-05-03 01:51:21,212 - DEBUG - Attempting to log audit: search_flight, {'departure': 'Almati', 'destination': 'Moscow', 'departure_date': '2025-05-04', 'return_date': '', 'passengers': '1', 'class': 'economy'}
2025-05-03 01:51:21,212 - DEBUG - Attempting to connect to database: C:\Apache24\htdocs\logs\flight_search.db
2025-05-03 01:51:21,212 - DEBUG - Connected to database, setting WAL mode
2025-05-03 01:51:21,219 - DEBUG - Journal mode set to: wal
2025-05-03 01:51:21,225 - DEBUG - Audit logged successfully
2025-05-03 01:51:21,225 - DEBUG - Searching flights via API: departure=Almati, destination=Moscow, date=2025-05-04, class=economy, passengers=1
2025-05-03 01:51:21,225 - ERROR - Could not map cities to IATA codes: Almati -> , Moscow -> 
2025-05-03 01:51:21,225 - DEBUG - Returning response: {'success': True, 'flights': []}
2025-05-03 01:51:21,225 - DEBUG - Main execution completed
2025-05-03 01:51:22,448 - DEBUG - Starting main execution
2025-05-03 01:51:22,448 - DEBUG - Attempting to get user from session
2025-05-03 01:51:22,448 - DEBUG - User ID: None
2025-05-03 01:51:22,448 - DEBUG - Received form data: {'departure': 'Almati', 'destination': 'Moscow', 'departure_date': '2025-05-04', 'return_date': '', 'passengers': '1', 'class': 'economy'}
2025-05-03 01:51:22,448 - DEBUG - Request data validated: {'departure': 'Almati', 'destination': 'Moscow', 'departure_date': '2025-05-04', 'return_date': '', 'passengers': '1', 'class': 'economy'}
2025-05-03 01:51:22,448 - DEBUG - Attempting to log search request: {'departure': 'Almati', 'destination': 'Moscow', 'departure_date': '2025-05-04', 'return_date': '', 'passengers': '1', 'class': 'economy'}
2025-05-03 01:51:22,448 - DEBUG - Attempting to connect to database: C:\Apache24\htdocs\logs\flight_search.db
2025-05-03 01:51:22,448 - DEBUG - Connected to database, setting WAL mode
2025-05-03 01:51:22,455 - DEBUG - Journal mode set to: wal
2025-05-03 01:51:22,455 - DEBUG - Search request logged successfully
2025-05-03 01:51:22,455 - DEBUG - Attempting to log audit: search_flight, {'departure': 'Almati', 'destination': 'Moscow', 'departure_date': '2025-05-04', 'return_date': '', 'passengers': '1', 'class': 'economy'}
2025-05-03 01:51:22,455 - DEBUG - Attempting to connect to database: C:\Apache24\htdocs\logs\flight_search.db
2025-05-03 01:51:22,461 - DEBUG - Connected to database, setting WAL mode
2025-05-03 01:51:22,461 - DEBUG - Journal mode set to: wal
2025-05-03 01:51:22,468 - DEBUG - Audit logged successfully
2025-05-03 01:51:22,468 - DEBUG - Searching flights via API: departure=Almati, destination=Moscow, date=2025-05-04, class=economy, passengers=1
2025-05-03 01:51:22,468 - ERROR - Could not map cities to IATA codes: Almati -> , Moscow -> 
2025-05-03 01:51:22,468 - DEBUG - Returning response: {'success': True, 'flights': []}
2025-05-03 01:51:22,468 - DEBUG - Main execution completed
2025-05-03 01:52:07,300 - DEBUG - Starting main execution
2025-05-03 01:52:07,300 - DEBUG - Attempting to get user from session
2025-05-03 01:52:07,300 - DEBUG - User ID: None
2025-05-03 01:52:07,300 - DEBUG - Received form data: {'departure': 'Алматы', 'destination': 'Тбилиси', 'departure_date': '2025-05-03', 'return_date': '', 'passengers': '1', 'class': 'economy'}
2025-05-03 01:52:07,300 - DEBUG - Request data validated: {'departure': 'Алматы', 'destination': 'Тбилиси', 'departure_date': '2025-05-03', 'return_date': '', 'passengers': '1', 'class': 'economy'}
2025-05-03 01:52:07,300 - DEBUG - Attempting to log search request: {'departure': 'Алматы', 'destination': 'Тбилиси', 'departure_date': '2025-05-03', 'return_date': '', 'passengers': '1', 'class': 'economy'}
2025-05-03 01:52:07,300 - DEBUG - Attempting to connect to database: C:\Apache24\htdocs\logs\flight_search.db
2025-05-03 01:52:07,300 - DEBUG - Connected to database, setting WAL mode
2025-05-03 01:52:07,314 - DEBUG - Journal mode set to: wal
2025-05-03 01:52:07,314 - DEBUG - Search request logged successfully
2025-05-03 01:52:07,314 - DEBUG - Attempting to log audit: search_flight, {'departure': 'Алматы', 'destination': 'Тбилиси', 'departure_date': '2025-05-03', 'return_date': '', 'passengers': '1', 'class': 'economy'}
2025-05-03 01:52:07,314 - DEBUG - Attempting to connect to database: C:\Apache24\htdocs\logs\flight_search.db
2025-05-03 01:52:07,314 - DEBUG - Connected to database, setting WAL mode
2025-05-03 01:52:07,320 - DEBUG - Journal mode set to: wal
2025-05-03 01:52:07,320 - DEBUG - Audit logged successfully
2025-05-03 01:52:07,320 - DEBUG - Searching flights via API: departure=Алматы, destination=Тбилиси, date=2025-05-03, class=economy, passengers=1
2025-05-03 01:52:07,320 - DEBUG - Sending initial API request to https://api.travelpayouts.com/v1/flight_search with payload: {'marker': '627294', 'host': 'beta.aviasales.com', 'user_ip': '127.0.0.1', 'locale': 'ru', 'trip_class': 'ECONOMY', 'passengers': {'adults': 1, 'children': 0, 'infants': 0}, 'segments': [{'origin': 'ALA', 'destination': 'TBS', 'date': '2025-05-03'}], 'signature': '691a42cc4361b7c73736d9f1f5b8e863'}
2025-05-03 01:52:07,320 - DEBUG - Starting new HTTPS connection (1): api.travelpayouts.com:443
2025-05-03 01:52:09,411 - DEBUG - https://api.travelpayouts.com:443 "POST /v1/flight_search HTTP/1.1" 403 10
2025-05-03 01:52:09,411 - ERROR - API request failed: 403 Client Error: Forbidden for url: https://api.travelpayouts.com/v1/flight_search
2025-05-03 01:52:09,411 - DEBUG - Returning response: {'success': True, 'flights': []}
2025-05-03 01:52:09,411 - DEBUG - Main execution completed
2025-05-03 01:52:11,320 - DEBUG - Starting main execution
2025-05-03 01:52:11,320 - DEBUG - Attempting to get user from session
2025-05-03 01:52:11,320 - DEBUG - User ID: None
2025-05-03 01:52:11,320 - DEBUG - Received form data: {'departure': 'Алматы', 'destination': 'Тбилиси', 'departure_date': '2025-05-03', 'return_date': '', 'passengers': '1', 'class': 'economy'}
2025-05-03 01:52:11,326 - DEBUG - Request data validated: {'departure': 'Алматы', 'destination': 'Тбилиси', 'departure_date': '2025-05-03', 'return_date': '', 'passengers': '1', 'class': 'economy'}
2025-05-03 01:52:11,326 - DEBUG - Attempting to log search request: {'departure': 'Алматы', 'destination': 'Тбилиси', 'departure_date': '2025-05-03', 'return_date': '', 'passengers': '1', 'class': 'economy'}
2025-05-03 01:52:11,326 - DEBUG - Attempting to connect to database: C:\Apache24\htdocs\logs\flight_search.db
2025-05-03 01:52:11,326 - DEBUG - Connected to database, setting WAL mode
2025-05-03 01:52:11,335 - DEBUG - Journal mode set to: wal
2025-05-03 01:52:11,335 - DEBUG - Search request logged successfully
2025-05-03 01:52:11,335 - DEBUG - Attempting to log audit: search_flight, {'departure': 'Алматы', 'destination': 'Тбилиси', 'departure_date': '2025-05-03', 'return_date': '', 'passengers': '1', 'class': 'economy'}
2025-05-03 01:52:11,335 - DEBUG - Attempting to connect to database: C:\Apache24\htdocs\logs\flight_search.db
2025-05-03 01:52:11,335 - DEBUG - Connected to database, setting WAL mode
2025-05-03 01:52:11,341 - DEBUG - Journal mode set to: wal
2025-05-03 01:52:11,341 - DEBUG - Audit logged successfully
2025-05-03 01:52:11,341 - DEBUG - Searching flights via API: departure=Алматы, destination=Тбилиси, date=2025-05-03, class=economy, passengers=1
2025-05-03 01:52:11,341 - DEBUG - Sending initial API request to https://api.travelpayouts.com/v1/flight_search with payload: {'marker': '627294', 'host': 'beta.aviasales.com', 'user_ip': '127.0.0.1', 'locale': 'ru', 'trip_class': 'ECONOMY', 'passengers': {'adults': 1, 'children': 0, 'infants': 0}, 'segments': [{'origin': 'ALA', 'destination': 'TBS', 'date': '2025-05-03'}], 'signature': '691a42cc4361b7c73736d9f1f5b8e863'}
2025-05-03 01:52:11,341 - DEBUG - Starting new HTTPS connection (1): api.travelpayouts.com:443
2025-05-03 01:52:11,772 - DEBUG - https://api.travelpayouts.com:443 "POST /v1/flight_search HTTP/1.1" 403 10
2025-05-03 01:52:11,772 - ERROR - API request failed: 403 Client Error: Forbidden for url: https://api.travelpayouts.com/v1/flight_search
2025-05-03 01:52:11,772 - DEBUG - Returning response: {'success': True, 'flights': []}
2025-05-03 01:52:11,772 - DEBUG - Main execution completed
2025-05-03 01:52:18,130 - DEBUG - Starting main execution
2025-05-03 01:52:18,130 - DEBUG - Attempting to get user from session
2025-05-03 01:52:18,130 - DEBUG - User ID: None
2025-05-03 01:52:18,130 - DEBUG - Received form data: {'departure': 'Алматы', 'destination': 'Тбилиси', 'departure_date': '2025-05-03', 'return_date': '', 'passengers': '1', 'class': 'economy'}
2025-05-03 01:52:18,130 - DEBUG - Request data validated: {'departure': 'Алматы', 'destination': 'Тбилиси', 'departure_date': '2025-05-03', 'return_date': '', 'passengers': '1', 'class': 'economy'}
2025-05-03 01:52:18,130 - DEBUG - Attempting to log search request: {'departure': 'Алматы', 'destination': 'Тбилиси', 'departure_date': '2025-05-03', 'return_date': '', 'passengers': '1', 'class': 'economy'}
2025-05-03 01:52:18,130 - DEBUG - Attempting to connect to database: C:\Apache24\htdocs\logs\flight_search.db
2025-05-03 01:52:18,130 - DEBUG - Connected to database, setting WAL mode
2025-05-03 01:52:18,138 - DEBUG - Journal mode set to: wal
2025-05-03 01:52:18,138 - DEBUG - Search request logged successfully
2025-05-03 01:52:18,138 - DEBUG - Attempting to log audit: search_flight, {'departure': 'Алматы', 'destination': 'Тбилиси', 'departure_date': '2025-05-03', 'return_date': '', 'passengers': '1', 'class': 'economy'}
2025-05-03 01:52:18,138 - DEBUG - Attempting to connect to database: C:\Apache24\htdocs\logs\flight_search.db
2025-05-03 01:52:18,138 - DEBUG - Connected to database, setting WAL mode
2025-05-03 01:52:18,144 - DEBUG - Journal mode set to: wal
2025-05-03 01:52:18,144 - DEBUG - Audit logged successfully
2025-05-03 01:52:18,151 - DEBUG - Searching flights via API: departure=Алматы, destination=Тбилиси, date=2025-05-03, class=economy, passengers=1
2025-05-03 01:52:18,151 - DEBUG - Sending initial API request to https://api.travelpayouts.com/v1/flight_search with payload: {'marker': '627294', 'host': 'beta.aviasales.com', 'user_ip': '127.0.0.1', 'locale': 'ru', 'trip_class': 'ECONOMY', 'passengers': {'adults': 1, 'children': 0, 'infants': 0}, 'segments': [{'origin': 'ALA', 'destination': 'TBS', 'date': '2025-05-03'}], 'signature': '691a42cc4361b7c73736d9f1f5b8e863'}
2025-05-03 01:52:18,152 - DEBUG - Starting new HTTPS connection (1): api.travelpayouts.com:443
2025-05-03 01:52:18,922 - DEBUG - https://api.travelpayouts.com:443 "POST /v1/flight_search HTTP/1.1" 403 10
2025-05-03 01:52:18,922 - ERROR - API request failed: 403 Client Error: Forbidden for url: https://api.travelpayouts.com/v1/flight_search
2025-05-03 01:52:18,922 - DEBUG - Returning response: {'success': True, 'flights': []}
2025-05-03 01:52:18,922 - DEBUG - Main execution completed
2025-05-03 02:01:19,303 - DEBUG - Starting main execution
2025-05-03 02:01:19,303 - DEBUG - Attempting to get user from session
2025-05-03 02:01:19,303 - DEBUG - User ID: None
2025-05-03 02:01:19,303 - DEBUG - Received form data: {'departure': 'Алматы', 'destination': 'Тбилиси', 'departure_date': '2025-05-03', 'return_date': '', 'passengers': '1', 'class': 'economy'}
2025-05-03 02:01:19,319 - DEBUG - Request data validated: {'departure': 'Алматы', 'destination': 'Тбилиси', 'departure_date': '2025-05-03', 'return_date': '', 'passengers': '1', 'class': 'economy'}
2025-05-03 02:01:19,319 - DEBUG - Attempting to log search request: {'departure': 'Алматы', 'destination': 'Тбилиси', 'departure_date': '2025-05-03', 'return_date': '', 'passengers': '1', 'class': 'economy'}
2025-05-03 02:01:19,319 - DEBUG - Attempting to connect to database: C:\Apache24\htdocs\logs\flight_search.db
2025-05-03 02:01:19,319 - DEBUG - Connected to database, setting WAL mode
2025-05-03 02:01:19,327 - DEBUG - Journal mode set to: wal
2025-05-03 02:01:19,327 - DEBUG - Search request logged successfully
2025-05-03 02:01:19,327 - DEBUG - Attempting to log audit: search_flight, {'departure': 'Алматы', 'destination': 'Тбилиси', 'departure_date': '2025-05-03', 'return_date': '', 'passengers': '1', 'class': 'economy'}
2025-05-03 02:01:19,327 - DEBUG - Attempting to connect to database: C:\Apache24\htdocs\logs\flight_search.db
2025-05-03 02:01:19,327 - DEBUG - Connected to database, setting WAL mode
2025-05-03 02:01:19,335 - DEBUG - Journal mode set to: wal
2025-05-03 02:01:19,335 - DEBUG - Audit logged successfully
2025-05-03 02:01:19,335 - DEBUG - Searching flights via API: departure=Алматы, destination=Тбилиси, date=2025-05-03, class=economy, passengers=1
2025-05-03 02:01:19,335 - DEBUG - Signature string: ba463465c90bfaee386337e7c62e8a35:currency=RUB:depart_date=2025-05-03:destination=TBS:limit=100:marker=627294:origin=ALA:token=ba463465c90bfaee386337e7c62e8a35:trip_class=Y
2025-05-03 02:01:19,335 - DEBUG - Sending API request to https://api.travelpayouts.com/v2/prices/latest with params: {'origin': 'ALA', 'destination': 'TBS', 'depart_date': '2025-05-03', 'currency': 'RUB', 'marker': '627294', 'limit': 100, 'trip_class': 'Y', 'token': 'ba463465c90bfaee386337e7c62e8a35', 'signature': 'f7845b06f0d8d3ac9644b2aadfd88309'}
2025-05-03 02:01:19,335 - DEBUG - Starting new HTTPS connection (1): api.travelpayouts.com:443
2025-05-03 02:01:21,436 - DEBUG - https://api.travelpayouts.com:443 "GET /v2/prices/latest?origin=ALA&destination=TBS&depart_date=2025-05-03&currency=RUB&marker=627294&limit=100&trip_class=Y&token=ba463465c90bfaee386337e7c62e8a35&signature=f7845b06f0d8d3ac9644b2aadfd88309 HTTP/1.1" 400 111
2025-05-03 02:01:21,436 - ERROR - API request failed: 400 Client Error: Bad Request for url: https://api.travelpayouts.com/v2/prices/latest?origin=ALA&destination=TBS&depart_date=2025-05-03&currency=RUB&marker=627294&limit=100&trip_class=Y&token=ba463465c90bfaee386337e7c62e8a35&signature=f7845b06f0d8d3ac9644b2aadfd88309
2025-05-03 02:01:21,436 - DEBUG - Returning response: {'success': True, 'flights': []}
2025-05-03 02:01:21,436 - DEBUG - Main execution completed
2025-05-03 02:08:22,373 - DEBUG - Starting main execution
2025-05-03 02:08:22,373 - DEBUG - Attempting to get user from session
2025-05-03 02:08:22,373 - DEBUG - User ID: None
2025-05-03 02:08:22,373 - DEBUG - Received form data: {'departure': 'Алматы', 'destination': 'Тбилиси', 'departure_date': '2025-05-03', 'return_date': '', 'passengers': '1', 'class': 'economy'}
2025-05-03 02:08:22,380 - DEBUG - Request data validated: {'departure': 'Алматы', 'destination': 'Тбилиси', 'departure_date': '2025-05-03', 'return_date': '', 'passengers': '1', 'class': 'economy'}
2025-05-03 02:08:22,380 - DEBUG - Attempting to log search request: {'departure': 'Алматы', 'destination': 'Тбилиси', 'departure_date': '2025-05-03', 'return_date': '', 'passengers': '1', 'class': 'economy'}
2025-05-03 02:08:22,380 - DEBUG - Attempting to connect to database: C:\Apache24\htdocs\logs\flight_search.db
2025-05-03 02:08:22,380 - DEBUG - Connected to database, setting WAL mode
2025-05-03 02:08:22,387 - DEBUG - Journal mode set to: wal
2025-05-03 02:08:22,387 - DEBUG - Search request logged successfully
2025-05-03 02:08:22,387 - DEBUG - Attempting to log audit: search_flight, {'departure': 'Алматы', 'destination': 'Тбилиси', 'departure_date': '2025-05-03', 'return_date': '', 'passengers': '1', 'class': 'economy'}
2025-05-03 02:08:22,387 - DEBUG - Attempting to connect to database: C:\Apache24\htdocs\logs\flight_search.db
2025-05-03 02:08:22,387 - DEBUG - Connected to database, setting WAL mode
2025-05-03 02:08:22,394 - DEBUG - Journal mode set to: wal
2025-05-03 02:08:22,394 - DEBUG - Audit logged successfully
2025-05-03 02:08:22,394 - DEBUG - Searching flights via API: departure=Алматы, destination=Тбилиси, date=2025-05-03, class=economy, passengers=1
2025-05-03 02:08:22,394 - DEBUG - Signature string: ba463465c90bfaee386337e7c62e8a35:currency=RUB:departure_at=2025-05-03:destination=TBS:direct=false:limit=100:market=ru:origin=ALA
2025-05-03 02:08:22,394 - DEBUG - Sending API request to https://api.travelpayouts.com/aviasales/v3/prices_for_dates with params: {'origin': 'ALA', 'destination': 'TBS', 'departure_at': '2025-05-03', 'currency': 'RUB', 'market': 'ru', 'limit': 100, 'direct': 'false', 'token': 'ba463465c90bfaee386337e7c62e8a35', 'signature': 'fcfbb44940c91f4e65039b66305b07e9'}
2025-05-03 02:08:22,394 - DEBUG - Starting new HTTPS connection (1): api.travelpayouts.com:443
2025-05-03 02:08:23,276 - DEBUG - https://api.travelpayouts.com:443 "GET /aviasales/v3/prices_for_dates?origin=ALA&destination=TBS&departure_at=2025-05-03&currency=RUB&market=ru&limit=100&direct=false&token=ba463465c90bfaee386337e7c62e8a35&signature=fcfbb44940c91f4e65039b66305b07e9 HTTP/1.1" 200 43
2025-05-03 02:08:23,276 - DEBUG - API response: {'data': [], 'currency': 'RUB', 'success': True}
2025-05-03 02:08:23,276 - DEBUG - Processed 0 flights from API
2025-05-03 02:08:23,276 - DEBUG - Returning response: {'success': True, 'flights': []}
2025-05-03 02:08:23,276 - DEBUG - Main execution completed
2025-05-03 02:08:27,255 - DEBUG - Starting main execution
2025-05-03 02:08:27,255 - DEBUG - Attempting to get user from session
2025-05-03 02:08:27,255 - DEBUG - User ID: None
2025-05-03 02:08:27,255 - DEBUG - Received form data: {'departure': 'Алматы', 'destination': 'Тбилиси', 'departure_date': '2025-05-03', 'return_date': '', 'passengers': '1', 'class': 'economy'}
2025-05-03 02:08:27,255 - DEBUG - Request data validated: {'departure': 'Алматы', 'destination': 'Тбилиси', 'departure_date': '2025-05-03', 'return_date': '', 'passengers': '1', 'class': 'economy'}
2025-05-03 02:08:27,255 - DEBUG - Attempting to log search request: {'departure': 'Алматы', 'destination': 'Тбилиси', 'departure_date': '2025-05-03', 'return_date': '', 'passengers': '1', 'class': 'economy'}
2025-05-03 02:08:27,255 - DEBUG - Attempting to connect to database: C:\Apache24\htdocs\logs\flight_search.db
2025-05-03 02:08:27,255 - DEBUG - Connected to database, setting WAL mode
2025-05-03 02:08:27,269 - DEBUG - Journal mode set to: wal
2025-05-03 02:08:27,269 - DEBUG - Search request logged successfully
2025-05-03 02:08:27,269 - DEBUG - Attempting to log audit: search_flight, {'departure': 'Алматы', 'destination': 'Тбилиси', 'departure_date': '2025-05-03', 'return_date': '', 'passengers': '1', 'class': 'economy'}
2025-05-03 02:08:27,269 - DEBUG - Attempting to connect to database: C:\Apache24\htdocs\logs\flight_search.db
2025-05-03 02:08:27,269 - DEBUG - Connected to database, setting WAL mode
2025-05-03 02:08:27,275 - DEBUG - Journal mode set to: wal
2025-05-03 02:08:27,275 - DEBUG - Audit logged successfully
2025-05-03 02:08:27,275 - DEBUG - Searching flights via API: departure=Алматы, destination=Тбилиси, date=2025-05-03, class=economy, passengers=1
2025-05-03 02:08:27,275 - DEBUG - Signature string: ba463465c90bfaee386337e7c62e8a35:currency=RUB:departure_at=2025-05-03:destination=TBS:direct=false:limit=100:market=ru:origin=ALA
2025-05-03 02:08:27,275 - DEBUG - Sending API request to https://api.travelpayouts.com/aviasales/v3/prices_for_dates with params: {'origin': 'ALA', 'destination': 'TBS', 'departure_at': '2025-05-03', 'currency': 'RUB', 'market': 'ru', 'limit': 100, 'direct': 'false', 'token': 'ba463465c90bfaee386337e7c62e8a35', 'signature': 'fcfbb44940c91f4e65039b66305b07e9'}
2025-05-03 02:08:27,280 - DEBUG - Starting new HTTPS connection (1): api.travelpayouts.com:443
2025-05-03 02:08:27,705 - DEBUG - https://api.travelpayouts.com:443 "GET /aviasales/v3/prices_for_dates?origin=ALA&destination=TBS&departure_at=2025-05-03&currency=RUB&market=ru&limit=100&direct=false&token=ba463465c90bfaee386337e7c62e8a35&signature=fcfbb44940c91f4e65039b66305b07e9 HTTP/1.1" 200 43
2025-05-03 02:08:27,705 - DEBUG - API response: {'data': [], 'currency': 'RUB', 'success': True}
2025-05-03 02:08:27,705 - DEBUG - Processed 0 flights from API
2025-05-03 02:08:27,705 - DEBUG - Returning response: {'success': True, 'flights': []}
2025-05-03 02:08:27,705 - DEBUG - Main execution completed
2025-05-03 02:09:13,669 - DEBUG - Starting main execution
2025-05-03 02:09:13,669 - DEBUG - Attempting to get user from session
2025-05-03 02:09:13,669 - DEBUG - User ID: None
2025-05-03 02:09:13,669 - DEBUG - Received form data: {'departure': 'Алматы', 'destination': 'Тбилиси', 'departure_date': '2025-05-03', 'return_date': '', 'passengers': '2', 'class': 'economy'}
2025-05-03 02:09:13,671 - DEBUG - Request data validated: {'departure': 'Алматы', 'destination': 'Тбилиси', 'departure_date': '2025-05-03', 'return_date': '', 'passengers': '2', 'class': 'economy'}
2025-05-03 02:09:13,671 - DEBUG - Attempting to log search request: {'departure': 'Алматы', 'destination': 'Тбилиси', 'departure_date': '2025-05-03', 'return_date': '', 'passengers': '2', 'class': 'economy'}
2025-05-03 02:09:13,671 - DEBUG - Attempting to connect to database: C:\Apache24\htdocs\logs\flight_search.db
2025-05-03 02:09:13,671 - DEBUG - Connected to database, setting WAL mode
2025-05-03 02:09:13,676 - DEBUG - Journal mode set to: wal
2025-05-03 02:09:13,683 - DEBUG - Search request logged successfully
2025-05-03 02:09:13,683 - DEBUG - Attempting to log audit: search_flight, {'departure': 'Алматы', 'destination': 'Тбилиси', 'departure_date': '2025-05-03', 'return_date': '', 'passengers': '2', 'class': 'economy'}
2025-05-03 02:09:13,683 - DEBUG - Attempting to connect to database: C:\Apache24\htdocs\logs\flight_search.db
2025-05-03 02:09:13,683 - DEBUG - Connected to database, setting WAL mode
2025-05-03 02:09:13,690 - DEBUG - Journal mode set to: wal
2025-05-03 02:09:13,690 - DEBUG - Audit logged successfully
2025-05-03 02:09:13,690 - DEBUG - Searching flights via API: departure=Алматы, destination=Тбилиси, date=2025-05-03, class=economy, passengers=2
2025-05-03 02:09:13,690 - DEBUG - Signature string: ba463465c90bfaee386337e7c62e8a35:currency=RUB:departure_at=2025-05-03:destination=TBS:direct=false:limit=100:market=ru:origin=ALA
2025-05-03 02:09:13,690 - DEBUG - Sending API request to https://api.travelpayouts.com/aviasales/v3/prices_for_dates with params: {'origin': 'ALA', 'destination': 'TBS', 'departure_at': '2025-05-03', 'currency': 'RUB', 'market': 'ru', 'limit': 100, 'direct': 'false', 'token': 'ba463465c90bfaee386337e7c62e8a35', 'signature': 'fcfbb44940c91f4e65039b66305b07e9'}
2025-05-03 02:09:13,690 - DEBUG - Starting new HTTPS connection (1): api.travelpayouts.com:443
2025-05-03 02:09:14,474 - DEBUG - https://api.travelpayouts.com:443 "GET /aviasales/v3/prices_for_dates?origin=ALA&destination=TBS&departure_at=2025-05-03&currency=RUB&market=ru&limit=100&direct=false&token=ba463465c90bfaee386337e7c62e8a35&signature=fcfbb44940c91f4e65039b66305b07e9 HTTP/1.1" 200 43
2025-05-03 02:09:14,474 - DEBUG - API response: {'data': [], 'currency': 'RUB', 'success': True}
2025-05-03 02:09:14,474 - DEBUG - Processed 0 flights from API
2025-05-03 02:09:14,481 - DEBUG - Returning response: {'success': True, 'flights': []}
2025-05-03 02:09:14,481 - DEBUG - Main execution completed
2025-05-03 02:11:17,415 - DEBUG - Starting main execution
2025-05-03 02:11:17,415 - DEBUG - Attempting to get user from session
2025-05-03 02:11:17,415 - DEBUG - User ID: None
2025-05-03 02:11:17,415 - DEBUG - Received form data: {'departure': 'Алматы', 'destination': 'Тбилиси', 'departure_date': '2025-05-01', 'return_date': '', 'passengers': '1', 'class': 'economy'}
2025-05-03 02:11:17,422 - DEBUG - Request data validated: {'departure': 'Алматы', 'destination': 'Тбилиси', 'departure_date': '2025-05-01', 'return_date': '', 'passengers': '1', 'class': 'economy'}
2025-05-03 02:11:17,422 - DEBUG - Attempting to log search request: {'departure': 'Алматы', 'destination': 'Тбилиси', 'departure_date': '2025-05-01', 'return_date': '', 'passengers': '1', 'class': 'economy'}
2025-05-03 02:11:17,422 - DEBUG - Attempting to connect to database: C:\Apache24\htdocs\logs\flight_search.db
2025-05-03 02:11:17,422 - DEBUG - Connected to database, setting WAL mode
2025-05-03 02:11:17,429 - DEBUG - Journal mode set to: wal
2025-05-03 02:11:17,429 - DEBUG - Search request logged successfully
2025-05-03 02:11:17,429 - DEBUG - Attempting to log audit: search_flight, {'departure': 'Алматы', 'destination': 'Тбилиси', 'departure_date': '2025-05-01', 'return_date': '', 'passengers': '1', 'class': 'economy'}
2025-05-03 02:11:17,429 - DEBUG - Attempting to connect to database: C:\Apache24\htdocs\logs\flight_search.db
2025-05-03 02:11:17,429 - DEBUG - Connected to database, setting WAL mode
2025-05-03 02:11:17,436 - DEBUG - Journal mode set to: wal
2025-05-03 02:11:17,441 - DEBUG - Audit logged successfully
2025-05-03 02:11:17,441 - DEBUG - Searching flights via API: departure=Алматы, destination=Тбилиси, date=2025-05-01, class=economy, passengers=1
2025-05-03 02:11:17,441 - DEBUG - Signature string: ba463465c90bfaee386337e7c62e8a35:currency=RUB:departure_at=2025-05-01:destination=TBS:direct=false:limit=100:market=ru:origin=ALA
2025-05-03 02:11:17,441 - DEBUG - Sending API request to https://api.travelpayouts.com/aviasales/v3/prices_for_dates with params: {'origin': 'ALA', 'destination': 'TBS', 'departure_at': '2025-05-01', 'currency': 'RUB', 'market': 'ru', 'limit': 100, 'direct': 'false', 'token': 'ba463465c90bfaee386337e7c62e8a35', 'signature': '90de759e009896ddae42c7c09658cd6b'}
2025-05-03 02:11:17,443 - DEBUG - Starting new HTTPS connection (1): api.travelpayouts.com:443
2025-05-03 02:11:17,978 - DEBUG - https://api.travelpayouts.com:443 "GET /aviasales/v3/prices_for_dates?origin=ALA&destination=TBS&departure_at=2025-05-01&currency=RUB&market=ru&limit=100&direct=false&token=ba463465c90bfaee386337e7c62e8a35&signature=90de759e009896ddae42c7c09658cd6b HTTP/1.1" 200 43
2025-05-03 02:11:17,978 - DEBUG - API response: {'data': [], 'currency': 'RUB', 'success': True}
2025-05-03 02:11:17,978 - DEBUG - Processed 0 flights from API
2025-05-03 02:11:17,978 - DEBUG - Returning response: {'success': True, 'flights': []}
2025-05-03 02:11:17,978 - DEBUG - Main execution completed
2025-05-03 02:11:21,609 - DEBUG - Starting main execution
2025-05-03 02:11:21,609 - DEBUG - Attempting to get user from session
2025-05-03 02:11:21,609 - DEBUG - User ID: None
2025-05-03 02:11:21,609 - DEBUG - Received form data: {'departure': 'Алматы', 'destination': 'Тбилиси', 'departure_date': '2025-05-02', 'return_date': '', 'passengers': '1', 'class': 'economy'}
2025-05-03 02:11:21,609 - DEBUG - Request data validated: {'departure': 'Алматы', 'destination': 'Тбилиси', 'departure_date': '2025-05-02', 'return_date': '', 'passengers': '1', 'class': 'economy'}
2025-05-03 02:11:21,609 - DEBUG - Attempting to log search request: {'departure': 'Алматы', 'destination': 'Тбилиси', 'departure_date': '2025-05-02', 'return_date': '', 'passengers': '1', 'class': 'economy'}
2025-05-03 02:11:21,609 - DEBUG - Attempting to connect to database: C:\Apache24\htdocs\logs\flight_search.db
2025-05-03 02:11:21,617 - DEBUG - Connected to database, setting WAL mode
2025-05-03 02:11:21,624 - DEBUG - Journal mode set to: wal
2025-05-03 02:11:21,624 - DEBUG - Search request logged successfully
2025-05-03 02:11:21,624 - DEBUG - Attempting to log audit: search_flight, {'departure': 'Алматы', 'destination': 'Тбилиси', 'departure_date': '2025-05-02', 'return_date': '', 'passengers': '1', 'class': 'economy'}
2025-05-03 02:11:21,624 - DEBUG - Attempting to connect to database: C:\Apache24\htdocs\logs\flight_search.db
2025-05-03 02:11:21,624 - DEBUG - Connected to database, setting WAL mode
2025-05-03 02:11:21,631 - DEBUG - Journal mode set to: wal
2025-05-03 02:11:21,631 - DEBUG - Audit logged successfully
2025-05-03 02:11:21,631 - DEBUG - Searching flights via API: departure=Алматы, destination=Тбилиси, date=2025-05-02, class=economy, passengers=1
2025-05-03 02:11:21,631 - DEBUG - Signature string: ba463465c90bfaee386337e7c62e8a35:currency=RUB:departure_at=2025-05-02:destination=TBS:direct=false:limit=100:market=ru:origin=ALA
2025-05-03 02:11:21,631 - DEBUG - Sending API request to https://api.travelpayouts.com/aviasales/v3/prices_for_dates with params: {'origin': 'ALA', 'destination': 'TBS', 'departure_at': '2025-05-02', 'currency': 'RUB', 'market': 'ru', 'limit': 100, 'direct': 'false', 'token': 'ba463465c90bfaee386337e7c62e8a35', 'signature': '55a73be95a22adea0077a57b29e0e5f2'}
2025-05-03 02:11:21,637 - DEBUG - Starting new HTTPS connection (1): api.travelpayouts.com:443
2025-05-03 02:11:22,415 - DEBUG - https://api.travelpayouts.com:443 "GET /aviasales/v3/prices_for_dates?origin=ALA&destination=TBS&departure_at=2025-05-02&currency=RUB&market=ru&limit=100&direct=false&token=ba463465c90bfaee386337e7c62e8a35&signature=55a73be95a22adea0077a57b29e0e5f2 HTTP/1.1" 200 43
2025-05-03 02:11:22,415 - DEBUG - API response: {'data': [], 'currency': 'RUB', 'success': True}
2025-05-03 02:11:22,415 - DEBUG - Processed 0 flights from API
2025-05-03 02:11:22,415 - DEBUG - Returning response: {'success': True, 'flights': []}
2025-05-03 02:11:22,415 - DEBUG - Main execution completed
2025-05-03 02:12:41,566 - DEBUG - Starting main execution
2025-05-03 02:12:41,566 - DEBUG - Attempting to get user from session
2025-05-03 02:12:41,566 - DEBUG - User ID: None
2025-05-03 02:12:41,566 - DEBUG - Received form data: {'departure': 'Алматы', 'destination': 'Тбилиси', 'departure_date': '2025-05-01', 'return_date': '', 'passengers': '1', 'class': 'economy'}
2025-05-03 02:12:41,566 - DEBUG - Request data validated: {'departure': 'Алматы', 'destination': 'Тбилиси', 'departure_date': '2025-05-01', 'return_date': '', 'passengers': '1', 'class': 'economy'}
2025-05-03 02:12:41,566 - DEBUG - Attempting to log search request: {'departure': 'Алматы', 'destination': 'Тбилиси', 'departure_date': '2025-05-01', 'return_date': '', 'passengers': '1', 'class': 'economy'}
2025-05-03 02:12:41,566 - DEBUG - Attempting to connect to database: C:\Apache24\htdocs\logs\flight_search.db
2025-05-03 02:12:41,566 - DEBUG - Connected to database, setting WAL mode
2025-05-03 02:12:41,572 - DEBUG - Journal mode set to: wal
2025-05-03 02:12:41,579 - DEBUG - Search request logged successfully
2025-05-03 02:12:41,579 - DEBUG - Attempting to log audit: search_flight, {'departure': 'Алматы', 'destination': 'Тбилиси', 'departure_date': '2025-05-01', 'return_date': '', 'passengers': '1', 'class': 'economy'}
2025-05-03 02:12:41,579 - DEBUG - Attempting to connect to database: C:\Apache24\htdocs\logs\flight_search.db
2025-05-03 02:12:41,579 - DEBUG - Connected to database, setting WAL mode
2025-05-03 02:12:41,587 - DEBUG - Journal mode set to: wal
2025-05-03 02:12:41,587 - DEBUG - Audit logged successfully
2025-05-03 02:12:41,587 - DEBUG - Searching flights via API: departure=Алматы, destination=Тбилиси, date=2025-05-01, class=economy, passengers=1
2025-05-03 02:12:41,587 - DEBUG - Signature string: ba463465c90bfaee386337e7c62e8a35:currency=RUB:departure_at=2025-05-01:destination=TBS:direct=false:limit=100:market=ru:origin=ALA
2025-05-03 02:12:41,587 - DEBUG - Sending API request to https://api.travelpayouts.com/aviasales/v3/prices_for_dates with params: {'origin': 'ALA', 'destination': 'TBS', 'departure_at': '2025-05-01', 'currency': 'RUB', 'market': 'ru', 'limit': 100, 'direct': 'false', 'token': 'ba463465c90bfaee386337e7c62e8a35', 'signature': '90de759e009896ddae42c7c09658cd6b'}
2025-05-03 02:12:41,587 - DEBUG - Starting new HTTPS connection (1): api.travelpayouts.com:443
2025-05-03 02:12:42,447 - DEBUG - https://api.travelpayouts.com:443 "GET /aviasales/v3/prices_for_dates?origin=ALA&destination=TBS&departure_at=2025-05-01&currency=RUB&market=ru&limit=100&direct=false&token=ba463465c90bfaee386337e7c62e8a35&signature=90de759e009896ddae42c7c09658cd6b HTTP/1.1" 200 43
2025-05-03 02:12:42,447 - DEBUG - API response: {'data': [], 'currency': 'RUB', 'success': True}
2025-05-03 02:12:42,447 - WARNING - No flights found in API response, possibly due to date or cache limitation
2025-05-03 02:12:42,447 - DEBUG - Processed 0 flights from API
2025-05-03 02:12:42,447 - DEBUG - Returning response: {'success': True, 'flights': [], 'message': 'Рейсы не найдены. Проверьте дату (доступны данные за последние 48 часов).'}
2025-05-03 02:12:42,447 - DEBUG - Main execution completed
2025-05-03 02:13:08,248 - DEBUG - Starting main execution
2025-05-03 02:13:08,248 - DEBUG - Attempting to get user from session
2025-05-03 02:13:08,248 - DEBUG - User ID: None
2025-05-03 02:13:08,248 - DEBUG - Received form data: {'departure': 'MOW', 'destination': 'LED', 'departure_date': '2025-05-01', 'return_date': '', 'passengers': '1', 'class': 'economy'}
2025-05-03 02:13:08,248 - DEBUG - Request data validated: {'departure': 'MOW', 'destination': 'LED', 'departure_date': '2025-05-01', 'return_date': '', 'passengers': '1', 'class': 'economy'}
2025-05-03 02:13:08,248 - DEBUG - Attempting to log search request: {'departure': 'MOW', 'destination': 'LED', 'departure_date': '2025-05-01', 'return_date': '', 'passengers': '1', 'class': 'economy'}
2025-05-03 02:13:08,248 - DEBUG - Attempting to connect to database: C:\Apache24\htdocs\logs\flight_search.db
2025-05-03 02:13:08,248 - DEBUG - Connected to database, setting WAL mode
2025-05-03 02:13:08,255 - DEBUG - Journal mode set to: wal
2025-05-03 02:13:08,255 - DEBUG - Search request logged successfully
2025-05-03 02:13:08,255 - DEBUG - Attempting to log audit: search_flight, {'departure': 'MOW', 'destination': 'LED', 'departure_date': '2025-05-01', 'return_date': '', 'passengers': '1', 'class': 'economy'}
2025-05-03 02:13:08,255 - DEBUG - Attempting to connect to database: C:\Apache24\htdocs\logs\flight_search.db
2025-05-03 02:13:08,255 - DEBUG - Connected to database, setting WAL mode
2025-05-03 02:13:08,262 - DEBUG - Journal mode set to: wal
2025-05-03 02:13:08,269 - DEBUG - Audit logged successfully
2025-05-03 02:13:08,269 - DEBUG - Searching flights via API: departure=MOW, destination=LED, date=2025-05-01, class=economy, passengers=1
2025-05-03 02:13:08,269 - ERROR - Could not map cities to IATA codes: MOW -> , LED -> 
2025-05-03 02:13:08,269 - DEBUG - Returning response: {'success': True, 'flights': [], 'message': 'Рейсы не найдены. Проверьте дату (доступны данные за последние 48 часов).'}
2025-05-03 02:13:08,269 - DEBUG - Main execution completed
2025-05-03 02:13:31,667 - DEBUG - Starting main execution
2025-05-03 02:13:31,667 - DEBUG - Attempting to get user from session
2025-05-03 02:13:31,667 - DEBUG - User ID: None
2025-05-03 02:13:31,667 - DEBUG - Received form data: {'departure': 'MOSCOW', 'destination': 'NEW_YORK', 'departure_date': '2025-05-03', 'return_date': '', 'passengers': '1', 'class': 'economy'}
2025-05-03 02:13:31,667 - DEBUG - Request data validated: {'departure': 'MOSCOW', 'destination': 'NEW_YORK', 'departure_date': '2025-05-03', 'return_date': '', 'passengers': '1', 'class': 'economy'}
2025-05-03 02:13:31,667 - DEBUG - Attempting to log search request: {'departure': 'MOSCOW', 'destination': 'NEW_YORK', 'departure_date': '2025-05-03', 'return_date': '', 'passengers': '1', 'class': 'economy'}
2025-05-03 02:13:31,667 - DEBUG - Attempting to connect to database: C:\Apache24\htdocs\logs\flight_search.db
2025-05-03 02:13:31,667 - DEBUG - Connected to database, setting WAL mode
2025-05-03 02:13:31,674 - DEBUG - Journal mode set to: wal
2025-05-03 02:13:31,674 - DEBUG - Search request logged successfully
2025-05-03 02:13:31,674 - DEBUG - Attempting to log audit: search_flight, {'departure': 'MOSCOW', 'destination': 'NEW_YORK', 'departure_date': '2025-05-03', 'return_date': '', 'passengers': '1', 'class': 'economy'}
2025-05-03 02:13:31,674 - DEBUG - Attempting to connect to database: C:\Apache24\htdocs\logs\flight_search.db
2025-05-03 02:13:31,680 - DEBUG - Connected to database, setting WAL mode
2025-05-03 02:13:31,681 - DEBUG - Journal mode set to: wal
2025-05-03 02:13:31,688 - DEBUG - Audit logged successfully
2025-05-03 02:13:31,688 - DEBUG - Searching flights via API: departure=MOSCOW, destination=NEW_YORK, date=2025-05-03, class=economy, passengers=1
2025-05-03 02:13:31,688 - ERROR - Could not map cities to IATA codes: MOSCOW -> , NEW_YORK -> 
2025-05-03 02:13:31,688 - DEBUG - Returning response: {'success': True, 'flights': [], 'message': 'Рейсы не найдены. Проверьте дату (доступны данные за последние 48 часов).'}
2025-05-03 02:13:31,688 - DEBUG - Main execution completed
2025-05-03 02:17:35,918 - DEBUG - Starting main execution
2025-05-03 02:17:35,918 - DEBUG - Attempting to get user from session
2025-05-03 02:17:35,918 - DEBUG - User ID: None
2025-05-03 02:17:35,918 - DEBUG - Received form data: {'departure': 'МОСКВА', 'destination': 'НЬЮ-ЙОРК', 'departure_date': '2025-05-01', 'return_date': '', 'passengers': '1', 'class': 'economy'}
2025-05-03 02:17:35,918 - DEBUG - Request data validated: {'departure': 'МОСКВА', 'destination': 'НЬЮ-ЙОРК', 'departure_date': '2025-05-01', 'return_date': '', 'passengers': '1', 'class': 'economy'}
2025-05-03 02:17:35,918 - DEBUG - Attempting to log search request: {'departure': 'МОСКВА', 'destination': 'НЬЮ-ЙОРК', 'departure_date': '2025-05-01', 'return_date': '', 'passengers': '1', 'class': 'economy'}
2025-05-03 02:17:35,918 - DEBUG - Attempting to connect to database: C:\Apache24\htdocs\logs\flight_search.db
2025-05-03 02:17:35,924 - DEBUG - Connected to database, setting WAL mode
2025-05-03 02:17:35,932 - DEBUG - Journal mode set to: wal
2025-05-03 02:17:35,932 - DEBUG - Search request logged successfully
2025-05-03 02:17:35,932 - DEBUG - Attempting to log audit: search_flight, {'departure': 'МОСКВА', 'destination': 'НЬЮ-ЙОРК', 'departure_date': '2025-05-01', 'return_date': '', 'passengers': '1', 'class': 'economy'}
2025-05-03 02:17:35,932 - DEBUG - Attempting to connect to database: C:\Apache24\htdocs\logs\flight_search.db
2025-05-03 02:17:35,932 - DEBUG - Connected to database, setting WAL mode
2025-05-03 02:17:35,939 - DEBUG - Journal mode set to: wal
2025-05-03 02:17:35,939 - DEBUG - Audit logged successfully
2025-05-03 02:17:35,939 - DEBUG - Searching flights via API: departure=МОСКВА, destination=НЬЮ-ЙОРК, date=2025-05-01, class=economy, passengers=1
2025-05-03 02:17:35,939 - ERROR - Could not map cities to IATA codes: МОСКВА -> MOW, НЬЮ-ЙОРК -> 
2025-05-03 02:17:35,939 - DEBUG - Returning response: {'success': True, 'flights': [], 'message': 'Рейсы не найдены. Попробуйте изменить дату (доступны данные за последние 48 часов) или маршрут.'}
2025-05-03 02:17:35,939 - DEBUG - Main execution completed
2025-05-03 02:17:58,476 - DEBUG - Starting main execution
2025-05-03 02:17:58,476 - DEBUG - Attempting to get user from session
2025-05-03 02:17:58,476 - DEBUG - User ID: None
2025-05-03 02:17:58,476 - DEBUG - Received form data: {'departure': 'Алматы', 'destination': 'Атырау', 'departure_date': '2025-05-01', 'return_date': '', 'passengers': '1', 'class': 'economy'}
2025-05-03 02:17:58,476 - DEBUG - Request data validated: {'departure': 'Алматы', 'destination': 'Атырау', 'departure_date': '2025-05-01', 'return_date': '', 'passengers': '1', 'class': 'economy'}
2025-05-03 02:17:58,476 - DEBUG - Attempting to log search request: {'departure': 'Алматы', 'destination': 'Атырау', 'departure_date': '2025-05-01', 'return_date': '', 'passengers': '1', 'class': 'economy'}
2025-05-03 02:17:58,476 - DEBUG - Attempting to connect to database: C:\Apache24\htdocs\logs\flight_search.db
2025-05-03 02:17:58,476 - DEBUG - Connected to database, setting WAL mode
2025-05-03 02:17:58,490 - DEBUG - Journal mode set to: wal
2025-05-03 02:17:58,490 - DEBUG - Search request logged successfully
2025-05-03 02:17:58,490 - DEBUG - Attempting to log audit: search_flight, {'departure': 'Алматы', 'destination': 'Атырау', 'departure_date': '2025-05-01', 'return_date': '', 'passengers': '1', 'class': 'economy'}
2025-05-03 02:17:58,490 - DEBUG - Attempting to connect to database: C:\Apache24\htdocs\logs\flight_search.db
2025-05-03 02:17:58,490 - DEBUG - Connected to database, setting WAL mode
2025-05-03 02:17:58,497 - DEBUG - Journal mode set to: wal
2025-05-03 02:17:58,497 - DEBUG - Audit logged successfully
2025-05-03 02:17:58,497 - DEBUG - Searching flights via API: departure=Алматы, destination=Атырау, date=2025-05-01, class=economy, passengers=1
2025-05-03 02:17:58,497 - ERROR - Could not map cities to IATA codes: Алматы -> ALA, Атырау -> 
2025-05-03 02:17:58,497 - DEBUG - Returning response: {'success': True, 'flights': [], 'message': 'Рейсы не найдены. Попробуйте изменить дату (доступны данные за последние 48 часов) или маршрут.'}
2025-05-03 02:17:58,497 - DEBUG - Main execution completed
2025-05-03 02:18:08,473 - DEBUG - Starting main execution
2025-05-03 02:18:08,473 - DEBUG - Attempting to get user from session
2025-05-03 02:18:08,473 - DEBUG - User ID: None
2025-05-03 02:18:08,473 - DEBUG - Received form data: {'departure': 'Алматы', 'destination': 'Атырау', 'departure_date': '2025-05-01', 'return_date': '', 'passengers': '1', 'class': 'economy'}
2025-05-03 02:18:08,474 - DEBUG - Request data validated: {'departure': 'Алматы', 'destination': 'Атырау', 'departure_date': '2025-05-01', 'return_date': '', 'passengers': '1', 'class': 'economy'}
2025-05-03 02:18:08,474 - DEBUG - Attempting to log search request: {'departure': 'Алматы', 'destination': 'Атырау', 'departure_date': '2025-05-01', 'return_date': '', 'passengers': '1', 'class': 'economy'}
2025-05-03 02:18:08,474 - DEBUG - Attempting to connect to database: C:\Apache24\htdocs\logs\flight_search.db
2025-05-03 02:18:08,474 - DEBUG - Connected to database, setting WAL mode
2025-05-03 02:18:08,481 - DEBUG - Journal mode set to: wal
2025-05-03 02:18:08,481 - DEBUG - Search request logged successfully
2025-05-03 02:18:08,481 - DEBUG - Attempting to log audit: search_flight, {'departure': 'Алматы', 'destination': 'Атырау', 'departure_date': '2025-05-01', 'return_date': '', 'passengers': '1', 'class': 'economy'}
2025-05-03 02:18:08,481 - DEBUG - Attempting to connect to database: C:\Apache24\htdocs\logs\flight_search.db
2025-05-03 02:18:08,481 - DEBUG - Connected to database, setting WAL mode
2025-05-03 02:18:08,489 - DEBUG - Journal mode set to: wal
2025-05-03 02:18:08,489 - DEBUG - Audit logged successfully
2025-05-03 02:18:08,489 - DEBUG - Searching flights via API: departure=Алматы, destination=Атырау, date=2025-05-01, class=economy, passengers=1
2025-05-03 02:18:08,489 - ERROR - Could not map cities to IATA codes: Алматы -> ALA, Атырау -> 
2025-05-03 02:18:08,489 - DEBUG - Returning response: {'success': True, 'flights': [], 'message': 'Рейсы не найдены. Попробуйте изменить дату (доступны данные за последние 48 часов) или маршрут.'}
2025-05-03 02:18:08,489 - DEBUG - Main execution completed
2025-05-03 02:18:43,196 - DEBUG - Starting main execution
2025-05-03 02:18:43,196 - DEBUG - Attempting to get user from session
2025-05-03 02:18:43,196 - DEBUG - User ID: None
2025-05-03 02:18:43,196 - DEBUG - Received form data: {'departure': 'MOW', 'destination': 'DXB', 'departure_date': '2025-05-01', 'return_date': '', 'passengers': '1', 'class': 'economy'}
2025-05-03 02:18:43,203 - DEBUG - Request data validated: {'departure': 'MOW', 'destination': 'DXB', 'departure_date': '2025-05-01', 'return_date': '', 'passengers': '1', 'class': 'economy'}
2025-05-03 02:18:43,203 - DEBUG - Attempting to log search request: {'departure': 'MOW', 'destination': 'DXB', 'departure_date': '2025-05-01', 'return_date': '', 'passengers': '1', 'class': 'economy'}
2025-05-03 02:18:43,203 - DEBUG - Attempting to connect to database: C:\Apache24\htdocs\logs\flight_search.db
2025-05-03 02:18:43,203 - DEBUG - Connected to database, setting WAL mode
2025-05-03 02:18:43,210 - DEBUG - Journal mode set to: wal
2025-05-03 02:18:43,210 - DEBUG - Search request logged successfully
2025-05-03 02:18:43,210 - DEBUG - Attempting to log audit: search_flight, {'departure': 'MOW', 'destination': 'DXB', 'departure_date': '2025-05-01', 'return_date': '', 'passengers': '1', 'class': 'economy'}
2025-05-03 02:18:43,210 - DEBUG - Attempting to connect to database: C:\Apache24\htdocs\logs\flight_search.db
2025-05-03 02:18:43,210 - DEBUG - Connected to database, setting WAL mode
2025-05-03 02:18:43,218 - DEBUG - Journal mode set to: wal
2025-05-03 02:18:43,224 - DEBUG - Audit logged successfully
2025-05-03 02:18:43,224 - DEBUG - Searching flights via API: departure=MOW, destination=DXB, date=2025-05-01, class=economy, passengers=1
2025-05-03 02:18:43,224 - DEBUG - Signature string: ba463465c90bfaee386337e7c62e8a35:currency=RUB:departure_at=2025-05-01:destination=DXB:direct=false:limit=100:market=ru:origin=MOW
2025-05-03 02:18:43,224 - DEBUG - Sending API request to https://api.travelpayouts.com/aviasales/v3/prices_for_dates with params: {'origin': 'MOW', 'destination': 'DXB', 'departure_at': '2025-05-01', 'currency': 'RUB', 'market': 'ru', 'limit': 100, 'direct': 'false', 'token': 'ba463465c90bfaee386337e7c62e8a35', 'signature': 'af18c21e1e49cd3d4f3e30040d987926'}
2025-05-03 02:18:43,224 - DEBUG - Starting new HTTPS connection (1): api.travelpayouts.com:443
2025-05-03 02:18:45,314 - DEBUG - https://api.travelpayouts.com:443 "GET /aviasales/v3/prices_for_dates?origin=MOW&destination=DXB&departure_at=2025-05-01&currency=RUB&market=ru&limit=100&direct=false&token=ba463465c90bfaee386337e7c62e8a35&signature=af18c21e1e49cd3d4f3e30040d987926 HTTP/1.1" 200 43
2025-05-03 02:18:45,314 - DEBUG - API response for market ru: {'data': [], 'currency': 'RUB', 'success': True}
2025-05-03 02:18:45,314 - DEBUG - Signature string: ba463465c90bfaee386337e7c62e8a35:currency=RUB:departure_at=2025-05-01:destination=DXB:direct=false:limit=100:market=kz:origin=MOW
2025-05-03 02:18:45,314 - DEBUG - Sending API request to https://api.travelpayouts.com/aviasales/v3/prices_for_dates with params: {'origin': 'MOW', 'destination': 'DXB', 'departure_at': '2025-05-01', 'currency': 'RUB', 'market': 'kz', 'limit': 100, 'direct': 'false', 'token': 'ba463465c90bfaee386337e7c62e8a35', 'signature': '70e6d7c380549ee99fa42c9d0b751eab'}
2025-05-03 02:18:45,314 - DEBUG - Starting new HTTPS connection (1): api.travelpayouts.com:443
2025-05-03 02:18:46,078 - DEBUG - https://api.travelpayouts.com:443 "GET /aviasales/v3/prices_for_dates?origin=MOW&destination=DXB&departure_at=2025-05-01&currency=RUB&market=kz&limit=100&direct=false&token=ba463465c90bfaee386337e7c62e8a35&signature=70e6d7c380549ee99fa42c9d0b751eab HTTP/1.1" 200 43
2025-05-03 02:18:46,078 - DEBUG - API response for market kz: {'data': [], 'currency': 'RUB', 'success': True}
2025-05-03 02:18:46,078 - DEBUG - Signature string: ba463465c90bfaee386337e7c62e8a35:currency=RUB:departure_at=2025-05-01:destination=DXB:direct=false:limit=100:market=us:origin=MOW
2025-05-03 02:18:46,078 - DEBUG - Sending API request to https://api.travelpayouts.com/aviasales/v3/prices_for_dates with params: {'origin': 'MOW', 'destination': 'DXB', 'departure_at': '2025-05-01', 'currency': 'RUB', 'market': 'us', 'limit': 100, 'direct': 'false', 'token': 'ba463465c90bfaee386337e7c62e8a35', 'signature': '7d3fc6acbe2231f3547b1426c10c6356'}
2025-05-03 02:18:46,085 - DEBUG - Starting new HTTPS connection (1): api.travelpayouts.com:443
2025-05-03 02:18:46,503 - DEBUG - https://api.travelpayouts.com:443 "GET /aviasales/v3/prices_for_dates?origin=MOW&destination=DXB&departure_at=2025-05-01&currency=RUB&market=us&limit=100&direct=false&token=ba463465c90bfaee386337e7c62e8a35&signature=7d3fc6acbe2231f3547b1426c10c6356 HTTP/1.1" 200 43
2025-05-03 02:18:46,503 - DEBUG - API response for market us: {'data': [], 'currency': 'RUB', 'success': True}
2025-05-03 02:18:46,503 - WARNING - No flights found in API response across all markets, possibly due to date, route, or cache limitation
2025-05-03 02:18:46,503 - DEBUG - Processed 0 flights from API
2025-05-03 02:18:46,508 - DEBUG - Returning response: {'success': True, 'flights': [], 'message': 'Рейсы не найдены. Попробуйте изменить дату (доступны данные за последние 48 часов) или маршрут.'}
2025-05-03 02:18:46,508 - DEBUG - Main execution completed
2025-05-03 02:18:51,805 - DEBUG - Starting main execution
2025-05-03 02:18:51,805 - DEBUG - Attempting to get user from session
2025-05-03 02:18:51,805 - DEBUG - User ID: None
2025-05-03 02:18:51,805 - DEBUG - Received form data: {'departure': 'MOW', 'destination': 'DXB', 'departure_date': '2025-05-03', 'return_date': '', 'passengers': '1', 'class': 'economy'}
2025-05-03 02:18:51,805 - DEBUG - Request data validated: {'departure': 'MOW', 'destination': 'DXB', 'departure_date': '2025-05-03', 'return_date': '', 'passengers': '1', 'class': 'economy'}
2025-05-03 02:18:51,805 - DEBUG - Attempting to log search request: {'departure': 'MOW', 'destination': 'DXB', 'departure_date': '2025-05-03', 'return_date': '', 'passengers': '1', 'class': 'economy'}
2025-05-03 02:18:51,805 - DEBUG - Attempting to connect to database: C:\Apache24\htdocs\logs\flight_search.db
2025-05-03 02:18:51,805 - DEBUG - Connected to database, setting WAL mode
2025-05-03 02:18:51,819 - DEBUG - Journal mode set to: wal
2025-05-03 02:18:51,819 - DEBUG - Search request logged successfully
2025-05-03 02:18:51,819 - DEBUG - Attempting to log audit: search_flight, {'departure': 'MOW', 'destination': 'DXB', 'departure_date': '2025-05-03', 'return_date': '', 'passengers': '1', 'class': 'economy'}
2025-05-03 02:18:51,819 - DEBUG - Attempting to connect to database: C:\Apache24\htdocs\logs\flight_search.db
2025-05-03 02:18:51,819 - DEBUG - Connected to database, setting WAL mode
2025-05-03 02:18:51,826 - DEBUG - Journal mode set to: wal
2025-05-03 02:18:51,826 - DEBUG - Audit logged successfully
2025-05-03 02:18:51,826 - DEBUG - Searching flights via API: departure=MOW, destination=DXB, date=2025-05-03, class=economy, passengers=1
2025-05-03 02:18:51,826 - DEBUG - Signature string: ba463465c90bfaee386337e7c62e8a35:currency=RUB:departure_at=2025-05-03:destination=DXB:direct=false:limit=100:market=ru:origin=MOW
2025-05-03 02:18:51,826 - DEBUG - Sending API request to https://api.travelpayouts.com/aviasales/v3/prices_for_dates with params: {'origin': 'MOW', 'destination': 'DXB', 'departure_at': '2025-05-03', 'currency': 'RUB', 'market': 'ru', 'limit': 100, 'direct': 'false', 'token': 'ba463465c90bfaee386337e7c62e8a35', 'signature': '0e10fa706d13043ed6e18cf7c50f945b'}
2025-05-03 02:18:51,826 - DEBUG - Starting new HTTPS connection (1): api.travelpayouts.com:443
2025-05-03 02:18:52,618 - DEBUG - https://api.travelpayouts.com:443 "GET /aviasales/v3/prices_for_dates?origin=MOW&destination=DXB&departure_at=2025-05-03&currency=RUB&market=ru&limit=100&direct=false&token=ba463465c90bfaee386337e7c62e8a35&signature=0e10fa706d13043ed6e18cf7c50f945b HTTP/1.1" 200 385
2025-05-03 02:18:52,618 - DEBUG - API response for market ru: {'data': [{'flight_number': '702', 'link': '/search/MOW0305SHJ1?t=HH17463048001746377100001145DMETASSHJ_d7c786a3d960e67e68852e8da786c859_20777&search_date=02052025&expected_price_uuid=c66f69da-6cd3-42a1-82b6-62f833734103&expected_price_source=share&expected_price_currency=rub&expected_price=20777', 'origin_airport': 'DME', 'destination_airport': 'SHJ', 'departure_at': '2025-05-03T20:40:00+03:00', 'airline': 'HH', 'destination': 'SHJ', 'origin': 'MOW', 'price': 20777, 'return_transfers': 0, 'duration': 1145, 'duration_to': 435, 'duration_back': 0, 'transfers': 1}], 'currency': 'RUB', 'success': True}
2025-05-03 02:18:52,618 - DEBUG - Processed 1 flights from API
2025-05-03 02:18:52,618 - DEBUG - Returning response: {'success': True, 'flights': [{'id': 1, 'airline': 'HH', 'departure': 'MOW', 'destination': 'DXB', 'departure_time': '20:40', 'arrival_time': '00:00', 'class': 'economy', 'price': 20777.0, 'discount': 0, 'available_seats': 1, 'duration': 'Неизвестно', 'transfers': '1 пересадок'}]}
2025-05-03 02:18:52,618 - DEBUG - Main execution completed
2025-05-03 02:21:13,799 - DEBUG - Starting main execution
2025-05-03 02:21:13,799 - DEBUG - Attempting to get user from session
2025-05-03 02:21:13,799 - DEBUG - User ID: None
2025-05-03 02:21:13,799 - DEBUG - Received form data: {'departure': 'MOW', 'destination': 'DXB', 'departure_date': '2025-05-04', 'return_date': '', 'passengers': '1', 'class': 'economy'}
2025-05-03 02:21:13,799 - DEBUG - Request data validated: {'departure': 'MOW', 'destination': 'DXB', 'departure_date': '2025-05-04', 'return_date': '', 'passengers': '1', 'class': 'economy'}
2025-05-03 02:21:13,799 - DEBUG - Attempting to log search request: {'departure': 'MOW', 'destination': 'DXB', 'departure_date': '2025-05-04', 'return_date': '', 'passengers': '1', 'class': 'economy'}
2025-05-03 02:21:13,799 - DEBUG - Attempting to connect to database: C:\Apache24\htdocs\logs\flight_search.db
2025-05-03 02:21:13,799 - DEBUG - Connected to database, setting WAL mode
2025-05-03 02:21:13,812 - DEBUG - Journal mode set to: wal
2025-05-03 02:21:13,812 - DEBUG - Search request logged successfully
2025-05-03 02:21:13,812 - DEBUG - Attempting to log audit: search_flight, {'departure': 'MOW', 'destination': 'DXB', 'departure_date': '2025-05-04', 'return_date': '', 'passengers': '1', 'class': 'economy'}
2025-05-03 02:21:13,812 - DEBUG - Attempting to connect to database: C:\Apache24\htdocs\logs\flight_search.db
2025-05-03 02:21:13,812 - DEBUG - Connected to database, setting WAL mode
2025-05-03 02:21:13,820 - DEBUG - Journal mode set to: wal
2025-05-03 02:21:13,826 - DEBUG - Audit logged successfully
2025-05-03 02:21:13,826 - DEBUG - Searching flights via API: departure=MOW, destination=DXB, date=2025-05-04, class=economy, passengers=1
2025-05-03 02:21:13,826 - DEBUG - Signature string: ba463465c90bfaee386337e7c62e8a35:currency=RUB:departure_at=2025-05-04:destination=DXB:direct=false:limit=100:market=ru:origin=MOW
2025-05-03 02:21:13,826 - DEBUG - Sending API request to https://api.travelpayouts.com/aviasales/v3/prices_for_dates with params: {'origin': 'MOW', 'destination': 'DXB', 'departure_at': '2025-05-04', 'currency': 'RUB', 'market': 'ru', 'limit': 100, 'direct': 'false', 'token': 'ba463465c90bfaee386337e7c62e8a35', 'signature': 'da489fb73b66a6ff78a564fe67f05209'}
2025-05-03 02:21:13,826 - DEBUG - Starting new HTTPS connection (1): api.travelpayouts.com:443
2025-05-03 02:21:14,695 - DEBUG - https://api.travelpayouts.com:443 "GET /aviasales/v3/prices_for_dates?origin=MOW&destination=DXB&departure_at=2025-05-04&currency=RUB&market=ru&limit=100&direct=false&token=ba463465c90bfaee386337e7c62e8a35&signature=da489fb73b66a6ff78a564fe67f05209 HTTP/1.1" 200 380
2025-05-03 02:21:14,695 - DEBUG - API response for market ru: {'data': [{'flight_number': '797', 'link': '/search/MOW0405DXB1?t=U617463429001746366300000330DMEDWC_d0dfd263ec2074f30fc4ef49df8df55c_14961&search_date=02052025&expected_price_uuid=9770b3e3-0336-4c95-8e51-1b3927a01a02&expected_price_source=share&expected_price_currency=rub&expected_price=14961', 'origin_airport': 'DME', 'destination_airport': 'DWC', 'departure_at': '2025-05-04T07:15:00+03:00', 'airline': 'U6', 'destination': 'DXB', 'origin': 'MOW', 'price': 14961, 'return_transfers': 0, 'duration': 330, 'duration_to': 330, 'duration_back': 0, 'transfers': 0}], 'currency': 'RUB', 'success': True}
2025-05-03 02:21:14,695 - DEBUG - Processed 1 flights from API
2025-05-03 02:21:14,695 - DEBUG - Returning response: {'success': True, 'flights': [{'id': 1, 'airline': 'U6', 'departure': 'MOW', 'destination': 'DXB', 'departure_time': '07:15', 'arrival_time': '00:00', 'class': 'economy', 'price': 14961.0, 'discount': 0, 'available_seats': 1, 'duration': 'Неизвестно', 'transfers': 'прямой'}]}
2025-05-03 02:21:14,695 - DEBUG - Main execution completed
2025-05-03 02:25:00,387 - DEBUG - Starting main execution
2025-05-03 02:25:00,387 - DEBUG - Attempting to get user from session
2025-05-03 02:25:00,387 - DEBUG - User ID: None
2025-05-03 02:25:00,387 - DEBUG - Received form data: {'departure': 'Москва', 'destination': 'Дубай', 'departure_date': '2025-05-04', 'return_date': '', 'passengers': '1', 'class': 'economy'}
2025-05-03 02:25:00,393 - DEBUG - Request data validated: {'departure': 'Москва', 'destination': 'Дубай', 'departure_date': '2025-05-04', 'return_date': '', 'passengers': '1', 'class': 'economy'}
2025-05-03 02:25:00,393 - DEBUG - Attempting to log search request: {'departure': 'Москва', 'destination': 'Дубай', 'departure_date': '2025-05-04', 'return_date': '', 'passengers': '1', 'class': 'economy'}
2025-05-03 02:25:00,393 - DEBUG - Attempting to connect to database: C:\Apache24\htdocs\logs\flight_search.db
2025-05-03 02:25:00,393 - DEBUG - Connected to database, setting WAL mode
2025-05-03 02:25:00,401 - DEBUG - Journal mode set to: wal
2025-05-03 02:25:00,407 - DEBUG - Search request logged successfully
2025-05-03 02:25:00,407 - DEBUG - Attempting to log audit: search_flight, {'departure': 'Москва', 'destination': 'Дубай', 'departure_date': '2025-05-04', 'return_date': '', 'passengers': '1', 'class': 'economy'}
2025-05-03 02:25:00,407 - DEBUG - Attempting to connect to database: C:\Apache24\htdocs\logs\flight_search.db
2025-05-03 02:25:00,407 - DEBUG - Connected to database, setting WAL mode
2025-05-03 02:25:00,414 - DEBUG - Journal mode set to: wal
2025-05-03 02:25:00,414 - DEBUG - Audit logged successfully
2025-05-03 02:25:00,414 - DEBUG - Searching flights via API: departure=Москва, destination=Дубай, date=2025-05-04, class=economy, passengers=1
2025-05-03 02:25:00,414 - ERROR - Could not map cities to IATA codes: Москва -> MOW, Дубай -> 
2025-05-03 02:25:00,414 - DEBUG - Returning response: {'success': True, 'flights': [], 'message': 'Рейсы не найдены. Попробуйте изменить дату (доступны данные за последние 48 часов) или маршрут.'}
2025-05-03 02:25:00,414 - DEBUG - Main execution completed
2025-05-03 02:25:02,393 - DEBUG - Starting main execution
2025-05-03 02:25:02,393 - DEBUG - Attempting to get user from session
2025-05-03 02:25:02,393 - DEBUG - User ID: None
2025-05-03 02:25:02,393 - DEBUG - Received form data: {'departure': 'Москва', 'destination': 'Дубай', 'departure_date': '2025-05-04', 'return_date': '', 'passengers': '1', 'class': 'economy'}
2025-05-03 02:25:02,393 - DEBUG - Request data validated: {'departure': 'Москва', 'destination': 'Дубай', 'departure_date': '2025-05-04', 'return_date': '', 'passengers': '1', 'class': 'economy'}
2025-05-03 02:25:02,393 - DEBUG - Attempting to log search request: {'departure': 'Москва', 'destination': 'Дубай', 'departure_date': '2025-05-04', 'return_date': '', 'passengers': '1', 'class': 'economy'}
2025-05-03 02:25:02,393 - DEBUG - Attempting to connect to database: C:\Apache24\htdocs\logs\flight_search.db
2025-05-03 02:25:02,393 - DEBUG - Connected to database, setting WAL mode
2025-05-03 02:25:02,400 - DEBUG - Journal mode set to: wal
2025-05-03 02:25:02,407 - DEBUG - Search request logged successfully
2025-05-03 02:25:02,407 - DEBUG - Attempting to log audit: search_flight, {'departure': 'Москва', 'destination': 'Дубай', 'departure_date': '2025-05-04', 'return_date': '', 'passengers': '1', 'class': 'economy'}
2025-05-03 02:25:02,407 - DEBUG - Attempting to connect to database: C:\Apache24\htdocs\logs\flight_search.db
2025-05-03 02:25:02,407 - DEBUG - Connected to database, setting WAL mode
2025-05-03 02:25:02,414 - DEBUG - Journal mode set to: wal
2025-05-03 02:25:02,414 - DEBUG - Audit logged successfully
2025-05-03 02:25:02,414 - DEBUG - Searching flights via API: departure=Москва, destination=Дубай, date=2025-05-04, class=economy, passengers=1
2025-05-03 02:25:02,414 - ERROR - Could not map cities to IATA codes: Москва -> MOW, Дубай -> 
2025-05-03 02:25:02,414 - DEBUG - Returning response: {'success': True, 'flights': [], 'message': 'Рейсы не найдены. Попробуйте изменить дату (доступны данные за последние 48 часов) или маршрут.'}
2025-05-03 02:25:02,414 - DEBUG - Main execution completed
2025-05-03 02:25:06,878 - DEBUG - Starting main execution
2025-05-03 02:25:06,878 - DEBUG - Attempting to get user from session
2025-05-03 02:25:06,878 - DEBUG - User ID: None
2025-05-03 02:25:06,885 - DEBUG - Received form data: {'departure': 'Москва', 'destination': 'Дубай', 'departure_date': '2025-05-03', 'return_date': '', 'passengers': '1', 'class': 'economy'}
2025-05-03 02:25:06,885 - DEBUG - Request data validated: {'departure': 'Москва', 'destination': 'Дубай', 'departure_date': '2025-05-03', 'return_date': '', 'passengers': '1', 'class': 'economy'}
2025-05-03 02:25:06,885 - DEBUG - Attempting to log search request: {'departure': 'Москва', 'destination': 'Дубай', 'departure_date': '2025-05-03', 'return_date': '', 'passengers': '1', 'class': 'economy'}
2025-05-03 02:25:06,885 - DEBUG - Attempting to connect to database: C:\Apache24\htdocs\logs\flight_search.db
2025-05-03 02:25:06,885 - DEBUG - Connected to database, setting WAL mode
2025-05-03 02:25:06,892 - DEBUG - Journal mode set to: wal
2025-05-03 02:25:06,892 - DEBUG - Search request logged successfully
2025-05-03 02:25:06,892 - DEBUG - Attempting to log audit: search_flight, {'departure': 'Москва', 'destination': 'Дубай', 'departure_date': '2025-05-03', 'return_date': '', 'passengers': '1', 'class': 'economy'}
2025-05-03 02:25:06,892 - DEBUG - Attempting to connect to database: C:\Apache24\htdocs\logs\flight_search.db
2025-05-03 02:25:06,892 - DEBUG - Connected to database, setting WAL mode
2025-05-03 02:25:06,899 - DEBUG - Journal mode set to: wal
2025-05-03 02:25:06,906 - DEBUG - Audit logged successfully
2025-05-03 02:25:06,906 - DEBUG - Searching flights via API: departure=Москва, destination=Дубай, date=2025-05-03, class=economy, passengers=1
2025-05-03 02:25:06,906 - ERROR - Could not map cities to IATA codes: Москва -> MOW, Дубай -> 
2025-05-03 02:25:06,906 - DEBUG - Returning response: {'success': True, 'flights': [], 'message': 'Рейсы не найдены. Попробуйте изменить дату (доступны данные за последние 48 часов) или маршрут.'}
2025-05-03 02:25:06,906 - DEBUG - Main execution completed
2025-05-03 02:31:49,244 - DEBUG - Starting main execution
2025-05-03 02:31:49,244 - DEBUG - Attempting to get user from session
2025-05-03 02:31:49,244 - DEBUG - User ID: None
2025-05-03 02:31:49,244 - DEBUG - Received form data: {'departure': 'Москва', 'destination': 'Дубай', 'departure_date': '2025-05-03', 'return_date': '', 'passengers': '1', 'class': 'economy'}
2025-05-03 02:31:49,244 - DEBUG - Request data validated: {'departure': 'Москва', 'destination': 'Дубай', 'departure_date': '2025-05-03', 'return_date': '', 'passengers': '1', 'class': 'economy'}
2025-05-03 02:31:49,244 - DEBUG - Attempting to log search request: {'departure': 'Москва', 'destination': 'Дубай', 'departure_date': '2025-05-03', 'return_date': '', 'passengers': '1', 'class': 'economy'}
2025-05-03 02:31:49,244 - DEBUG - Attempting to connect to database: C:\Apache24\htdocs\logs\flight_search.db
2025-05-03 02:31:49,244 - DEBUG - Connected to database, setting WAL mode
2025-05-03 02:31:49,251 - DEBUG - Journal mode set to: wal
2025-05-03 02:31:49,258 - DEBUG - Search request logged successfully
2025-05-03 02:31:49,258 - DEBUG - Attempting to log audit: search_flight, {'departure': 'Москва', 'destination': 'Дубай', 'departure_date': '2025-05-03', 'return_date': '', 'passengers': '1', 'class': 'economy'}
2025-05-03 02:31:49,258 - DEBUG - Attempting to connect to database: C:\Apache24\htdocs\logs\flight_search.db
2025-05-03 02:31:49,258 - DEBUG - Connected to database, setting WAL mode
2025-05-03 02:31:49,265 - DEBUG - Journal mode set to: wal
2025-05-03 02:31:49,265 - DEBUG - Audit logged successfully
2025-05-03 02:31:49,265 - DEBUG - Searching flights via API: departure=Москва, destination=Дубай, date=2025-05-03, class=economy, passengers=1
2025-05-03 02:31:49,265 - DEBUG - Signature string: ba463465c90bfaee386337e7c62e8a35:currency=RUB:departure_at=2025-05-03:destination=DXB:direct=false:limit=100:market=ru:origin=MOW
2025-05-03 02:31:49,265 - DEBUG - Sending API request to https://api.travelpayouts.com/aviasales/v3/prices_for_dates with params: {'origin': 'MOW', 'destination': 'DXB', 'departure_at': '2025-05-03', 'currency': 'RUB', 'market': 'ru', 'limit': 100, 'direct': 'false', 'token': 'ba463465c90bfaee386337e7c62e8a35', 'signature': '0e10fa706d13043ed6e18cf7c50f945b'}
2025-05-03 02:31:49,265 - DEBUG - Starting new HTTPS connection (1): api.travelpayouts.com:443
2025-05-03 02:31:49,835 - DEBUG - https://api.travelpayouts.com:443 "GET /aviasales/v3/prices_for_dates?origin=MOW&destination=DXB&departure_at=2025-05-03&currency=RUB&market=ru&limit=100&direct=false&token=ba463465c90bfaee386337e7c62e8a35&signature=0e10fa706d13043ed6e18cf7c50f945b HTTP/1.1" 200 387
2025-05-03 02:31:49,835 - DEBUG - API response for market ru: {'data': [{'flight_number': '702', 'link': '/search/MOW0305SHJ1?t=HH17463048001746377100001145DMETASSHJ_d7c786a3d960e67e68852e8da786c859_21415&search_date=02052025&expected_price_uuid=021e47c7-e245-4b15-acb9-9f1465eb3e03&expected_price_source=share&expected_price_currency=rub&expected_price=21415', 'origin_airport': 'DME', 'destination_airport': 'SHJ', 'departure_at': '2025-05-03T20:40:00+03:00', 'airline': 'HH', 'destination': 'SHJ', 'origin': 'MOW', 'price': 21415, 'return_transfers': 0, 'duration': 1145, 'duration_to': 435, 'duration_back': 0, 'transfers': 1}], 'currency': 'RUB', 'success': True}
2025-05-03 02:31:49,835 - INFO - Alternative destination returned: SHJ instead of DXB
2025-05-03 02:31:49,835 - DEBUG - Signature string: ba463465c90bfaee386337e7c62e8a35:currency=RUB:departure_at=2025-05-03:destination=DXB:direct=false:limit=100:market=kz:origin=MOW
2025-05-03 02:31:49,835 - DEBUG - Sending API request to https://api.travelpayouts.com/aviasales/v3/prices_for_dates with params: {'origin': 'MOW', 'destination': 'DXB', 'departure_at': '2025-05-03', 'currency': 'RUB', 'market': 'kz', 'limit': 100, 'direct': 'false', 'token': 'ba463465c90bfaee386337e7c62e8a35', 'signature': '352e9ba605be5f248b9b203b5964ae0f'}
2025-05-03 02:31:49,841 - DEBUG - Starting new HTTPS connection (1): api.travelpayouts.com:443
2025-05-03 02:31:50,285 - DEBUG - https://api.travelpayouts.com:443 "GET /aviasales/v3/prices_for_dates?origin=MOW&destination=DXB&departure_at=2025-05-03&currency=RUB&market=kz&limit=100&direct=false&token=ba463465c90bfaee386337e7c62e8a35&signature=352e9ba605be5f248b9b203b5964ae0f HTTP/1.1" 200 386
2025-05-03 02:31:50,285 - DEBUG - API response for market kz: {'data': [{'flight_number': '278', 'link': '/search/MOW0305DXB1?t=VF17462835001746325800000645VKOSAWDXB_e2b23d54363571b9ff207c157efa0a90_21758&search_date=02052025&expected_price_uuid=f05e60ca-d668-4ff7-85e7-4742ca7f0602&expected_price_source=share&expected_price_currency=rub&expected_price=21758', 'origin_airport': 'VKO', 'destination_airport': 'DXB', 'departure_at': '2025-05-03T14:45:00+03:00', 'airline': 'VF', 'destination': 'DXB', 'origin': 'MOW', 'price': 21758, 'return_transfers': 0, 'duration': 645, 'duration_to': 515, 'duration_back': 0, 'transfers': 1}], 'currency': 'RUB', 'success': True}
2025-05-03 02:31:50,285 - DEBUG - Signature string: ba463465c90bfaee386337e7c62e8a35:currency=RUB:departure_at=2025-05-03:destination=DXB:direct=false:limit=100:market=us:origin=MOW
2025-05-03 02:31:50,285 - DEBUG - Sending API request to https://api.travelpayouts.com/aviasales/v3/prices_for_dates with params: {'origin': 'MOW', 'destination': 'DXB', 'departure_at': '2025-05-03', 'currency': 'RUB', 'market': 'us', 'limit': 100, 'direct': 'false', 'token': 'ba463465c90bfaee386337e7c62e8a35', 'signature': '49932fdae9d15a294df2712dae72cc38'}
2025-05-03 02:31:50,285 - DEBUG - Starting new HTTPS connection (1): api.travelpayouts.com:443
2025-05-03 02:31:50,730 - DEBUG - https://api.travelpayouts.com:443 "GET /aviasales/v3/prices_for_dates?origin=MOW&destination=DXB&departure_at=2025-05-03&currency=RUB&market=us&limit=100&direct=false&token=ba463465c90bfaee386337e7c62e8a35&signature=49932fdae9d15a294df2712dae72cc38 HTTP/1.1" 200 388
2025-05-03 02:31:50,730 - DEBUG - API response for market us: {'data': [{'flight_number': '278', 'link': '/search/MOW0305DXB1?t=VF17462835001746325800000645VKOSAWDXB_e2b23d54363571b9ff207c157efa0a90_21875&search_date=02052025&expected_price_uuid=ca1b3998-8c95-4a6b-83f1-eddafa5b1d00&expected_price_source=share&expected_price_currency=rub&expected_price=21845', 'origin_airport': 'VKO', 'destination_airport': 'DXB', 'departure_at': '2025-05-03T14:45:00+03:00', 'airline': 'VF', 'destination': 'DXB', 'origin': 'MOW', 'price': 21845, 'return_transfers': 0, 'duration': 645, 'duration_to': 515, 'duration_back': 0, 'transfers': 1}], 'currency': 'RUB', 'success': True}
2025-05-03 02:31:50,730 - DEBUG - Processed 3 flights from API
2025-05-03 02:31:50,730 - DEBUG - Returning response: {'success': True, 'flights': [{'id': 1, 'airline': 'HH', 'departure': 'Москва', 'destination': 'Дубай', 'actual_destination': 'SHJ', 'departure_time': '20:40', 'arrival_time': '00:00', 'class': 'economy', 'price': 21415.0, 'discount': 0, 'available_seats': 1, 'duration': '-485082ч 20м в пути', 'transfers': '1 пересадок'}, {'id': 2, 'airline': 'VF', 'departure': 'Москва', 'destination': 'Дубай', 'actual_destination': 'DXB', 'departure_time': '14:45', 'arrival_time': '00:00', 'class': 'economy', 'price': 21758.0, 'discount': 0, 'available_seats': 1, 'duration': '-485076ч 15м в пути', 'transfers': '1 пересадок'}, {'id': 3, 'airline': 'VF', 'departure': 'Москва', 'destination': 'Дубай', 'actual_destination': 'DXB', 'departure_time': '14:45', 'arrival_time': '00:00', 'class': 'economy', 'price': 21845.0, 'discount': 0, 'available_seats': 1, 'duration': '-485076ч 15м в пути', 'transfers': '1 пересадок'}]}
2025-05-03 02:31:50,730 - DEBUG - Main execution completed
2025-05-03 02:32:21,064 - DEBUG - Starting main execution
2025-05-03 02:32:21,064 - DEBUG - Attempting to get user from session
2025-05-03 02:32:21,064 - DEBUG - User ID: None
2025-05-03 02:32:21,064 - DEBUG - Received form data: {'departure': 'Москва', 'destination': 'Дубай', 'departure_date': '2025-05-03', 'return_date': '', 'passengers': '1', 'class': 'economy'}
2025-05-03 02:32:21,071 - DEBUG - Request data validated: {'departure': 'Москва', 'destination': 'Дубай', 'departure_date': '2025-05-03', 'return_date': '', 'passengers': '1', 'class': 'economy'}
2025-05-03 02:32:21,071 - DEBUG - Attempting to log search request: {'departure': 'Москва', 'destination': 'Дубай', 'departure_date': '2025-05-03', 'return_date': '', 'passengers': '1', 'class': 'economy'}
2025-05-03 02:32:21,071 - DEBUG - Attempting to connect to database: C:\Apache24\htdocs\logs\flight_search.db
2025-05-03 02:32:21,071 - DEBUG - Connected to database, setting WAL mode
2025-05-03 02:32:21,079 - DEBUG - Journal mode set to: wal
2025-05-03 02:32:21,079 - DEBUG - Search request logged successfully
2025-05-03 02:32:21,079 - DEBUG - Attempting to log audit: search_flight, {'departure': 'Москва', 'destination': 'Дубай', 'departure_date': '2025-05-03', 'return_date': '', 'passengers': '1', 'class': 'economy'}
2025-05-03 02:32:21,079 - DEBUG - Attempting to connect to database: C:\Apache24\htdocs\logs\flight_search.db
2025-05-03 02:32:21,079 - DEBUG - Connected to database, setting WAL mode
2025-05-03 02:32:21,085 - DEBUG - Journal mode set to: wal
2025-05-03 02:32:21,092 - DEBUG - Audit logged successfully
2025-05-03 02:32:21,092 - DEBUG - Searching flights via API: departure=Москва, destination=Дубай, date=2025-05-03, class=economy, passengers=1
2025-05-03 02:32:21,092 - DEBUG - Signature string: ba463465c90bfaee386337e7c62e8a35:currency=RUB:departure_at=2025-05-03:destination=DXB:direct=false:limit=100:market=ru:origin=MOW
2025-05-03 02:32:21,092 - DEBUG - Sending API request to https://api.travelpayouts.com/aviasales/v3/prices_for_dates with params: {'origin': 'MOW', 'destination': 'DXB', 'departure_at': '2025-05-03', 'currency': 'RUB', 'market': 'ru', 'limit': 100, 'direct': 'false', 'token': 'ba463465c90bfaee386337e7c62e8a35', 'signature': '0e10fa706d13043ed6e18cf7c50f945b'}
2025-05-03 02:32:21,092 - DEBUG - Starting new HTTPS connection (1): api.travelpayouts.com:443
2025-05-03 02:32:21,884 - DEBUG - https://api.travelpayouts.com:443 "GET /aviasales/v3/prices_for_dates?origin=MOW&destination=DXB&departure_at=2025-05-03&currency=RUB&market=ru&limit=100&direct=false&token=ba463465c90bfaee386337e7c62e8a35&signature=0e10fa706d13043ed6e18cf7c50f945b HTTP/1.1" 200 387
2025-05-03 02:32:21,884 - DEBUG - API response for market ru: {'data': [{'flight_number': '702', 'link': '/search/MOW0305SHJ1?t=HH17463048001746377100001145DMETASSHJ_d7c786a3d960e67e68852e8da786c859_21415&search_date=02052025&expected_price_uuid=021e47c7-e245-4b15-acb9-9f1465eb3e03&expected_price_source=share&expected_price_currency=rub&expected_price=21415', 'origin_airport': 'DME', 'destination_airport': 'SHJ', 'departure_at': '2025-05-03T20:40:00+03:00', 'airline': 'HH', 'destination': 'SHJ', 'origin': 'MOW', 'price': 21415, 'return_transfers': 0, 'duration': 1145, 'duration_to': 435, 'duration_back': 0, 'transfers': 1}], 'currency': 'RUB', 'success': True}
2025-05-03 02:32:21,884 - INFO - Alternative destination returned: SHJ instead of DXB
2025-05-03 02:32:21,884 - DEBUG - Signature string: ba463465c90bfaee386337e7c62e8a35:currency=RUB:departure_at=2025-05-03:destination=DXB:direct=false:limit=100:market=kz:origin=MOW
2025-05-03 02:32:21,884 - DEBUG - Sending API request to https://api.travelpayouts.com/aviasales/v3/prices_for_dates with params: {'origin': 'MOW', 'destination': 'DXB', 'departure_at': '2025-05-03', 'currency': 'RUB', 'market': 'kz', 'limit': 100, 'direct': 'false', 'token': 'ba463465c90bfaee386337e7c62e8a35', 'signature': '352e9ba605be5f248b9b203b5964ae0f'}
2025-05-03 02:32:21,884 - DEBUG - Starting new HTTPS connection (1): api.travelpayouts.com:443
2025-05-03 02:32:22,670 - DEBUG - https://api.travelpayouts.com:443 "GET /aviasales/v3/prices_for_dates?origin=MOW&destination=DXB&departure_at=2025-05-03&currency=RUB&market=kz&limit=100&direct=false&token=ba463465c90bfaee386337e7c62e8a35&signature=352e9ba605be5f248b9b203b5964ae0f HTTP/1.1" 200 386
2025-05-03 02:32:22,677 - DEBUG - API response for market kz: {'data': [{'flight_number': '278', 'link': '/search/MOW0305DXB1?t=VF17462835001746325800000645VKOSAWDXB_e2b23d54363571b9ff207c157efa0a90_21758&search_date=02052025&expected_price_uuid=f05e60ca-d668-4ff7-85e7-4742ca7f0602&expected_price_source=share&expected_price_currency=rub&expected_price=21758', 'origin_airport': 'VKO', 'destination_airport': 'DXB', 'departure_at': '2025-05-03T14:45:00+03:00', 'airline': 'VF', 'destination': 'DXB', 'origin': 'MOW', 'price': 21758, 'return_transfers': 0, 'duration': 645, 'duration_to': 515, 'duration_back': 0, 'transfers': 1}], 'currency': 'RUB', 'success': True}
2025-05-03 02:32:22,677 - DEBUG - Signature string: ba463465c90bfaee386337e7c62e8a35:currency=RUB:departure_at=2025-05-03:destination=DXB:direct=false:limit=100:market=us:origin=MOW
2025-05-03 02:32:22,677 - DEBUG - Sending API request to https://api.travelpayouts.com/aviasales/v3/prices_for_dates with params: {'origin': 'MOW', 'destination': 'DXB', 'departure_at': '2025-05-03', 'currency': 'RUB', 'market': 'us', 'limit': 100, 'direct': 'false', 'token': 'ba463465c90bfaee386337e7c62e8a35', 'signature': '49932fdae9d15a294df2712dae72cc38'}
2025-05-03 02:32:22,677 - DEBUG - Starting new HTTPS connection (1): api.travelpayouts.com:443
2025-05-03 02:32:23,092 - DEBUG - https://api.travelpayouts.com:443 "GET /aviasales/v3/prices_for_dates?origin=MOW&destination=DXB&departure_at=2025-05-03&currency=RUB&market=us&limit=100&direct=false&token=ba463465c90bfaee386337e7c62e8a35&signature=49932fdae9d15a294df2712dae72cc38 HTTP/1.1" 200 388
2025-05-03 02:32:23,092 - DEBUG - API response for market us: {'data': [{'flight_number': '278', 'link': '/search/MOW0305DXB1?t=VF17462835001746325800000645VKOSAWDXB_e2b23d54363571b9ff207c157efa0a90_21875&search_date=02052025&expected_price_uuid=ca1b3998-8c95-4a6b-83f1-eddafa5b1d00&expected_price_source=share&expected_price_currency=rub&expected_price=21845', 'origin_airport': 'VKO', 'destination_airport': 'DXB', 'departure_at': '2025-05-03T14:45:00+03:00', 'airline': 'VF', 'destination': 'DXB', 'origin': 'MOW', 'price': 21845, 'return_transfers': 0, 'duration': 645, 'duration_to': 515, 'duration_back': 0, 'transfers': 1}], 'currency': 'RUB', 'success': True}
2025-05-03 02:32:23,092 - DEBUG - Processed 3 flights from API
2025-05-03 02:32:23,092 - DEBUG - Returning response: {'success': True, 'flights': [{'id': 1, 'airline': 'HH', 'departure': 'Москва', 'destination': 'Дубай', 'actual_destination': 'SHJ', 'departure_time': '20:40', 'arrival_time': '00:00', 'class': 'economy', 'price': 21415.0, 'discount': 0, 'available_seats': 1, 'duration': '-485082ч 20м в пути', 'transfers': '1 пересадок'}, {'id': 2, 'airline': 'VF', 'departure': 'Москва', 'destination': 'Дубай', 'actual_destination': 'DXB', 'departure_time': '14:45', 'arrival_time': '00:00', 'class': 'economy', 'price': 21758.0, 'discount': 0, 'available_seats': 1, 'duration': '-485076ч 15м в пути', 'transfers': '1 пересадок'}, {'id': 3, 'airline': 'VF', 'departure': 'Москва', 'destination': 'Дубай', 'actual_destination': 'DXB', 'departure_time': '14:45', 'arrival_time': '00:00', 'class': 'economy', 'price': 21845.0, 'discount': 0, 'available_seats': 1, 'duration': '-485076ч 15м в пути', 'transfers': '1 пересадок'}]}
2025-05-03 02:32:23,092 - DEBUG - Main execution completed
2025-05-03 02:38:18,085 - DEBUG - Starting main execution
2025-05-03 02:38:18,085 - DEBUG - Attempting to get user from session
2025-05-03 02:38:18,085 - DEBUG - User ID: None
2025-05-03 02:38:18,085 - DEBUG - Received form data: {'departure': 'Москва', 'destination': 'Дубай', 'departure_date': '2025-05-03', 'return_date': '', 'passengers': '1', 'class': 'economy'}
2025-05-03 02:38:18,085 - DEBUG - Request data validated: {'departure': 'Москва', 'destination': 'Дубай', 'departure_date': '2025-05-03', 'return_date': '', 'passengers': '1', 'class': 'economy'}
2025-05-03 02:38:18,085 - DEBUG - Attempting to log search request: {'departure': 'Москва', 'destination': 'Дубай', 'departure_date': '2025-05-03', 'return_date': '', 'passengers': '1', 'class': 'economy'}
2025-05-03 02:38:18,085 - DEBUG - Attempting to connect to database: C:\Apache24\htdocs\logs\flight_search.db
2025-05-03 02:38:18,085 - DEBUG - Connected to database, setting WAL mode
2025-05-03 02:38:18,099 - DEBUG - Journal mode set to: wal
2025-05-03 02:38:18,099 - DEBUG - Search request logged successfully
2025-05-03 02:38:18,099 - DEBUG - Attempting to log audit: search_flight, {'departure': 'Москва', 'destination': 'Дубай', 'departure_date': '2025-05-03', 'return_date': '', 'passengers': '1', 'class': 'economy'}
2025-05-03 02:38:18,099 - DEBUG - Attempting to connect to database: C:\Apache24\htdocs\logs\flight_search.db
2025-05-03 02:38:18,099 - DEBUG - Connected to database, setting WAL mode
2025-05-03 02:38:18,106 - DEBUG - Journal mode set to: wal
2025-05-03 02:38:18,106 - DEBUG - Audit logged successfully
2025-05-03 02:38:18,106 - DEBUG - Searching flights via API: departure=Москва, destination=Дубай, date=2025-05-03, class=economy, passengers=1
2025-05-03 02:38:18,106 - DEBUG - Signature string: ba463465c90bfaee386337e7c62e8a35:currency=RUB:departure_at=2025-05-03:destination=DXB:direct=false:limit=100:market=ru:origin=MOW
2025-05-03 02:38:18,106 - DEBUG - Sending API request to https://api.travelpayouts.com/aviasales/v3/prices_for_dates with params: {'origin': 'MOW', 'destination': 'DXB', 'departure_at': '2025-05-03', 'currency': 'RUB', 'market': 'ru', 'limit': 100, 'direct': 'false', 'token': 'ba463465c90bfaee386337e7c62e8a35', 'signature': '0e10fa706d13043ed6e18cf7c50f945b'}
2025-05-03 02:38:18,113 - DEBUG - Starting new HTTPS connection (1): api.travelpayouts.com:443
2025-05-03 02:38:18,647 - DEBUG - https://api.travelpayouts.com:443 "GET /aviasales/v3/prices_for_dates?origin=MOW&destination=DXB&departure_at=2025-05-03&currency=RUB&market=ru&limit=100&direct=false&token=ba463465c90bfaee386337e7c62e8a35&signature=0e10fa706d13043ed6e18cf7c50f945b HTTP/1.1" 200 386
2025-05-03 02:38:18,647 - DEBUG - API response for market ru: {'data': [{'flight_number': '702', 'link': '/search/MOW0305SHJ1?t=HH17463048001746377100001145DMETASSHJ_d7c786a3d960e67e68852e8da786c859_20784&search_date=02052025&expected_price_uuid=e9850bb5-94a3-403c-a043-966ed63b8101&expected_price_source=share&expected_price_currency=rub&expected_price=20784', 'origin_airport': 'DME', 'destination_airport': 'SHJ', 'departure_at': '2025-05-03T20:40:00+03:00', 'airline': 'HH', 'destination': 'SHJ', 'origin': 'MOW', 'price': 20784, 'return_transfers': 0, 'duration': 1145, 'duration_to': 435, 'duration_back': 0, 'transfers': 1}], 'currency': 'RUB', 'success': True}
2025-05-03 02:38:18,647 - INFO - Alternative destination returned: SHJ instead of DXB
2025-05-03 02:38:18,647 - DEBUG - Signature string: ba463465c90bfaee386337e7c62e8a35:currency=RUB:departure_at=2025-05-03:destination=DXB:direct=false:limit=100:market=kz:origin=MOW
2025-05-03 02:38:18,647 - DEBUG - Sending API request to https://api.travelpayouts.com/aviasales/v3/prices_for_dates with params: {'origin': 'MOW', 'destination': 'DXB', 'departure_at': '2025-05-03', 'currency': 'RUB', 'market': 'kz', 'limit': 100, 'direct': 'false', 'token': 'ba463465c90bfaee386337e7c62e8a35', 'signature': '352e9ba605be5f248b9b203b5964ae0f'}
2025-05-03 02:38:18,647 - DEBUG - Starting new HTTPS connection (1): api.travelpayouts.com:443
2025-05-03 02:38:19,099 - DEBUG - https://api.travelpayouts.com:443 "GET /aviasales/v3/prices_for_dates?origin=MOW&destination=DXB&departure_at=2025-05-03&currency=RUB&market=kz&limit=100&direct=false&token=ba463465c90bfaee386337e7c62e8a35&signature=352e9ba605be5f248b9b203b5964ae0f HTTP/1.1" 200 386
2025-05-03 02:38:19,099 - DEBUG - API response for market kz: {'data': [{'flight_number': '278', 'link': '/search/MOW0305DXB1?t=VF17462835001746325800000645VKOSAWDXB_e2b23d54363571b9ff207c157efa0a90_21758&search_date=02052025&expected_price_uuid=f05e60ca-d668-4ff7-85e7-4742ca7f0602&expected_price_source=share&expected_price_currency=rub&expected_price=21758', 'origin_airport': 'VKO', 'destination_airport': 'DXB', 'departure_at': '2025-05-03T14:45:00+03:00', 'airline': 'VF', 'destination': 'DXB', 'origin': 'MOW', 'price': 21758, 'return_transfers': 0, 'duration': 645, 'duration_to': 515, 'duration_back': 0, 'transfers': 1}], 'currency': 'RUB', 'success': True}
2025-05-03 02:38:19,099 - DEBUG - Signature string: ba463465c90bfaee386337e7c62e8a35:currency=RUB:departure_at=2025-05-03:destination=DXB:direct=false:limit=100:market=us:origin=MOW
2025-05-03 02:38:19,099 - DEBUG - Sending API request to https://api.travelpayouts.com/aviasales/v3/prices_for_dates with params: {'origin': 'MOW', 'destination': 'DXB', 'departure_at': '2025-05-03', 'currency': 'RUB', 'market': 'us', 'limit': 100, 'direct': 'false', 'token': 'ba463465c90bfaee386337e7c62e8a35', 'signature': '49932fdae9d15a294df2712dae72cc38'}
2025-05-03 02:38:19,099 - DEBUG - Starting new HTTPS connection (1): api.travelpayouts.com:443
2025-05-03 02:38:19,543 - DEBUG - https://api.travelpayouts.com:443 "GET /aviasales/v3/prices_for_dates?origin=MOW&destination=DXB&departure_at=2025-05-03&currency=RUB&market=us&limit=100&direct=false&token=ba463465c90bfaee386337e7c62e8a35&signature=49932fdae9d15a294df2712dae72cc38 HTTP/1.1" 200 388
2025-05-03 02:38:19,543 - DEBUG - API response for market us: {'data': [{'flight_number': '278', 'link': '/search/MOW0305DXB1?t=VF17462835001746325800000645VKOSAWDXB_e2b23d54363571b9ff207c157efa0a90_21875&search_date=02052025&expected_price_uuid=ca1b3998-8c95-4a6b-83f1-eddafa5b1d00&expected_price_source=share&expected_price_currency=rub&expected_price=21845', 'origin_airport': 'VKO', 'destination_airport': 'DXB', 'departure_at': '2025-05-03T14:45:00+03:00', 'airline': 'VF', 'destination': 'DXB', 'origin': 'MOW', 'price': 21845, 'return_transfers': 0, 'duration': 645, 'duration_to': 515, 'duration_back': 0, 'transfers': 1}], 'currency': 'RUB', 'success': True}
2025-05-03 02:38:19,543 - DEBUG - Processed 2 flights from API
2025-05-03 02:38:19,543 - DEBUG - Returning response: {'success': True, 'flights': [{'id': 1, 'airline': 'AtlasGlobal', 'departure': 'Москва', 'destination': 'Дубай', 'actual_destination': 'SHJ', 'departure_time': '20:40', 'arrival_time': '00:00', 'class': 'economy', 'price': 20784.0, 'discount': 0, 'available_seats': 1, 'duration': '0ч 7м в пути', 'transfers': '1 пересадок'}, {'id': 2, 'airline': 'Valuair', 'departure': 'Москва', 'destination': 'Дубай', 'actual_destination': 'DXB', 'departure_time': '14:45', 'arrival_time': '00:00', 'class': 'economy', 'price': 21758.0, 'discount': 0, 'available_seats': 1, 'duration': '0ч 8м в пути', 'transfers': '1 пересадок'}]}
2025-05-03 02:38:19,543 - DEBUG - Main execution completed
2025-05-03 02:49:20,427 - DEBUG - Starting main execution
2025-05-03 02:49:20,427 - DEBUG - Attempting to get user from session
2025-05-03 02:49:20,427 - DEBUG - User ID: None
2025-05-03 02:49:20,427 - DEBUG - Received form data: {'departure': 'Москва', 'destination': 'Дубай', 'departure_date': '2025-05-03', 'return_date': '', 'passengers': '1', 'class': 'economy'}
2025-05-03 02:49:20,443 - DEBUG - Request data validated: {'departure': 'Москва', 'destination': 'Дубай', 'departure_date': '2025-05-03', 'return_date': '', 'passengers': '1', 'class': 'economy'}
2025-05-03 02:49:20,443 - DEBUG - Attempting to log search request: {'departure': 'Москва', 'destination': 'Дубай', 'departure_date': '2025-05-03', 'return_date': '', 'passengers': '1', 'class': 'economy'}
2025-05-03 02:49:20,443 - DEBUG - Attempting to connect to database: C:\Apache24\htdocs\logs\flight_search.db
2025-05-03 02:49:20,443 - DEBUG - Connected to database, setting WAL mode
2025-05-03 02:49:20,443 - DEBUG - Journal mode set to: wal
2025-05-03 02:49:20,443 - DEBUG - Search request logged successfully
2025-05-03 02:49:20,443 - DEBUG - Attempting to log audit: search_flight, {'departure': 'Москва', 'destination': 'Дубай', 'departure_date': '2025-05-03', 'return_date': '', 'passengers': '1', 'class': 'economy'}
2025-05-03 02:49:20,443 - DEBUG - Attempting to connect to database: C:\Apache24\htdocs\logs\flight_search.db
2025-05-03 02:49:20,443 - DEBUG - Connected to database, setting WAL mode
2025-05-03 02:49:20,459 - DEBUG - Journal mode set to: wal
2025-05-03 02:49:20,459 - DEBUG - Audit logged successfully
2025-05-03 02:49:20,459 - DEBUG - Searching flights via API: departure=Москва, destination=Дубай, date=2025-05-03, class=economy, passengers=1
2025-05-03 02:49:20,459 - DEBUG - Signature string: ba463465c90bfaee386337e7c62e8a35:currency=RUB:departure_at=2025-05-03:destination=DXB:direct=false:limit=100:market=ru:origin=MOW
2025-05-03 02:49:20,459 - DEBUG - Sending API request to https://api.travelpayouts.com/aviasales/v3/prices_for_dates with params: {'origin': 'MOW', 'destination': 'DXB', 'departure_at': '2025-05-03', 'currency': 'RUB', 'market': 'ru', 'limit': 100, 'direct': 'false', 'token': 'ba463465c90bfaee386337e7c62e8a35', 'signature': '0e10fa706d13043ed6e18cf7c50f945b'}
2025-05-03 02:49:20,459 - DEBUG - Starting new HTTPS connection (1): api.travelpayouts.com:443
2025-05-03 02:49:21,304 - DEBUG - https://api.travelpayouts.com:443 "GET /aviasales/v3/prices_for_dates?origin=MOW&destination=DXB&departure_at=2025-05-03&currency=RUB&market=ru&limit=100&direct=false&token=ba463465c90bfaee386337e7c62e8a35&signature=0e10fa706d13043ed6e18cf7c50f945b HTTP/1.1" 200 388
2025-05-03 02:49:21,304 - DEBUG - API response for market ru: {'data': [{'flight_number': '702', 'link': '/search/MOW0305SHJ1?t=HH17463048001746377100001145DMETASSHJ_d7c786a3d960e67e68852e8da786c859_20995&search_date=02052025&expected_price_uuid=b978922f-ff29-4db5-9d9a-00f8ba5ce800&expected_price_source=share&expected_price_currency=rub&expected_price=20995', 'origin_airport': 'DME', 'destination_airport': 'SHJ', 'departure_at': '2025-05-03T20:40:00+03:00', 'airline': 'HH', 'destination': 'SHJ', 'origin': 'MOW', 'price': 20995, 'return_transfers': 0, 'duration': 1145, 'duration_to': 435, 'duration_back': 0, 'transfers': 1}], 'currency': 'RUB', 'success': True}
2025-05-03 02:49:21,304 - INFO - Alternative destination returned: SHJ instead of DXB
2025-05-03 02:49:21,304 - DEBUG - Signature string: ba463465c90bfaee386337e7c62e8a35:currency=RUB:departure_at=2025-05-03:destination=DXB:direct=false:limit=100:market=kz:origin=MOW
2025-05-03 02:49:21,304 - DEBUG - Sending API request to https://api.travelpayouts.com/aviasales/v3/prices_for_dates with params: {'origin': 'MOW', 'destination': 'DXB', 'departure_at': '2025-05-03', 'currency': 'RUB', 'market': 'kz', 'limit': 100, 'direct': 'false', 'token': 'ba463465c90bfaee386337e7c62e8a35', 'signature': '352e9ba605be5f248b9b203b5964ae0f'}
2025-05-03 02:49:21,320 - DEBUG - Starting new HTTPS connection (1): api.travelpayouts.com:443
2025-05-03 02:49:22,049 - DEBUG - https://api.travelpayouts.com:443 "GET /aviasales/v3/prices_for_dates?origin=MOW&destination=DXB&departure_at=2025-05-03&currency=RUB&market=kz&limit=100&direct=false&token=ba463465c90bfaee386337e7c62e8a35&signature=352e9ba605be5f248b9b203b5964ae0f HTTP/1.1" 200 385
2025-05-03 02:49:22,050 - DEBUG - API response for market kz: {'data': [{'flight_number': '278', 'link': '/search/MOW0305DXB1?t=VF17462835001746325800000645VKOSAWDXB_e2b23d54363571b9ff207c157efa0a90_21758&search_date=02052025&expected_price_uuid=073e4b98-a2c4-49f1-8025-14473d766802&expected_price_source=share&expected_price_currency=rub&expected_price=21758', 'origin_airport': 'VKO', 'destination_airport': 'DXB', 'departure_at': '2025-05-03T14:45:00+03:00', 'airline': 'VF', 'destination': 'DXB', 'origin': 'MOW', 'price': 21758, 'return_transfers': 0, 'duration': 645, 'duration_to': 515, 'duration_back': 0, 'transfers': 1}], 'currency': 'RUB', 'success': True}
2025-05-03 02:49:22,050 - DEBUG - Signature string: ba463465c90bfaee386337e7c62e8a35:currency=RUB:departure_at=2025-05-03:destination=DXB:direct=false:limit=100:market=us:origin=MOW
2025-05-03 02:49:22,050 - DEBUG - Sending API request to https://api.travelpayouts.com/aviasales/v3/prices_for_dates with params: {'origin': 'MOW', 'destination': 'DXB', 'departure_at': '2025-05-03', 'currency': 'RUB', 'market': 'us', 'limit': 100, 'direct': 'false', 'token': 'ba463465c90bfaee386337e7c62e8a35', 'signature': '49932fdae9d15a294df2712dae72cc38'}
2025-05-03 02:49:22,051 - DEBUG - Starting new HTTPS connection (1): api.travelpayouts.com:443
2025-05-03 02:49:22,429 - DEBUG - https://api.travelpayouts.com:443 "GET /aviasales/v3/prices_for_dates?origin=MOW&destination=DXB&departure_at=2025-05-03&currency=RUB&market=us&limit=100&direct=false&token=ba463465c90bfaee386337e7c62e8a35&signature=49932fdae9d15a294df2712dae72cc38 HTTP/1.1" 200 388
2025-05-03 02:49:22,429 - DEBUG - API response for market us: {'data': [{'flight_number': '278', 'link': '/search/MOW0305DXB1?t=VF17462835001746325800000645VKOSAWDXB_e2b23d54363571b9ff207c157efa0a90_21875&search_date=02052025&expected_price_uuid=ca1b3998-8c95-4a6b-83f1-eddafa5b1d00&expected_price_source=share&expected_price_currency=rub&expected_price=21845', 'origin_airport': 'VKO', 'destination_airport': 'DXB', 'departure_at': '2025-05-03T14:45:00+03:00', 'airline': 'VF', 'destination': 'DXB', 'origin': 'MOW', 'price': 21845, 'return_transfers': 0, 'duration': 645, 'duration_to': 515, 'duration_back': 0, 'transfers': 1}], 'currency': 'RUB', 'success': True}
2025-05-03 02:49:22,429 - DEBUG - Processed 2 flights from API
2025-05-03 02:49:22,430 - DEBUG - Returning response: {'success': True, 'flights': [{'id': 1, 'airline': 'AtlasGlobal', 'departure': 'Москва', 'destination': 'Дубай', 'actual_destination': 'SHJ', 'departure_time': '20:40', 'arrival_time': '00:00', 'class': 'economy', 'price': 20995.0, 'discount': 0, 'available_seats': 1, 'duration': '7ч 15м в пути', 'transfers': '1 пересадок', 'currency': 'RUB'}, {'id': 2, 'airline': 'Valuair', 'departure': 'Москва', 'destination': 'Дубай', 'actual_destination': 'DXB', 'departure_time': '14:45', 'arrival_time': '00:00', 'class': 'economy', 'price': 21758.0, 'discount': 0, 'available_seats': 1, 'duration': '8ч 35м в пути', 'transfers': '1 пересадок', 'currency': 'RUB'}]}
2025-05-03 02:49:22,430 - DEBUG - Main execution completed
2025-05-03 02:49:37,575 - DEBUG - Starting main execution
2025-05-03 02:49:37,575 - DEBUG - Attempting to get user from session
2025-05-03 02:49:37,575 - DEBUG - User ID: None
2025-05-03 02:49:37,575 - DEBUG - Received form data: {'departure': 'Москва', 'destination': 'Дубай', 'departure_date': '2025-05-03', 'return_date': '2025-05-07', 'passengers': '1', 'class': 'economy'}
2025-05-03 02:49:37,575 - DEBUG - Request data validated: {'departure': 'Москва', 'destination': 'Дубай', 'departure_date': '2025-05-03', 'return_date': '2025-05-07', 'passengers': '1', 'class': 'economy'}
2025-05-03 02:49:37,575 - DEBUG - Attempting to log search request: {'departure': 'Москва', 'destination': 'Дубай', 'departure_date': '2025-05-03', 'return_date': '2025-05-07', 'passengers': '1', 'class': 'economy'}
2025-05-03 02:49:37,575 - DEBUG - Attempting to connect to database: C:\Apache24\htdocs\logs\flight_search.db
2025-05-03 02:49:37,575 - DEBUG - Connected to database, setting WAL mode
2025-05-03 02:49:37,575 - DEBUG - Journal mode set to: wal
2025-05-03 02:49:37,575 - DEBUG - Search request logged successfully
2025-05-03 02:49:37,575 - DEBUG - Attempting to log audit: search_flight, {'departure': 'Москва', 'destination': 'Дубай', 'departure_date': '2025-05-03', 'return_date': '2025-05-07', 'passengers': '1', 'class': 'economy'}
2025-05-03 02:49:37,575 - DEBUG - Attempting to connect to database: C:\Apache24\htdocs\logs\flight_search.db
2025-05-03 02:49:37,591 - DEBUG - Connected to database, setting WAL mode
2025-05-03 02:49:37,597 - DEBUG - Journal mode set to: wal
2025-05-03 02:49:37,597 - DEBUG - Audit logged successfully
2025-05-03 02:49:37,597 - DEBUG - Searching flights via API: departure=Москва, destination=Дубай, date=2025-05-03, class=economy, passengers=1
2025-05-03 02:49:37,597 - DEBUG - Signature string: ba463465c90bfaee386337e7c62e8a35:currency=RUB:departure_at=2025-05-03:destination=DXB:direct=false:limit=100:market=ru:origin=MOW
2025-05-03 02:49:37,597 - DEBUG - Sending API request to https://api.travelpayouts.com/aviasales/v3/prices_for_dates with params: {'origin': 'MOW', 'destination': 'DXB', 'departure_at': '2025-05-03', 'currency': 'RUB', 'market': 'ru', 'limit': 100, 'direct': 'false', 'token': 'ba463465c90bfaee386337e7c62e8a35', 'signature': '0e10fa706d13043ed6e18cf7c50f945b'}
2025-05-03 02:49:37,597 - DEBUG - Starting new HTTPS connection (1): api.travelpayouts.com:443
2025-05-03 02:49:38,353 - DEBUG - https://api.travelpayouts.com:443 "GET /aviasales/v3/prices_for_dates?origin=MOW&destination=DXB&departure_at=2025-05-03&currency=RUB&market=ru&limit=100&direct=false&token=ba463465c90bfaee386337e7c62e8a35&signature=0e10fa706d13043ed6e18cf7c50f945b HTTP/1.1" 200 388
2025-05-03 02:49:38,369 - DEBUG - API response for market ru: {'data': [{'flight_number': '702', 'link': '/search/MOW0305SHJ1?t=HH17463048001746377100001145DMETASSHJ_d7c786a3d960e67e68852e8da786c859_20995&search_date=02052025&expected_price_uuid=b978922f-ff29-4db5-9d9a-00f8ba5ce800&expected_price_source=share&expected_price_currency=rub&expected_price=20995', 'origin_airport': 'DME', 'destination_airport': 'SHJ', 'departure_at': '2025-05-03T20:40:00+03:00', 'airline': 'HH', 'destination': 'SHJ', 'origin': 'MOW', 'price': 20995, 'return_transfers': 0, 'duration': 1145, 'duration_to': 435, 'duration_back': 0, 'transfers': 1}], 'currency': 'RUB', 'success': True}
2025-05-03 02:49:38,369 - INFO - Alternative destination returned: SHJ instead of DXB
2025-05-03 02:49:38,369 - DEBUG - Signature string: ba463465c90bfaee386337e7c62e8a35:currency=RUB:departure_at=2025-05-03:destination=DXB:direct=false:limit=100:market=kz:origin=MOW
2025-05-03 02:49:38,369 - DEBUG - Sending API request to https://api.travelpayouts.com/aviasales/v3/prices_for_dates with params: {'origin': 'MOW', 'destination': 'DXB', 'departure_at': '2025-05-03', 'currency': 'RUB', 'market': 'kz', 'limit': 100, 'direct': 'false', 'token': 'ba463465c90bfaee386337e7c62e8a35', 'signature': '352e9ba605be5f248b9b203b5964ae0f'}
2025-05-03 02:49:38,369 - DEBUG - Starting new HTTPS connection (1): api.travelpayouts.com:443
2025-05-03 02:49:39,101 - DEBUG - https://api.travelpayouts.com:443 "GET /aviasales/v3/prices_for_dates?origin=MOW&destination=DXB&departure_at=2025-05-03&currency=RUB&market=kz&limit=100&direct=false&token=ba463465c90bfaee386337e7c62e8a35&signature=352e9ba605be5f248b9b203b5964ae0f HTTP/1.1" 200 385
2025-05-03 02:49:39,101 - DEBUG - API response for market kz: {'data': [{'flight_number': '278', 'link': '/search/MOW0305DXB1?t=VF17462835001746325800000645VKOSAWDXB_e2b23d54363571b9ff207c157efa0a90_21758&search_date=02052025&expected_price_uuid=073e4b98-a2c4-49f1-8025-14473d766802&expected_price_source=share&expected_price_currency=rub&expected_price=21758', 'origin_airport': 'VKO', 'destination_airport': 'DXB', 'departure_at': '2025-05-03T14:45:00+03:00', 'airline': 'VF', 'destination': 'DXB', 'origin': 'MOW', 'price': 21758, 'return_transfers': 0, 'duration': 645, 'duration_to': 515, 'duration_back': 0, 'transfers': 1}], 'currency': 'RUB', 'success': True}
2025-05-03 02:49:39,101 - DEBUG - Signature string: ba463465c90bfaee386337e7c62e8a35:currency=RUB:departure_at=2025-05-03:destination=DXB:direct=false:limit=100:market=us:origin=MOW
2025-05-03 02:49:39,101 - DEBUG - Sending API request to https://api.travelpayouts.com/aviasales/v3/prices_for_dates with params: {'origin': 'MOW', 'destination': 'DXB', 'departure_at': '2025-05-03', 'currency': 'RUB', 'market': 'us', 'limit': 100, 'direct': 'false', 'token': 'ba463465c90bfaee386337e7c62e8a35', 'signature': '49932fdae9d15a294df2712dae72cc38'}
2025-05-03 02:49:39,101 - DEBUG - Starting new HTTPS connection (1): api.travelpayouts.com:443
2025-05-03 02:49:39,513 - DEBUG - https://api.travelpayouts.com:443 "GET /aviasales/v3/prices_for_dates?origin=MOW&destination=DXB&departure_at=2025-05-03&currency=RUB&market=us&limit=100&direct=false&token=ba463465c90bfaee386337e7c62e8a35&signature=49932fdae9d15a294df2712dae72cc38 HTTP/1.1" 200 388
2025-05-03 02:49:39,513 - DEBUG - API response for market us: {'data': [{'flight_number': '278', 'link': '/search/MOW0305DXB1?t=VF17462835001746325800000645VKOSAWDXB_e2b23d54363571b9ff207c157efa0a90_21875&search_date=02052025&expected_price_uuid=ca1b3998-8c95-4a6b-83f1-eddafa5b1d00&expected_price_source=share&expected_price_currency=rub&expected_price=21845', 'origin_airport': 'VKO', 'destination_airport': 'DXB', 'departure_at': '2025-05-03T14:45:00+03:00', 'airline': 'VF', 'destination': 'DXB', 'origin': 'MOW', 'price': 21845, 'return_transfers': 0, 'duration': 645, 'duration_to': 515, 'duration_back': 0, 'transfers': 1}], 'currency': 'RUB', 'success': True}
2025-05-03 02:49:39,513 - DEBUG - Processed 2 flights from API
2025-05-03 02:49:39,513 - DEBUG - Returning response: {'success': True, 'flights': [{'id': 1, 'airline': 'AtlasGlobal', 'departure': 'Москва', 'destination': 'Дубай', 'actual_destination': 'SHJ', 'departure_time': '20:40', 'arrival_time': '00:00', 'class': 'economy', 'price': 20995.0, 'discount': 0, 'available_seats': 1, 'duration': '7ч 15м в пути', 'transfers': '1 пересадок', 'currency': 'RUB'}, {'id': 2, 'airline': 'Valuair', 'departure': 'Москва', 'destination': 'Дубай', 'actual_destination': 'DXB', 'departure_time': '14:45', 'arrival_time': '00:00', 'class': 'economy', 'price': 21758.0, 'discount': 0, 'available_seats': 1, 'duration': '8ч 35м в пути', 'transfers': '1 пересадок', 'currency': 'RUB'}]}
2025-05-03 02:49:39,513 - DEBUG - Main execution completed
2025-05-03 02:50:02,866 - DEBUG - Starting main execution
2025-05-03 02:50:02,866 - DEBUG - Attempting to get user from session
2025-05-03 02:50:02,866 - DEBUG - User ID: None
2025-05-03 02:50:02,866 - DEBUG - Received form data: {'departure': 'Дубай', 'destination': 'Москва', 'departure_date': '2025-05-05', 'return_date': '2025-05-07', 'passengers': '1', 'class': 'economy'}
2025-05-03 02:50:02,866 - DEBUG - Request data validated: {'departure': 'Дубай', 'destination': 'Москва', 'departure_date': '2025-05-05', 'return_date': '2025-05-07', 'passengers': '1', 'class': 'economy'}
2025-05-03 02:50:02,866 - DEBUG - Attempting to log search request: {'departure': 'Дубай', 'destination': 'Москва', 'departure_date': '2025-05-05', 'return_date': '2025-05-07', 'passengers': '1', 'class': 'economy'}
2025-05-03 02:50:02,866 - DEBUG - Attempting to connect to database: C:\Apache24\htdocs\logs\flight_search.db
2025-05-03 02:50:02,866 - DEBUG - Connected to database, setting WAL mode
2025-05-03 02:50:02,882 - DEBUG - Journal mode set to: wal
2025-05-03 02:50:02,882 - DEBUG - Search request logged successfully
2025-05-03 02:50:02,882 - DEBUG - Attempting to log audit: search_flight, {'departure': 'Дубай', 'destination': 'Москва', 'departure_date': '2025-05-05', 'return_date': '2025-05-07', 'passengers': '1', 'class': 'economy'}
2025-05-03 02:50:02,882 - DEBUG - Attempting to connect to database: C:\Apache24\htdocs\logs\flight_search.db
2025-05-03 02:50:02,882 - DEBUG - Connected to database, setting WAL mode
2025-05-03 02:50:02,890 - DEBUG - Journal mode set to: wal
2025-05-03 02:50:02,890 - DEBUG - Audit logged successfully
2025-05-03 02:50:02,890 - DEBUG - Searching flights via API: departure=Дубай, destination=Москва, date=2025-05-05, class=economy, passengers=1
2025-05-03 02:50:02,890 - DEBUG - Signature string: ba463465c90bfaee386337e7c62e8a35:currency=RUB:departure_at=2025-05-05:destination=MOW:direct=false:limit=100:market=ru:origin=DXB
2025-05-03 02:50:02,890 - DEBUG - Sending API request to https://api.travelpayouts.com/aviasales/v3/prices_for_dates with params: {'origin': 'DXB', 'destination': 'MOW', 'departure_at': '2025-05-05', 'currency': 'RUB', 'market': 'ru', 'limit': 100, 'direct': 'false', 'token': 'ba463465c90bfaee386337e7c62e8a35', 'signature': 'e2d1977adb4bafe2b899bfab28add50a'}
2025-05-03 02:50:02,890 - DEBUG - Starting new HTTPS connection (1): api.travelpayouts.com:443
2025-05-03 02:50:03,656 - DEBUG - https://api.travelpayouts.com:443 "GET /aviasales/v3/prices_for_dates?origin=DXB&destination=MOW&departure_at=2025-05-05&currency=RUB&market=ru&limit=100&direct=false&token=ba463465c90bfaee386337e7c62e8a35&signature=e2d1977adb4bafe2b899bfab28add50a HTTP/1.1" 200 381
2025-05-03 02:50:03,673 - DEBUG - API response for market ru: {'data': [{'flight_number': '992', 'link': '/search/DXB0505MOW1?t=DP17464557001746472200000335DWCVKO_c2de8fa61d975c81c47d184e6cffa397_12838&search_date=02052025&expected_price_uuid=f25fab08-c200-4964-ae06-954662926d03&expected_price_source=share&expected_price_currency=rub&expected_price=12838', 'origin_airport': 'DWC', 'destination_airport': 'VKO', 'departure_at': '2025-05-05T14:35:00+04:00', 'airline': 'DP', 'destination': 'MOW', 'origin': 'DXB', 'price': 12838, 'return_transfers': 0, 'duration': 335, 'duration_to': 335, 'duration_back': 0, 'transfers': 0}], 'currency': 'RUB', 'success': True}
2025-05-03 02:50:03,673 - DEBUG - Signature string: ba463465c90bfaee386337e7c62e8a35:currency=RUB:departure_at=2025-05-05:destination=MOW:direct=false:limit=100:market=kz:origin=DXB
2025-05-03 02:50:03,673 - DEBUG - Sending API request to https://api.travelpayouts.com/aviasales/v3/prices_for_dates with params: {'origin': 'DXB', 'destination': 'MOW', 'departure_at': '2025-05-05', 'currency': 'RUB', 'market': 'kz', 'limit': 100, 'direct': 'false', 'token': 'ba463465c90bfaee386337e7c62e8a35', 'signature': '591f1053cab1f1c5be2c2d79e33496ef'}
2025-05-03 02:50:03,673 - DEBUG - Starting new HTTPS connection (1): api.travelpayouts.com:443
2025-05-03 02:50:04,071 - DEBUG - https://api.travelpayouts.com:443 "GET /aviasales/v3/prices_for_dates?origin=DXB&destination=MOW&departure_at=2025-05-05&currency=RUB&market=kz&limit=100&direct=false&token=ba463465c90bfaee386337e7c62e8a35&signature=591f1053cab1f1c5be2c2d79e33496ef HTTP/1.1" 200 384
2025-05-03 02:50:04,071 - DEBUG - API response for market kz: {'data': [{'flight_number': '1794', 'link': '/search/DXB0505MOW1?t=DP17464716001746488100000335DWCVKO_c582651617cf0e1bfdf521473bf2e6b6_14331&search_date=01052025&expected_price_uuid=82b121be-5768-4b6f-b6b2-34791172a901&expected_price_source=share&expected_price_currency=rub&expected_price=14342', 'origin_airport': 'DWC', 'destination_airport': 'VKO', 'departure_at': '2025-05-05T19:00:00+04:00', 'airline': 'DP', 'destination': 'MOW', 'origin': 'DXB', 'price': 14342, 'return_transfers': 0, 'duration': 335, 'duration_to': 335, 'duration_back': 0, 'transfers': 0}], 'currency': 'RUB', 'success': True}
2025-05-03 02:50:04,071 - DEBUG - Signature string: ba463465c90bfaee386337e7c62e8a35:currency=RUB:departure_at=2025-05-05:destination=MOW:direct=false:limit=100:market=us:origin=DXB
2025-05-03 02:50:04,071 - DEBUG - Sending API request to https://api.travelpayouts.com/aviasales/v3/prices_for_dates with params: {'origin': 'DXB', 'destination': 'MOW', 'departure_at': '2025-05-05', 'currency': 'RUB', 'market': 'us', 'limit': 100, 'direct': 'false', 'token': 'ba463465c90bfaee386337e7c62e8a35', 'signature': '2595124520bd86c069723104258be03e'}
2025-05-03 02:50:04,071 - DEBUG - Starting new HTTPS connection (1): api.travelpayouts.com:443
2025-05-03 02:50:04,485 - DEBUG - https://api.travelpayouts.com:443 "GET /aviasales/v3/prices_for_dates?origin=DXB&destination=MOW&departure_at=2025-05-05&currency=RUB&market=us&limit=100&direct=false&token=ba463465c90bfaee386337e7c62e8a35&signature=2595124520bd86c069723104258be03e HTTP/1.1" 200 383
2025-05-03 02:50:04,485 - DEBUG - API response for market us: {'data': [{'flight_number': '716', 'link': '/search/DXB0505MOW1?t=UT17464554001746472800000350DWCVKO_c7fbc2c42a1898c22b63d3eda6783a0b_13185&search_date=02052025&expected_price_uuid=38f184cc-8ff2-4f94-a36e-e97a9d167702&expected_price_source=share&expected_price_currency=rub&expected_price=13183', 'origin_airport': 'DWC', 'destination_airport': 'VKO', 'departure_at': '2025-05-05T14:30:00+04:00', 'airline': 'UT', 'destination': 'MOW', 'origin': 'DXB', 'price': 13183, 'return_transfers': 0, 'duration': 350, 'duration_to': 350, 'duration_back': 0, 'transfers': 0}], 'currency': 'RUB', 'success': True}
2025-05-03 02:50:04,485 - DEBUG - Processed 3 flights from API
2025-05-03 02:50:04,485 - DEBUG - Returning response: {'success': True, 'flights': [{'id': 1, 'airline': 'DP', 'departure': 'Дубай', 'destination': 'Москва', 'actual_destination': 'MOW', 'departure_time': '14:35', 'arrival_time': '00:00', 'class': 'economy', 'price': 12838.0, 'discount': 0, 'available_seats': 1, 'duration': '5ч 35м в пути', 'transfers': 'прямой', 'currency': 'RUB'}, {'id': 2, 'airline': 'DP', 'departure': 'Дубай', 'destination': 'Москва', 'actual_destination': 'MOW', 'departure_time': '19:00', 'arrival_time': '00:00', 'class': 'economy', 'price': 14342.0, 'discount': 0, 'available_seats': 1, 'duration': '5ч 35м в пути', 'transfers': 'прямой', 'currency': 'RUB'}, {'id': 3, 'airline': 'UT', 'departure': 'Дубай', 'destination': 'Москва', 'actual_destination': 'MOW', 'departure_time': '14:30', 'arrival_time': '00:00', 'class': 'economy', 'price': 13183.0, 'discount': 0, 'available_seats': 1, 'duration': '5ч 50м в пути', 'transfers': 'прямой', 'currency': 'RUB'}]}
2025-05-03 02:50:04,485 - DEBUG - Main execution completed
2025-05-03 03:01:17,670 - DEBUG - Starting main execution
2025-05-03 03:01:17,670 - DEBUG - Attempting to get user from session
2025-05-03 03:01:17,670 - DEBUG - User ID: None
2025-05-03 03:01:17,670 - DEBUG - Received form data: {'departure': 'Москва', 'destination': 'Дубай', 'departure_date': '2025-05-03', 'return_date': '', 'passengers': '1', 'class': 'economy'}
2025-05-03 03:01:17,670 - DEBUG - Request data validated: {'departure': 'Москва', 'destination': 'Дубай', 'departure_date': '2025-05-03', 'return_date': '', 'passengers': '1', 'class': 'economy'}
2025-05-03 03:01:17,670 - DEBUG - Attempting to log search request: {'departure': 'Москва', 'destination': 'Дубай', 'departure_date': '2025-05-03', 'return_date': '', 'passengers': '1', 'class': 'economy'}
2025-05-03 03:01:17,670 - DEBUG - Attempting to connect to database: C:\Apache24\htdocs\logs\flight_search.db
2025-05-03 03:01:17,670 - DEBUG - Connected to database, setting WAL mode
2025-05-03 03:01:17,684 - DEBUG - Journal mode set to: wal
2025-05-03 03:01:17,684 - DEBUG - Search request logged successfully
2025-05-03 03:01:17,684 - DEBUG - Attempting to log audit: search_flight, {'departure': 'Москва', 'destination': 'Дубай', 'departure_date': '2025-05-03', 'return_date': '', 'passengers': '1', 'class': 'economy'}
2025-05-03 03:01:17,684 - DEBUG - Attempting to connect to database: C:\Apache24\htdocs\logs\flight_search.db
2025-05-03 03:01:17,684 - DEBUG - Connected to database, setting WAL mode
2025-05-03 03:01:17,690 - DEBUG - Journal mode set to: wal
2025-05-03 03:01:17,690 - DEBUG - Audit logged successfully
2025-05-03 03:01:17,690 - DEBUG - Searching flights via API: departure=Москва, destination=Дубай, date=2025-05-03, class=economy, passengers=1
2025-05-03 03:01:17,690 - DEBUG - Signature string: ba463465c90bfaee386337e7c62e8a35:currency=RUB:departure_at=2025-05-03:destination=DXB:direct=false:limit=100:market=ru:origin=MOW
2025-05-03 03:01:17,690 - DEBUG - Sending API request to https://api.travelpayouts.com/aviasales/v3/prices_for_dates with params: {'origin': 'MOW', 'destination': 'DXB', 'departure_at': '2025-05-03', 'currency': 'RUB', 'market': 'ru', 'limit': 100, 'direct': 'false', 'token': 'ba463465c90bfaee386337e7c62e8a35', 'signature': '0e10fa706d13043ed6e18cf7c50f945b'}
2025-05-03 03:01:17,690 - DEBUG - Starting new HTTPS connection (1): api.travelpayouts.com:443
2025-05-03 03:01:18,544 - DEBUG - https://api.travelpayouts.com:443 "GET /aviasales/v3/prices_for_dates?origin=MOW&destination=DXB&departure_at=2025-05-03&currency=RUB&market=ru&limit=100&direct=false&token=ba463465c90bfaee386337e7c62e8a35&signature=0e10fa706d13043ed6e18cf7c50f945b HTTP/1.1" 200 382
2025-05-03 03:01:18,544 - DEBUG - API response for market ru: {'data': [{'flight_number': '702', 'link': '/search/MOW0305SHJ1?t=HH17463048001746377100001145DMETASSHJ_d7c786a3d960e67e68852e8da786c859_20784&search_date=02052025&expected_price_uuid=9703ea71-eda2-4a23-bd48-b55712229900&expected_price_source=share&expected_price_currency=rub&expected_price=20784', 'origin_airport': 'DME', 'destination_airport': 'SHJ', 'departure_at': '2025-05-03T20:40:00+03:00', 'airline': 'HH', 'destination': 'SHJ', 'origin': 'MOW', 'price': 20784, 'return_transfers': 0, 'duration': 1145, 'duration_to': 435, 'duration_back': 0, 'transfers': 1}], 'currency': 'RUB', 'success': True}
2025-05-03 03:01:18,544 - INFO - Alternative destination returned: SHJ instead of DXB
2025-05-03 03:01:18,544 - DEBUG - Signature string: ba463465c90bfaee386337e7c62e8a35:currency=RUB:departure_at=2025-05-03:destination=DXB:direct=false:limit=100:market=kz:origin=MOW
2025-05-03 03:01:18,544 - DEBUG - Sending API request to https://api.travelpayouts.com/aviasales/v3/prices_for_dates with params: {'origin': 'MOW', 'destination': 'DXB', 'departure_at': '2025-05-03', 'currency': 'RUB', 'market': 'kz', 'limit': 100, 'direct': 'false', 'token': 'ba463465c90bfaee386337e7c62e8a35', 'signature': '352e9ba605be5f248b9b203b5964ae0f'}
2025-05-03 03:01:18,544 - DEBUG - Starting new HTTPS connection (1): api.travelpayouts.com:443
2025-05-03 03:01:19,260 - DEBUG - https://api.travelpayouts.com:443 "GET /aviasales/v3/prices_for_dates?origin=MOW&destination=DXB&departure_at=2025-05-03&currency=RUB&market=kz&limit=100&direct=false&token=ba463465c90bfaee386337e7c62e8a35&signature=352e9ba605be5f248b9b203b5964ae0f HTTP/1.1" 200 385
2025-05-03 03:01:19,260 - DEBUG - API response for market kz: {'data': [{'flight_number': '278', 'link': '/search/MOW0305DXB1?t=VF17462835001746325800000645VKOSAWDXB_e2b23d54363571b9ff207c157efa0a90_21758&search_date=02052025&expected_price_uuid=073e4b98-a2c4-49f1-8025-14473d766802&expected_price_source=share&expected_price_currency=rub&expected_price=21758', 'origin_airport': 'VKO', 'destination_airport': 'DXB', 'departure_at': '2025-05-03T14:45:00+03:00', 'airline': 'VF', 'destination': 'DXB', 'origin': 'MOW', 'price': 21758, 'return_transfers': 0, 'duration': 645, 'duration_to': 515, 'duration_back': 0, 'transfers': 1}], 'currency': 'RUB', 'success': True}
2025-05-03 03:01:19,260 - DEBUG - Signature string: ba463465c90bfaee386337e7c62e8a35:currency=RUB:departure_at=2025-05-03:destination=DXB:direct=false:limit=100:market=us:origin=MOW
2025-05-03 03:01:19,260 - DEBUG - Sending API request to https://api.travelpayouts.com/aviasales/v3/prices_for_dates with params: {'origin': 'MOW', 'destination': 'DXB', 'departure_at': '2025-05-03', 'currency': 'RUB', 'market': 'us', 'limit': 100, 'direct': 'false', 'token': 'ba463465c90bfaee386337e7c62e8a35', 'signature': '49932fdae9d15a294df2712dae72cc38'}
2025-05-03 03:01:19,267 - DEBUG - Starting new HTTPS connection (1): api.travelpayouts.com:443
2025-05-03 03:01:19,662 - DEBUG - https://api.travelpayouts.com:443 "GET /aviasales/v3/prices_for_dates?origin=MOW&destination=DXB&departure_at=2025-05-03&currency=RUB&market=us&limit=100&direct=false&token=ba463465c90bfaee386337e7c62e8a35&signature=49932fdae9d15a294df2712dae72cc38 HTTP/1.1" 200 388
2025-05-03 03:01:19,662 - DEBUG - API response for market us: {'data': [{'flight_number': '278', 'link': '/search/MOW0305DXB1?t=VF17462835001746325800000645VKOSAWDXB_e2b23d54363571b9ff207c157efa0a90_21875&search_date=02052025&expected_price_uuid=ca1b3998-8c95-4a6b-83f1-eddafa5b1d00&expected_price_source=share&expected_price_currency=rub&expected_price=21845', 'origin_airport': 'VKO', 'destination_airport': 'DXB', 'departure_at': '2025-05-03T14:45:00+03:00', 'airline': 'VF', 'destination': 'DXB', 'origin': 'MOW', 'price': 21845, 'return_transfers': 0, 'duration': 645, 'duration_to': 515, 'duration_back': 0, 'transfers': 1}], 'currency': 'RUB', 'success': True}
2025-05-03 03:01:19,662 - DEBUG - Processed 2 flights from API
2025-05-03 03:01:19,662 - DEBUG - Returning response: {'success': True, 'flights': [{'id': 1, 'airline': 'AtlasGlobal', 'departure': 'Москва', 'destination': 'Дубай', 'actual_destination': 'SHJ', 'departure_time': '20:40', 'arrival_time': '00:00', 'class': 'economy', 'price': 20784.0, 'discount': 0, 'available_seats': 1, 'duration': '7ч 15м в пути', 'transfers': '1 пересадок', 'currency': 'RUB'}, {'id': 2, 'airline': 'Valuair', 'departure': 'Москва', 'destination': 'Дубай', 'actual_destination': 'DXB', 'departure_time': '14:45', 'arrival_time': '00:00', 'class': 'economy', 'price': 21758.0, 'discount': 0, 'available_seats': 1, 'duration': '8ч 35м в пути', 'transfers': '1 пересадок', 'currency': 'RUB'}]}
2025-05-03 03:01:19,662 - DEBUG - Main execution completed
2025-05-03 03:01:44,726 - DEBUG - Starting main execution
2025-05-03 03:01:44,726 - DEBUG - Attempting to get user from session
2025-05-03 03:01:44,726 - DEBUG - User ID: None
2025-05-03 03:01:44,726 - DEBUG - Received form data: {'departure': 'Москва', 'destination': 'Дубай', 'departure_date': '2025-05-03', 'return_date': '', 'passengers': '1', 'class': 'business'}
2025-05-03 03:01:44,726 - DEBUG - Request data validated: {'departure': 'Москва', 'destination': 'Дубай', 'departure_date': '2025-05-03', 'return_date': '', 'passengers': '1', 'class': 'business'}
2025-05-03 03:01:44,726 - DEBUG - Attempting to log search request: {'departure': 'Москва', 'destination': 'Дубай', 'departure_date': '2025-05-03', 'return_date': '', 'passengers': '1', 'class': 'business'}
2025-05-03 03:01:44,726 - DEBUG - Attempting to connect to database: C:\Apache24\htdocs\logs\flight_search.db
2025-05-03 03:01:44,726 - DEBUG - Connected to database, setting WAL mode
2025-05-03 03:01:44,741 - DEBUG - Journal mode set to: wal
2025-05-03 03:01:44,741 - DEBUG - Search request logged successfully
2025-05-03 03:01:44,741 - DEBUG - Attempting to log audit: search_flight, {'departure': 'Москва', 'destination': 'Дубай', 'departure_date': '2025-05-03', 'return_date': '', 'passengers': '1', 'class': 'business'}
2025-05-03 03:01:44,741 - DEBUG - Attempting to connect to database: C:\Apache24\htdocs\logs\flight_search.db
2025-05-03 03:01:44,741 - DEBUG - Connected to database, setting WAL mode
2025-05-03 03:01:44,741 - DEBUG - Journal mode set to: wal
2025-05-03 03:01:44,741 - DEBUG - Audit logged successfully
2025-05-03 03:01:44,741 - DEBUG - Searching flights via API: departure=Москва, destination=Дубай, date=2025-05-03, class=business, passengers=1
2025-05-03 03:01:44,741 - DEBUG - Signature string: ba463465c90bfaee386337e7c62e8a35:currency=RUB:departure_at=2025-05-03:destination=DXB:direct=false:limit=100:market=ru:origin=MOW
2025-05-03 03:01:44,741 - DEBUG - Sending API request to https://api.travelpayouts.com/aviasales/v3/prices_for_dates with params: {'origin': 'MOW', 'destination': 'DXB', 'departure_at': '2025-05-03', 'currency': 'RUB', 'market': 'ru', 'limit': 100, 'direct': 'false', 'token': 'ba463465c90bfaee386337e7c62e8a35', 'signature': '0e10fa706d13043ed6e18cf7c50f945b'}
2025-05-03 03:01:44,741 - DEBUG - Starting new HTTPS connection (1): api.travelpayouts.com:443
2025-05-03 03:01:45,505 - DEBUG - https://api.travelpayouts.com:443 "GET /aviasales/v3/prices_for_dates?origin=MOW&destination=DXB&departure_at=2025-05-03&currency=RUB&market=ru&limit=100&direct=false&token=ba463465c90bfaee386337e7c62e8a35&signature=0e10fa706d13043ed6e18cf7c50f945b HTTP/1.1" 200 382
2025-05-03 03:01:45,505 - DEBUG - API response for market ru: {'data': [{'flight_number': '702', 'link': '/search/MOW0305SHJ1?t=HH17463048001746377100001145DMETASSHJ_d7c786a3d960e67e68852e8da786c859_20784&search_date=02052025&expected_price_uuid=9703ea71-eda2-4a23-bd48-b55712229900&expected_price_source=share&expected_price_currency=rub&expected_price=20784', 'origin_airport': 'DME', 'destination_airport': 'SHJ', 'departure_at': '2025-05-03T20:40:00+03:00', 'airline': 'HH', 'destination': 'SHJ', 'origin': 'MOW', 'price': 20784, 'return_transfers': 0, 'duration': 1145, 'duration_to': 435, 'duration_back': 0, 'transfers': 1}], 'currency': 'RUB', 'success': True}
2025-05-03 03:01:45,511 - INFO - Alternative destination returned: SHJ instead of DXB
2025-05-03 03:01:45,512 - DEBUG - Signature string: ba463465c90bfaee386337e7c62e8a35:currency=RUB:departure_at=2025-05-03:destination=DXB:direct=false:limit=100:market=kz:origin=MOW
2025-05-03 03:01:45,512 - DEBUG - Sending API request to https://api.travelpayouts.com/aviasales/v3/prices_for_dates with params: {'origin': 'MOW', 'destination': 'DXB', 'departure_at': '2025-05-03', 'currency': 'RUB', 'market': 'kz', 'limit': 100, 'direct': 'false', 'token': 'ba463465c90bfaee386337e7c62e8a35', 'signature': '352e9ba605be5f248b9b203b5964ae0f'}
2025-05-03 03:01:45,512 - DEBUG - Starting new HTTPS connection (1): api.travelpayouts.com:443
2025-05-03 03:01:46,269 - DEBUG - https://api.travelpayouts.com:443 "GET /aviasales/v3/prices_for_dates?origin=MOW&destination=DXB&departure_at=2025-05-03&currency=RUB&market=kz&limit=100&direct=false&token=ba463465c90bfaee386337e7c62e8a35&signature=352e9ba605be5f248b9b203b5964ae0f HTTP/1.1" 200 385
2025-05-03 03:01:46,276 - DEBUG - API response for market kz: {'data': [{'flight_number': '278', 'link': '/search/MOW0305DXB1?t=VF17462835001746325800000645VKOSAWDXB_e2b23d54363571b9ff207c157efa0a90_21758&search_date=02052025&expected_price_uuid=073e4b98-a2c4-49f1-8025-14473d766802&expected_price_source=share&expected_price_currency=rub&expected_price=21758', 'origin_airport': 'VKO', 'destination_airport': 'DXB', 'departure_at': '2025-05-03T14:45:00+03:00', 'airline': 'VF', 'destination': 'DXB', 'origin': 'MOW', 'price': 21758, 'return_transfers': 0, 'duration': 645, 'duration_to': 515, 'duration_back': 0, 'transfers': 1}], 'currency': 'RUB', 'success': True}
2025-05-03 03:01:46,276 - DEBUG - Signature string: ba463465c90bfaee386337e7c62e8a35:currency=RUB:departure_at=2025-05-03:destination=DXB:direct=false:limit=100:market=us:origin=MOW
2025-05-03 03:01:46,276 - DEBUG - Sending API request to https://api.travelpayouts.com/aviasales/v3/prices_for_dates with params: {'origin': 'MOW', 'destination': 'DXB', 'departure_at': '2025-05-03', 'currency': 'RUB', 'market': 'us', 'limit': 100, 'direct': 'false', 'token': 'ba463465c90bfaee386337e7c62e8a35', 'signature': '49932fdae9d15a294df2712dae72cc38'}
2025-05-03 03:01:46,278 - DEBUG - Starting new HTTPS connection (1): api.travelpayouts.com:443
2025-05-03 03:01:46,678 - DEBUG - https://api.travelpayouts.com:443 "GET /aviasales/v3/prices_for_dates?origin=MOW&destination=DXB&departure_at=2025-05-03&currency=RUB&market=us&limit=100&direct=false&token=ba463465c90bfaee386337e7c62e8a35&signature=49932fdae9d15a294df2712dae72cc38 HTTP/1.1" 200 388
2025-05-03 03:01:46,678 - DEBUG - API response for market us: {'data': [{'flight_number': '278', 'link': '/search/MOW0305DXB1?t=VF17462835001746325800000645VKOSAWDXB_e2b23d54363571b9ff207c157efa0a90_21875&search_date=02052025&expected_price_uuid=ca1b3998-8c95-4a6b-83f1-eddafa5b1d00&expected_price_source=share&expected_price_currency=rub&expected_price=21845', 'origin_airport': 'VKO', 'destination_airport': 'DXB', 'departure_at': '2025-05-03T14:45:00+03:00', 'airline': 'VF', 'destination': 'DXB', 'origin': 'MOW', 'price': 21845, 'return_transfers': 0, 'duration': 645, 'duration_to': 515, 'duration_back': 0, 'transfers': 1}], 'currency': 'RUB', 'success': True}
2025-05-03 03:01:46,678 - DEBUG - Processed 2 flights from API
2025-05-03 03:01:46,678 - DEBUG - Returning response: {'success': True, 'flights': [{'id': 1, 'airline': 'AtlasGlobal', 'departure': 'Москва', 'destination': 'Дубай', 'actual_destination': 'SHJ', 'departure_time': '20:40', 'arrival_time': '00:00', 'class': 'business', 'price': 20784.0, 'discount': 0, 'available_seats': 1, 'duration': '7ч 15м в пути', 'transfers': '1 пересадок', 'currency': 'RUB'}, {'id': 2, 'airline': 'Valuair', 'departure': 'Москва', 'destination': 'Дубай', 'actual_destination': 'DXB', 'departure_time': '14:45', 'arrival_time': '00:00', 'class': 'business', 'price': 21758.0, 'discount': 0, 'available_seats': 1, 'duration': '8ч 35м в пути', 'transfers': '1 пересадок', 'currency': 'RUB'}]}
2025-05-03 03:01:46,678 - DEBUG - Main execution completed
2025-05-03 03:08:07,096 - DEBUG - Starting main execution
2025-05-03 03:08:07,096 - DEBUG - Attempting to get user from session
2025-05-03 03:08:07,096 - DEBUG - User ID: None
2025-05-03 03:08:07,096 - DEBUG - Received form data: {'departure': 'Москва', 'destination': 'Алматы', 'departure_date': '2025-05-03', 'return_date': '', 'passengers': '1', 'class': 'economy'}
2025-05-03 03:08:07,103 - DEBUG - Request data validated: {'departure': 'Москва', 'destination': 'Алматы', 'departure_date': '2025-05-03', 'return_date': '', 'passengers': '1', 'class': 'economy'}
2025-05-03 03:08:07,103 - DEBUG - Attempting to log search request: {'departure': 'Москва', 'destination': 'Алматы', 'departure_date': '2025-05-03', 'return_date': '', 'passengers': '1', 'class': 'economy'}
2025-05-03 03:08:07,103 - DEBUG - Attempting to connect to database: C:\Apache24\htdocs\logs\flight_search.db
2025-05-03 03:08:07,103 - DEBUG - Connected to database, setting WAL mode
2025-05-03 03:08:07,111 - DEBUG - Journal mode set to: wal
2025-05-03 03:08:07,111 - DEBUG - Search request logged successfully
2025-05-03 03:08:07,111 - DEBUG - Attempting to log audit: search_flight, {'departure': 'Москва', 'destination': 'Алматы', 'departure_date': '2025-05-03', 'return_date': '', 'passengers': '1', 'class': 'economy'}
2025-05-03 03:08:07,111 - DEBUG - Attempting to connect to database: C:\Apache24\htdocs\logs\flight_search.db
2025-05-03 03:08:07,117 - DEBUG - Connected to database, setting WAL mode
2025-05-03 03:08:07,125 - DEBUG - Journal mode set to: wal
2025-05-03 03:08:07,125 - DEBUG - Audit logged successfully
2025-05-03 03:08:07,125 - DEBUG - Searching flights via API: departure=Москва, destination=Алматы, date=2025-05-03, class=economy, passengers=1
2025-05-03 03:08:07,125 - DEBUG - Signature string: ba463465c90bfaee386337e7c62e8a35:currency=RUB:departure_at=2025-05-03:destination=ALA:direct=false:limit=100:market=ru:origin=MOW
2025-05-03 03:08:07,125 - DEBUG - Sending API request to https://api.travelpayouts.com/aviasales/v3/prices_for_dates with params: {'origin': 'MOW', 'destination': 'ALA', 'departure_at': '2025-05-03', 'currency': 'RUB', 'market': 'ru', 'limit': 100, 'direct': 'false', 'token': 'ba463465c90bfaee386337e7c62e8a35', 'signature': '75d9f8014247e4f59409aa1db29e335e'}
2025-05-03 03:08:07,125 - DEBUG - Starting new HTTPS connection (1): api.travelpayouts.com:443
2025-05-03 03:08:07,957 - DEBUG - https://api.travelpayouts.com:443 "GET /aviasales/v3/prices_for_dates?origin=MOW&destination=ALA&departure_at=2025-05-03&currency=RUB&market=ru&limit=100&direct=false&token=ba463465c90bfaee386337e7c62e8a35&signature=75d9f8014247e4f59409aa1db29e335e HTTP/1.1" 200 386
2025-05-03 03:08:07,957 - DEBUG - API response for market ru: {'data': [{'flight_number': '6541', 'link': '/search/MOW0305ALA1?t=WZ17463159001746417000001565SVOSVXALA_c7daf0a27241320a8903877b62a209fa_20663&search_date=02052025&expected_price_uuid=470fe94a-50dc-4112-a425-339101e7f300&expected_price_source=share&expected_price_currency=rub&expected_price=20663', 'origin_airport': 'SVO', 'destination_airport': 'ALA', 'departure_at': '2025-05-03T23:45:00+03:00', 'airline': 'DP', 'destination': 'ALA', 'origin': 'MOW', 'price': 20663, 'return_transfers': 0, 'duration': 1565, 'duration_to': 315, 'duration_back': 0, 'transfers': 1}], 'currency': 'RUB', 'success': True}
2025-05-03 03:08:07,957 - DEBUG - Signature string: ba463465c90bfaee386337e7c62e8a35:currency=RUB:departure_at=2025-05-03:destination=ALA:direct=false:limit=100:market=kz:origin=MOW
2025-05-03 03:08:07,957 - DEBUG - Sending API request to https://api.travelpayouts.com/aviasales/v3/prices_for_dates with params: {'origin': 'MOW', 'destination': 'ALA', 'departure_at': '2025-05-03', 'currency': 'RUB', 'market': 'kz', 'limit': 100, 'direct': 'false', 'token': 'ba463465c90bfaee386337e7c62e8a35', 'signature': 'f4da4ffc6f49bbf4b9812293a3186d1c'}
2025-05-03 03:08:07,957 - DEBUG - Starting new HTTPS connection (1): api.travelpayouts.com:443
2025-05-03 03:08:08,340 - DEBUG - https://api.travelpayouts.com:443 "GET /aviasales/v3/prices_for_dates?origin=MOW&destination=ALA&departure_at=2025-05-03&currency=RUB&market=kz&limit=100&direct=false&token=ba463465c90bfaee386337e7c62e8a35&signature=f4da4ffc6f49bbf4b9812293a3186d1c HTTP/1.1" 200 387
2025-05-03 03:08:08,340 - DEBUG - API response for market kz: {'data': [{'flight_number': '6948', 'link': '/search/MOW0305ALA1?t=SU17463096001746344100000455VKOLEDALA_8f0b79ac5282f3f3867c4b2c037754b7_23651&search_date=02052025&expected_price_uuid=389424d3-6361-4656-96c9-66ddc3d3cc02&expected_price_source=share&expected_price_currency=rub&expected_price=23651', 'origin_airport': 'VKO', 'destination_airport': 'ALA', 'departure_at': '2025-05-03T22:00:00+03:00', 'airline': 'FV', 'destination': 'ALA', 'origin': 'MOW', 'price': 23651, 'return_transfers': 0, 'duration': 455, 'duration_to': 375, 'duration_back': 0, 'transfers': 1}], 'currency': 'RUB', 'success': True}
2025-05-03 03:08:08,340 - DEBUG - Signature string: ba463465c90bfaee386337e7c62e8a35:currency=RUB:departure_at=2025-05-03:destination=ALA:direct=false:limit=100:market=us:origin=MOW
2025-05-03 03:08:08,340 - DEBUG - Sending API request to https://api.travelpayouts.com/aviasales/v3/prices_for_dates with params: {'origin': 'MOW', 'destination': 'ALA', 'departure_at': '2025-05-03', 'currency': 'RUB', 'market': 'us', 'limit': 100, 'direct': 'false', 'token': 'ba463465c90bfaee386337e7c62e8a35', 'signature': 'ab480066bbafb570767dc3894ff1e4ef'}
2025-05-03 03:08:08,340 - DEBUG - Starting new HTTPS connection (1): api.travelpayouts.com:443
2025-05-03 03:08:09,082 - DEBUG - https://api.travelpayouts.com:443 "GET /aviasales/v3/prices_for_dates?origin=MOW&destination=ALA&departure_at=2025-05-03&currency=RUB&market=us&limit=100&direct=false&token=ba463465c90bfaee386337e7c62e8a35&signature=ab480066bbafb570767dc3894ff1e4ef HTTP/1.1" 200 386
2025-05-03 03:08:09,082 - DEBUG - API response for market us: {'data': [{'flight_number': '6541', 'link': '/search/MOW0305ALA1?t=WZ17463159001746417000001565SVOSVXALA_c7daf0a27241320a8903877b62a209fa_20663&search_date=02052025&expected_price_uuid=470fe94a-50dc-4112-a425-339101e7f300&expected_price_source=share&expected_price_currency=rub&expected_price=20663', 'origin_airport': 'SVO', 'destination_airport': 'ALA', 'departure_at': '2025-05-03T23:45:00+03:00', 'airline': 'DP', 'destination': 'ALA', 'origin': 'MOW', 'price': 20663, 'return_transfers': 0, 'duration': 1565, 'duration_to': 315, 'duration_back': 0, 'transfers': 1}], 'currency': 'RUB', 'success': True}
2025-05-03 03:08:09,082 - DEBUG - Processed 2 flights from API
2025-05-03 03:08:09,082 - DEBUG - Returning response: {'success': True, 'flights': [{'id': 1, 'airline': 'DP', 'departure': 'Москва', 'destination': 'Алматы', 'actual_destination': 'ALA', 'departure_time': '23:45', 'arrival_time': '00:00', 'class': 'economy', 'price': 20663.0, 'discount': 0, 'available_seats': 1, 'duration': '5ч 15м в пути', 'transfers': '1 пересадок', 'currency': 'RUB'}, {'id': 2, 'airline': 'FV', 'departure': 'Москва', 'destination': 'Алматы', 'actual_destination': 'ALA', 'departure_time': '22:00', 'arrival_time': '00:00', 'class': 'economy', 'price': 23651.0, 'discount': 0, 'available_seats': 1, 'duration': '6ч 15м в пути', 'transfers': '1 пересадок', 'currency': 'RUB'}]}
2025-05-03 03:08:09,082 - DEBUG - Main execution completed
2025-05-03 03:26:44,580 - DEBUG - Starting main execution
2025-05-03 03:26:44,580 - DEBUG - Attempting to get user from session
2025-05-03 03:26:44,580 - DEBUG - User ID: None
2025-05-03 03:26:44,580 - DEBUG - Received form data: {'departure': 'Алматы', 'destination': 'Дубай', 'departure_date': '2025-05-03', 'return_date': '', 'passengers': '1', 'class': 'economy'}
2025-05-03 03:26:44,580 - DEBUG - Request data validated: {'departure': 'Алматы', 'destination': 'Дубай', 'departure_date': '2025-05-03', 'return_date': '', 'passengers': '1', 'class': 'economy'}
2025-05-03 03:26:44,580 - DEBUG - Attempting to log search request: {'departure': 'Алматы', 'destination': 'Дубай', 'departure_date': '2025-05-03', 'return_date': '', 'passengers': '1', 'class': 'economy'}
2025-05-03 03:26:44,580 - DEBUG - Attempting to connect to database: C:\Apache24\htdocs\logs\flight_search.db
2025-05-03 03:26:44,587 - DEBUG - Connected to database, setting WAL mode
2025-05-03 03:26:44,594 - DEBUG - Journal mode set to: wal
2025-05-03 03:26:44,594 - DEBUG - Search request logged successfully
2025-05-03 03:26:44,594 - DEBUG - Attempting to log audit: search_flight, {'departure': 'Алматы', 'destination': 'Дубай', 'departure_date': '2025-05-03', 'return_date': '', 'passengers': '1', 'class': 'economy'}
2025-05-03 03:26:44,594 - DEBUG - Attempting to connect to database: C:\Apache24\htdocs\logs\flight_search.db
2025-05-03 03:26:44,594 - DEBUG - Connected to database, setting WAL mode
2025-05-03 03:26:44,601 - DEBUG - Journal mode set to: wal
2025-05-03 03:26:44,601 - DEBUG - Audit logged successfully
2025-05-03 03:26:44,601 - DEBUG - Searching flights via API: departure=Алматы, destination=Дубай, date=2025-05-03, class=economy, passengers=1
2025-05-03 03:26:44,601 - DEBUG - Signature string: ba463465c90bfaee386337e7c62e8a35:currency=RUB:departure_at=2025-05-03:destination=DXB:direct=false:limit=100:market=ru:origin=ALA
2025-05-03 03:26:44,601 - DEBUG - Sending API request to https://api.travelpayouts.com/aviasales/v3/prices_for_dates with params: {'origin': 'ALA', 'destination': 'DXB', 'departure_at': '2025-05-03', 'currency': 'RUB', 'market': 'ru', 'limit': 100, 'direct': 'false', 'token': 'ba463465c90bfaee386337e7c62e8a35', 'signature': '7ad81da58faceb5ccf189080c6695a28'}
2025-05-03 03:26:44,607 - DEBUG - Starting new HTTPS connection (1): api.travelpayouts.com:443
2025-05-03 03:26:46,288 - DEBUG - https://api.travelpayouts.com:443 "GET /aviasales/v3/prices_for_dates?origin=ALA&destination=DXB&departure_at=2025-05-03&currency=RUB&market=ru&limit=100&direct=false&token=ba463465c90bfaee386337e7c62e8a35&signature=7ad81da58faceb5ccf189080c6695a28 HTTP/1.1" 200 371
2025-05-03 03:26:46,288 - DEBUG - API response for market ru: {'data': [{'flight_number': '254', 'link': '/search/ALA0305SHJ1?t=G917462430001746255600000270ALASHJ_71a478ca35dfca16282e05775c7d456d_16769&search_date=02052025&expected_price_uuid=6a37a8f4-984f-48f4-8d19-3fac986b6b02&expected_price_source=share&expected_price_currency=rub&expected_price=16768', 'origin_airport': 'ALA', 'destination_airport': 'SHJ', 'departure_at': '2025-05-03T03:30:00+06:00', 'airline': 'G9', 'destination': 'SHJ', 'origin': 'ALA', 'price': 16768, 'return_transfers': 0, 'duration': 270, 'duration_to': 270, 'duration_back': 0, 'transfers': 0}], 'currency': 'RUB', 'success': True}
2025-05-03 03:26:46,288 - INFO - Alternative destination returned: SHJ instead of DXB
2025-05-03 03:26:46,288 - DEBUG - Signature string: ba463465c90bfaee386337e7c62e8a35:currency=RUB:departure_at=2025-05-03:destination=DXB:direct=false:limit=100:market=kz:origin=ALA
2025-05-03 03:26:46,288 - DEBUG - Sending API request to https://api.travelpayouts.com/aviasales/v3/prices_for_dates with params: {'origin': 'ALA', 'destination': 'DXB', 'departure_at': '2025-05-03', 'currency': 'RUB', 'market': 'kz', 'limit': 100, 'direct': 'false', 'token': 'ba463465c90bfaee386337e7c62e8a35', 'signature': 'd239e92c2d9fe666976452d1f2873abc'}
2025-05-03 03:26:46,288 - DEBUG - Starting new HTTPS connection (1): api.travelpayouts.com:443
2025-05-03 03:26:46,663 - DEBUG - https://api.travelpayouts.com:443 "GET /aviasales/v3/prices_for_dates?origin=ALA&destination=DXB&departure_at=2025-05-03&currency=RUB&market=kz&limit=100&direct=false&token=ba463465c90bfaee386337e7c62e8a35&signature=d239e92c2d9fe666976452d1f2873abc HTTP/1.1" 200 371
2025-05-03 03:26:46,663 - DEBUG - API response for market kz: {'data': [{'flight_number': '254', 'link': '/search/ALA0305SHJ1?t=G917462430001746255600000270ALASHJ_71a478ca35dfca16282e05775c7d456d_15578&search_date=02052025&expected_price_uuid=562e65bd-3741-4682-85ba-840a7c091201&expected_price_source=share&expected_price_currency=rub&expected_price=15578', 'origin_airport': 'ALA', 'destination_airport': 'SHJ', 'departure_at': '2025-05-03T03:30:00+06:00', 'airline': 'G9', 'destination': 'SHJ', 'origin': 'ALA', 'price': 15578, 'return_transfers': 0, 'duration': 270, 'duration_to': 270, 'duration_back': 0, 'transfers': 0}], 'currency': 'RUB', 'success': True}
2025-05-03 03:26:46,663 - DEBUG - Signature string: ba463465c90bfaee386337e7c62e8a35:currency=RUB:departure_at=2025-05-03:destination=DXB:direct=false:limit=100:market=us:origin=ALA
2025-05-03 03:26:46,663 - DEBUG - Sending API request to https://api.travelpayouts.com/aviasales/v3/prices_for_dates with params: {'origin': 'ALA', 'destination': 'DXB', 'departure_at': '2025-05-03', 'currency': 'RUB', 'market': 'us', 'limit': 100, 'direct': 'false', 'token': 'ba463465c90bfaee386337e7c62e8a35', 'signature': 'e71275e914b337b5be9e383adc56c71f'}
2025-05-03 03:26:46,663 - DEBUG - Starting new HTTPS connection (1): api.travelpayouts.com:443
2025-05-03 03:26:47,024 - DEBUG - https://api.travelpayouts.com:443 "GET /aviasales/v3/prices_for_dates?origin=ALA&destination=DXB&departure_at=2025-05-03&currency=RUB&market=us&limit=100&direct=false&token=ba463465c90bfaee386337e7c62e8a35&signature=e71275e914b337b5be9e383adc56c71f HTTP/1.1" 200 371
2025-05-03 03:26:47,024 - DEBUG - API response for market us: {'data': [{'flight_number': '254', 'link': '/search/ALA0305SHJ1?t=G917462430001746255600000270ALASHJ_71a478ca35dfca16282e05775c7d456d_15578&search_date=02052025&expected_price_uuid=562e65bd-3741-4682-85ba-840a7c091201&expected_price_source=share&expected_price_currency=rub&expected_price=15578', 'origin_airport': 'ALA', 'destination_airport': 'SHJ', 'departure_at': '2025-05-03T03:30:00+06:00', 'airline': 'G9', 'destination': 'SHJ', 'origin': 'ALA', 'price': 15578, 'return_transfers': 0, 'duration': 270, 'duration_to': 270, 'duration_back': 0, 'transfers': 0}], 'currency': 'RUB', 'success': True}
2025-05-03 03:26:47,024 - DEBUG - Processed 1 flights from API
2025-05-03 03:26:47,024 - DEBUG - Returning response: {'success': True, 'flights': [{'id': 1, 'airline': 'G9', 'departure': 'Алматы', 'destination': 'Дубай', 'actual_destination': 'SHJ', 'departure_time': '03:30', 'arrival_time': '00:00', 'class': 'economy', 'price': 16768.0, 'discount': 0, 'available_seats': 1, 'duration': '4ч 30м в пути', 'transfers': 'прямой', 'currency': 'RUB'}]}
2025-05-03 03:26:47,024 - DEBUG - Main execution completed
2025-05-03 03:26:55,390 - DEBUG - Starting main execution
2025-05-03 03:26:55,390 - DEBUG - Attempting to get user from session
2025-05-03 03:26:55,390 - DEBUG - User ID: None
2025-05-03 03:26:55,390 - DEBUG - Received form data: {'departure': 'Алматы', 'destination': 'Дубай', 'departure_date': '2025-05-03', 'return_date': '', 'passengers': '1', 'class': 'business'}
2025-05-03 03:26:55,390 - DEBUG - Request data validated: {'departure': 'Алматы', 'destination': 'Дубай', 'departure_date': '2025-05-03', 'return_date': '', 'passengers': '1', 'class': 'business'}
2025-05-03 03:26:55,390 - DEBUG - Attempting to log search request: {'departure': 'Алматы', 'destination': 'Дубай', 'departure_date': '2025-05-03', 'return_date': '', 'passengers': '1', 'class': 'business'}
2025-05-03 03:26:55,390 - DEBUG - Attempting to connect to database: C:\Apache24\htdocs\logs\flight_search.db
2025-05-03 03:26:55,390 - DEBUG - Connected to database, setting WAL mode
2025-05-03 03:26:55,397 - DEBUG - Journal mode set to: wal
2025-05-03 03:26:55,404 - DEBUG - Search request logged successfully
2025-05-03 03:26:55,404 - DEBUG - Attempting to log audit: search_flight, {'departure': 'Алматы', 'destination': 'Дубай', 'departure_date': '2025-05-03', 'return_date': '', 'passengers': '1', 'class': 'business'}
2025-05-03 03:26:55,404 - DEBUG - Attempting to connect to database: C:\Apache24\htdocs\logs\flight_search.db
2025-05-03 03:26:55,404 - DEBUG - Connected to database, setting WAL mode
2025-05-03 03:26:55,411 - DEBUG - Journal mode set to: wal
2025-05-03 03:26:55,411 - DEBUG - Audit logged successfully
2025-05-03 03:26:55,411 - DEBUG - Searching flights via API: departure=Алматы, destination=Дубай, date=2025-05-03, class=business, passengers=1
2025-05-03 03:26:55,411 - DEBUG - Signature string: ba463465c90bfaee386337e7c62e8a35:currency=RUB:departure_at=2025-05-03:destination=DXB:direct=false:limit=100:market=ru:origin=ALA
2025-05-03 03:26:55,411 - DEBUG - Sending API request to https://api.travelpayouts.com/aviasales/v3/prices_for_dates with params: {'origin': 'ALA', 'destination': 'DXB', 'departure_at': '2025-05-03', 'currency': 'RUB', 'market': 'ru', 'limit': 100, 'direct': 'false', 'token': 'ba463465c90bfaee386337e7c62e8a35', 'signature': '7ad81da58faceb5ccf189080c6695a28'}
2025-05-03 03:26:55,411 - DEBUG - Starting new HTTPS connection (1): api.travelpayouts.com:443
2025-05-03 03:26:56,133 - DEBUG - https://api.travelpayouts.com:443 "GET /aviasales/v3/prices_for_dates?origin=ALA&destination=DXB&departure_at=2025-05-03&currency=RUB&market=ru&limit=100&direct=false&token=ba463465c90bfaee386337e7c62e8a35&signature=7ad81da58faceb5ccf189080c6695a28 HTTP/1.1" 200 371
2025-05-03 03:26:56,133 - DEBUG - API response for market ru: {'data': [{'flight_number': '254', 'link': '/search/ALA0305SHJ1?t=G917462430001746255600000270ALASHJ_71a478ca35dfca16282e05775c7d456d_16769&search_date=02052025&expected_price_uuid=6a37a8f4-984f-48f4-8d19-3fac986b6b02&expected_price_source=share&expected_price_currency=rub&expected_price=16768', 'origin_airport': 'ALA', 'destination_airport': 'SHJ', 'departure_at': '2025-05-03T03:30:00+06:00', 'airline': 'G9', 'destination': 'SHJ', 'origin': 'ALA', 'price': 16768, 'return_transfers': 0, 'duration': 270, 'duration_to': 270, 'duration_back': 0, 'transfers': 0}], 'currency': 'RUB', 'success': True}
2025-05-03 03:26:56,133 - INFO - Alternative destination returned: SHJ instead of DXB
2025-05-03 03:26:56,140 - DEBUG - Signature string: ba463465c90bfaee386337e7c62e8a35:currency=RUB:departure_at=2025-05-03:destination=DXB:direct=false:limit=100:market=kz:origin=ALA
2025-05-03 03:26:56,140 - DEBUG - Sending API request to https://api.travelpayouts.com/aviasales/v3/prices_for_dates with params: {'origin': 'ALA', 'destination': 'DXB', 'departure_at': '2025-05-03', 'currency': 'RUB', 'market': 'kz', 'limit': 100, 'direct': 'false', 'token': 'ba463465c90bfaee386337e7c62e8a35', 'signature': 'd239e92c2d9fe666976452d1f2873abc'}
2025-05-03 03:26:56,140 - DEBUG - Starting new HTTPS connection (1): api.travelpayouts.com:443
2025-05-03 03:26:56,905 - DEBUG - https://api.travelpayouts.com:443 "GET /aviasales/v3/prices_for_dates?origin=ALA&destination=DXB&departure_at=2025-05-03&currency=RUB&market=kz&limit=100&direct=false&token=ba463465c90bfaee386337e7c62e8a35&signature=d239e92c2d9fe666976452d1f2873abc HTTP/1.1" 200 371
2025-05-03 03:26:56,905 - DEBUG - API response for market kz: {'data': [{'flight_number': '254', 'link': '/search/ALA0305SHJ1?t=G917462430001746255600000270ALASHJ_71a478ca35dfca16282e05775c7d456d_15578&search_date=02052025&expected_price_uuid=562e65bd-3741-4682-85ba-840a7c091201&expected_price_source=share&expected_price_currency=rub&expected_price=15578', 'origin_airport': 'ALA', 'destination_airport': 'SHJ', 'departure_at': '2025-05-03T03:30:00+06:00', 'airline': 'G9', 'destination': 'SHJ', 'origin': 'ALA', 'price': 15578, 'return_transfers': 0, 'duration': 270, 'duration_to': 270, 'duration_back': 0, 'transfers': 0}], 'currency': 'RUB', 'success': True}
2025-05-03 03:26:56,905 - DEBUG - Signature string: ba463465c90bfaee386337e7c62e8a35:currency=RUB:departure_at=2025-05-03:destination=DXB:direct=false:limit=100:market=us:origin=ALA
2025-05-03 03:26:56,905 - DEBUG - Sending API request to https://api.travelpayouts.com/aviasales/v3/prices_for_dates with params: {'origin': 'ALA', 'destination': 'DXB', 'departure_at': '2025-05-03', 'currency': 'RUB', 'market': 'us', 'limit': 100, 'direct': 'false', 'token': 'ba463465c90bfaee386337e7c62e8a35', 'signature': 'e71275e914b337b5be9e383adc56c71f'}
2025-05-03 03:26:56,905 - DEBUG - Starting new HTTPS connection (1): api.travelpayouts.com:443
2025-05-03 03:26:57,280 - DEBUG - https://api.travelpayouts.com:443 "GET /aviasales/v3/prices_for_dates?origin=ALA&destination=DXB&departure_at=2025-05-03&currency=RUB&market=us&limit=100&direct=false&token=ba463465c90bfaee386337e7c62e8a35&signature=e71275e914b337b5be9e383adc56c71f HTTP/1.1" 200 371
2025-05-03 03:26:57,280 - DEBUG - API response for market us: {'data': [{'flight_number': '254', 'link': '/search/ALA0305SHJ1?t=G917462430001746255600000270ALASHJ_71a478ca35dfca16282e05775c7d456d_15578&search_date=02052025&expected_price_uuid=562e65bd-3741-4682-85ba-840a7c091201&expected_price_source=share&expected_price_currency=rub&expected_price=15578', 'origin_airport': 'ALA', 'destination_airport': 'SHJ', 'departure_at': '2025-05-03T03:30:00+06:00', 'airline': 'G9', 'destination': 'SHJ', 'origin': 'ALA', 'price': 15578, 'return_transfers': 0, 'duration': 270, 'duration_to': 270, 'duration_back': 0, 'transfers': 0}], 'currency': 'RUB', 'success': True}
2025-05-03 03:26:57,280 - DEBUG - Processed 1 flights from API
2025-05-03 03:26:57,286 - DEBUG - Returning response: {'success': True, 'flights': [{'id': 1, 'airline': 'G9', 'departure': 'Алматы', 'destination': 'Дубай', 'actual_destination': 'SHJ', 'departure_time': '03:30', 'arrival_time': '00:00', 'class': 'business', 'price': 16768.0, 'discount': 0, 'available_seats': 1, 'duration': '4ч 30м в пути', 'transfers': 'прямой', 'currency': 'RUB'}]}
2025-05-03 03:26:57,286 - DEBUG - Main execution completed
2025-05-03 03:27:04,187 - DEBUG - Starting main execution
2025-05-03 03:27:04,187 - DEBUG - Attempting to get user from session
2025-05-03 03:27:04,187 - DEBUG - User ID: None
2025-05-03 03:27:04,187 - DEBUG - Received form data: {'departure': 'Алматы', 'destination': 'Дубай', 'departure_date': '2025-05-03', 'return_date': '', 'passengers': '1', 'class': 'first'}
2025-05-03 03:27:04,187 - DEBUG - Request data validated: {'departure': 'Алматы', 'destination': 'Дубай', 'departure_date': '2025-05-03', 'return_date': '', 'passengers': '1', 'class': 'first'}
2025-05-03 03:27:04,187 - DEBUG - Attempting to log search request: {'departure': 'Алматы', 'destination': 'Дубай', 'departure_date': '2025-05-03', 'return_date': '', 'passengers': '1', 'class': 'first'}
2025-05-03 03:27:04,187 - DEBUG - Attempting to connect to database: C:\Apache24\htdocs\logs\flight_search.db
2025-05-03 03:27:04,187 - DEBUG - Connected to database, setting WAL mode
2025-05-03 03:27:04,194 - DEBUG - Journal mode set to: wal
2025-05-03 03:27:04,201 - DEBUG - Search request logged successfully
2025-05-03 03:27:04,201 - DEBUG - Attempting to log audit: search_flight, {'departure': 'Алматы', 'destination': 'Дубай', 'departure_date': '2025-05-03', 'return_date': '', 'passengers': '1', 'class': 'first'}
2025-05-03 03:27:04,201 - DEBUG - Attempting to connect to database: C:\Apache24\htdocs\logs\flight_search.db
2025-05-03 03:27:04,201 - DEBUG - Connected to database, setting WAL mode
2025-05-03 03:27:04,208 - DEBUG - Journal mode set to: wal
2025-05-03 03:27:04,208 - DEBUG - Audit logged successfully
2025-05-03 03:27:04,208 - DEBUG - Searching flights via API: departure=Алматы, destination=Дубай, date=2025-05-03, class=first, passengers=1
2025-05-03 03:27:04,208 - DEBUG - Signature string: ba463465c90bfaee386337e7c62e8a35:currency=RUB:departure_at=2025-05-03:destination=DXB:direct=false:limit=100:market=ru:origin=ALA
2025-05-03 03:27:04,208 - DEBUG - Sending API request to https://api.travelpayouts.com/aviasales/v3/prices_for_dates with params: {'origin': 'ALA', 'destination': 'DXB', 'departure_at': '2025-05-03', 'currency': 'RUB', 'market': 'ru', 'limit': 100, 'direct': 'false', 'token': 'ba463465c90bfaee386337e7c62e8a35', 'signature': '7ad81da58faceb5ccf189080c6695a28'}
2025-05-03 03:27:04,208 - DEBUG - Starting new HTTPS connection (1): api.travelpayouts.com:443
2025-05-03 03:27:04,617 - DEBUG - https://api.travelpayouts.com:443 "GET /aviasales/v3/prices_for_dates?origin=ALA&destination=DXB&departure_at=2025-05-03&currency=RUB&market=ru&limit=100&direct=false&token=ba463465c90bfaee386337e7c62e8a35&signature=7ad81da58faceb5ccf189080c6695a28 HTTP/1.1" 200 371
2025-05-03 03:27:04,617 - DEBUG - API response for market ru: {'data': [{'flight_number': '254', 'link': '/search/ALA0305SHJ1?t=G917462430001746255600000270ALASHJ_71a478ca35dfca16282e05775c7d456d_16769&search_date=02052025&expected_price_uuid=6a37a8f4-984f-48f4-8d19-3fac986b6b02&expected_price_source=share&expected_price_currency=rub&expected_price=16768', 'origin_airport': 'ALA', 'destination_airport': 'SHJ', 'departure_at': '2025-05-03T03:30:00+06:00', 'airline': 'G9', 'destination': 'SHJ', 'origin': 'ALA', 'price': 16768, 'return_transfers': 0, 'duration': 270, 'duration_to': 270, 'duration_back': 0, 'transfers': 0}], 'currency': 'RUB', 'success': True}
2025-05-03 03:27:04,617 - INFO - Alternative destination returned: SHJ instead of DXB
2025-05-03 03:27:04,617 - DEBUG - Signature string: ba463465c90bfaee386337e7c62e8a35:currency=RUB:departure_at=2025-05-03:destination=DXB:direct=false:limit=100:market=kz:origin=ALA
2025-05-03 03:27:04,617 - DEBUG - Sending API request to https://api.travelpayouts.com/aviasales/v3/prices_for_dates with params: {'origin': 'ALA', 'destination': 'DXB', 'departure_at': '2025-05-03', 'currency': 'RUB', 'market': 'kz', 'limit': 100, 'direct': 'false', 'token': 'ba463465c90bfaee386337e7c62e8a35', 'signature': 'd239e92c2d9fe666976452d1f2873abc'}
2025-05-03 03:27:04,624 - DEBUG - Starting new HTTPS connection (1): api.travelpayouts.com:443
2025-05-03 03:27:04,980 - DEBUG - https://api.travelpayouts.com:443 "GET /aviasales/v3/prices_for_dates?origin=ALA&destination=DXB&departure_at=2025-05-03&currency=RUB&market=kz&limit=100&direct=false&token=ba463465c90bfaee386337e7c62e8a35&signature=d239e92c2d9fe666976452d1f2873abc HTTP/1.1" 200 371
2025-05-03 03:27:04,986 - DEBUG - API response for market kz: {'data': [{'flight_number': '254', 'link': '/search/ALA0305SHJ1?t=G917462430001746255600000270ALASHJ_71a478ca35dfca16282e05775c7d456d_15578&search_date=02052025&expected_price_uuid=562e65bd-3741-4682-85ba-840a7c091201&expected_price_source=share&expected_price_currency=rub&expected_price=15578', 'origin_airport': 'ALA', 'destination_airport': 'SHJ', 'departure_at': '2025-05-03T03:30:00+06:00', 'airline': 'G9', 'destination': 'SHJ', 'origin': 'ALA', 'price': 15578, 'return_transfers': 0, 'duration': 270, 'duration_to': 270, 'duration_back': 0, 'transfers': 0}], 'currency': 'RUB', 'success': True}
2025-05-03 03:27:04,986 - DEBUG - Signature string: ba463465c90bfaee386337e7c62e8a35:currency=RUB:departure_at=2025-05-03:destination=DXB:direct=false:limit=100:market=us:origin=ALA
2025-05-03 03:27:04,986 - DEBUG - Sending API request to https://api.travelpayouts.com/aviasales/v3/prices_for_dates with params: {'origin': 'ALA', 'destination': 'DXB', 'departure_at': '2025-05-03', 'currency': 'RUB', 'market': 'us', 'limit': 100, 'direct': 'false', 'token': 'ba463465c90bfaee386337e7c62e8a35', 'signature': 'e71275e914b337b5be9e383adc56c71f'}
2025-05-03 03:27:04,986 - DEBUG - Starting new HTTPS connection (1): api.travelpayouts.com:443
2025-05-03 03:27:05,382 - DEBUG - https://api.travelpayouts.com:443 "GET /aviasales/v3/prices_for_dates?origin=ALA&destination=DXB&departure_at=2025-05-03&currency=RUB&market=us&limit=100&direct=false&token=ba463465c90bfaee386337e7c62e8a35&signature=e71275e914b337b5be9e383adc56c71f HTTP/1.1" 200 371
2025-05-03 03:27:05,382 - DEBUG - API response for market us: {'data': [{'flight_number': '254', 'link': '/search/ALA0305SHJ1?t=G917462430001746255600000270ALASHJ_71a478ca35dfca16282e05775c7d456d_15578&search_date=02052025&expected_price_uuid=562e65bd-3741-4682-85ba-840a7c091201&expected_price_source=share&expected_price_currency=rub&expected_price=15578', 'origin_airport': 'ALA', 'destination_airport': 'SHJ', 'departure_at': '2025-05-03T03:30:00+06:00', 'airline': 'G9', 'destination': 'SHJ', 'origin': 'ALA', 'price': 15578, 'return_transfers': 0, 'duration': 270, 'duration_to': 270, 'duration_back': 0, 'transfers': 0}], 'currency': 'RUB', 'success': True}
2025-05-03 03:27:05,382 - DEBUG - Processed 1 flights from API
2025-05-03 03:27:05,382 - DEBUG - Returning response: {'success': True, 'flights': [{'id': 1, 'airline': 'G9', 'departure': 'Алматы', 'destination': 'Дубай', 'actual_destination': 'SHJ', 'departure_time': '03:30', 'arrival_time': '00:00', 'class': 'first', 'price': 16768.0, 'discount': 0, 'available_seats': 1, 'duration': '4ч 30м в пути', 'transfers': 'прямой', 'currency': 'RUB'}]}
2025-05-03 03:27:05,382 - DEBUG - Main execution completed
2025-05-03 03:27:13,067 - DEBUG - Starting main execution
2025-05-03 03:27:13,067 - DEBUG - Attempting to get user from session
2025-05-03 03:27:13,067 - DEBUG - User ID: None
2025-05-03 03:27:13,067 - DEBUG - Received form data: {'departure': 'Алматы', 'destination': 'Дубай', 'departure_date': '2025-05-03', 'return_date': '', 'passengers': '2', 'class': 'first'}
2025-05-03 03:27:13,067 - DEBUG - Request data validated: {'departure': 'Алматы', 'destination': 'Дубай', 'departure_date': '2025-05-03', 'return_date': '', 'passengers': '2', 'class': 'first'}
2025-05-03 03:27:13,067 - DEBUG - Attempting to log search request: {'departure': 'Алматы', 'destination': 'Дубай', 'departure_date': '2025-05-03', 'return_date': '', 'passengers': '2', 'class': 'first'}
2025-05-03 03:27:13,067 - DEBUG - Attempting to connect to database: C:\Apache24\htdocs\logs\flight_search.db
2025-05-03 03:27:13,067 - DEBUG - Connected to database, setting WAL mode
2025-05-03 03:27:13,075 - DEBUG - Journal mode set to: wal
2025-05-03 03:27:13,081 - DEBUG - Search request logged successfully
2025-05-03 03:27:13,081 - DEBUG - Attempting to log audit: search_flight, {'departure': 'Алматы', 'destination': 'Дубай', 'departure_date': '2025-05-03', 'return_date': '', 'passengers': '2', 'class': 'first'}
2025-05-03 03:27:13,081 - DEBUG - Attempting to connect to database: C:\Apache24\htdocs\logs\flight_search.db
2025-05-03 03:27:13,081 - DEBUG - Connected to database, setting WAL mode
2025-05-03 03:27:13,088 - DEBUG - Journal mode set to: wal
2025-05-03 03:27:13,088 - DEBUG - Audit logged successfully
2025-05-03 03:27:13,088 - DEBUG - Searching flights via API: departure=Алматы, destination=Дубай, date=2025-05-03, class=first, passengers=2
2025-05-03 03:27:13,088 - DEBUG - Signature string: ba463465c90bfaee386337e7c62e8a35:currency=RUB:departure_at=2025-05-03:destination=DXB:direct=false:limit=100:market=ru:origin=ALA
2025-05-03 03:27:13,088 - DEBUG - Sending API request to https://api.travelpayouts.com/aviasales/v3/prices_for_dates with params: {'origin': 'ALA', 'destination': 'DXB', 'departure_at': '2025-05-03', 'currency': 'RUB', 'market': 'ru', 'limit': 100, 'direct': 'false', 'token': 'ba463465c90bfaee386337e7c62e8a35', 'signature': '7ad81da58faceb5ccf189080c6695a28'}
2025-05-03 03:27:13,088 - DEBUG - Starting new HTTPS connection (1): api.travelpayouts.com:443
2025-05-03 03:27:13,839 - DEBUG - https://api.travelpayouts.com:443 "GET /aviasales/v3/prices_for_dates?origin=ALA&destination=DXB&departure_at=2025-05-03&currency=RUB&market=ru&limit=100&direct=false&token=ba463465c90bfaee386337e7c62e8a35&signature=7ad81da58faceb5ccf189080c6695a28 HTTP/1.1" 200 371
2025-05-03 03:27:13,839 - DEBUG - API response for market ru: {'data': [{'flight_number': '254', 'link': '/search/ALA0305SHJ1?t=G917462430001746255600000270ALASHJ_71a478ca35dfca16282e05775c7d456d_16769&search_date=02052025&expected_price_uuid=6a37a8f4-984f-48f4-8d19-3fac986b6b02&expected_price_source=share&expected_price_currency=rub&expected_price=16768', 'origin_airport': 'ALA', 'destination_airport': 'SHJ', 'departure_at': '2025-05-03T03:30:00+06:00', 'airline': 'G9', 'destination': 'SHJ', 'origin': 'ALA', 'price': 16768, 'return_transfers': 0, 'duration': 270, 'duration_to': 270, 'duration_back': 0, 'transfers': 0}], 'currency': 'RUB', 'success': True}
2025-05-03 03:27:13,839 - INFO - Alternative destination returned: SHJ instead of DXB
2025-05-03 03:27:13,845 - DEBUG - Signature string: ba463465c90bfaee386337e7c62e8a35:currency=RUB:departure_at=2025-05-03:destination=DXB:direct=false:limit=100:market=kz:origin=ALA
2025-05-03 03:27:13,845 - DEBUG - Sending API request to https://api.travelpayouts.com/aviasales/v3/prices_for_dates with params: {'origin': 'ALA', 'destination': 'DXB', 'departure_at': '2025-05-03', 'currency': 'RUB', 'market': 'kz', 'limit': 100, 'direct': 'false', 'token': 'ba463465c90bfaee386337e7c62e8a35', 'signature': 'd239e92c2d9fe666976452d1f2873abc'}
2025-05-03 03:27:13,846 - DEBUG - Starting new HTTPS connection (1): api.travelpayouts.com:443
2025-05-03 03:27:14,248 - DEBUG - https://api.travelpayouts.com:443 "GET /aviasales/v3/prices_for_dates?origin=ALA&destination=DXB&departure_at=2025-05-03&currency=RUB&market=kz&limit=100&direct=false&token=ba463465c90bfaee386337e7c62e8a35&signature=d239e92c2d9fe666976452d1f2873abc HTTP/1.1" 200 371
2025-05-03 03:27:14,248 - DEBUG - API response for market kz: {'data': [{'flight_number': '254', 'link': '/search/ALA0305SHJ1?t=G917462430001746255600000270ALASHJ_71a478ca35dfca16282e05775c7d456d_15578&search_date=02052025&expected_price_uuid=562e65bd-3741-4682-85ba-840a7c091201&expected_price_source=share&expected_price_currency=rub&expected_price=15578', 'origin_airport': 'ALA', 'destination_airport': 'SHJ', 'departure_at': '2025-05-03T03:30:00+06:00', 'airline': 'G9', 'destination': 'SHJ', 'origin': 'ALA', 'price': 15578, 'return_transfers': 0, 'duration': 270, 'duration_to': 270, 'duration_back': 0, 'transfers': 0}], 'currency': 'RUB', 'success': True}
2025-05-03 03:27:14,248 - DEBUG - Signature string: ba463465c90bfaee386337e7c62e8a35:currency=RUB:departure_at=2025-05-03:destination=DXB:direct=false:limit=100:market=us:origin=ALA
2025-05-03 03:27:14,248 - DEBUG - Sending API request to https://api.travelpayouts.com/aviasales/v3/prices_for_dates with params: {'origin': 'ALA', 'destination': 'DXB', 'departure_at': '2025-05-03', 'currency': 'RUB', 'market': 'us', 'limit': 100, 'direct': 'false', 'token': 'ba463465c90bfaee386337e7c62e8a35', 'signature': 'e71275e914b337b5be9e383adc56c71f'}
2025-05-03 03:27:14,255 - DEBUG - Starting new HTTPS connection (1): api.travelpayouts.com:443
2025-05-03 03:27:14,630 - DEBUG - https://api.travelpayouts.com:443 "GET /aviasales/v3/prices_for_dates?origin=ALA&destination=DXB&departure_at=2025-05-03&currency=RUB&market=us&limit=100&direct=false&token=ba463465c90bfaee386337e7c62e8a35&signature=e71275e914b337b5be9e383adc56c71f HTTP/1.1" 200 371
2025-05-03 03:27:14,637 - DEBUG - API response for market us: {'data': [{'flight_number': '254', 'link': '/search/ALA0305SHJ1?t=G917462430001746255600000270ALASHJ_71a478ca35dfca16282e05775c7d456d_15578&search_date=02052025&expected_price_uuid=562e65bd-3741-4682-85ba-840a7c091201&expected_price_source=share&expected_price_currency=rub&expected_price=15578', 'origin_airport': 'ALA', 'destination_airport': 'SHJ', 'departure_at': '2025-05-03T03:30:00+06:00', 'airline': 'G9', 'destination': 'SHJ', 'origin': 'ALA', 'price': 15578, 'return_transfers': 0, 'duration': 270, 'duration_to': 270, 'duration_back': 0, 'transfers': 0}], 'currency': 'RUB', 'success': True}
2025-05-03 03:27:14,637 - DEBUG - Processed 1 flights from API
2025-05-03 03:27:14,637 - DEBUG - Returning response: {'success': True, 'flights': [{'id': 1, 'airline': 'G9', 'departure': 'Алматы', 'destination': 'Дубай', 'actual_destination': 'SHJ', 'departure_time': '03:30', 'arrival_time': '00:00', 'class': 'first', 'price': 16768.0, 'discount': 0, 'available_seats': 2, 'duration': '4ч 30м в пути', 'transfers': 'прямой', 'currency': 'RUB'}]}
2025-05-03 03:27:14,637 - DEBUG - Main execution completed
2025-05-03 03:27:20,274 - DEBUG - Starting main execution
2025-05-03 03:27:20,274 - DEBUG - Attempting to get user from session
2025-05-03 03:27:20,274 - DEBUG - User ID: None
2025-05-03 03:27:20,274 - DEBUG - Received form data: {'departure': 'Алматы', 'destination': 'Дубай', 'departure_date': '2025-05-03', 'return_date': '', 'passengers': '2', 'class': 'economy'}
2025-05-03 03:27:20,274 - DEBUG - Request data validated: {'departure': 'Алматы', 'destination': 'Дубай', 'departure_date': '2025-05-03', 'return_date': '', 'passengers': '2', 'class': 'economy'}
2025-05-03 03:27:20,274 - DEBUG - Attempting to log search request: {'departure': 'Алматы', 'destination': 'Дубай', 'departure_date': '2025-05-03', 'return_date': '', 'passengers': '2', 'class': 'economy'}
2025-05-03 03:27:20,274 - DEBUG - Attempting to connect to database: C:\Apache24\htdocs\logs\flight_search.db
2025-05-03 03:27:20,274 - DEBUG - Connected to database, setting WAL mode
2025-05-03 03:27:20,281 - DEBUG - Journal mode set to: wal
2025-05-03 03:27:20,288 - DEBUG - Search request logged successfully
2025-05-03 03:27:20,288 - DEBUG - Attempting to log audit: search_flight, {'departure': 'Алматы', 'destination': 'Дубай', 'departure_date': '2025-05-03', 'return_date': '', 'passengers': '2', 'class': 'economy'}
2025-05-03 03:27:20,288 - DEBUG - Attempting to connect to database: C:\Apache24\htdocs\logs\flight_search.db
2025-05-03 03:27:20,288 - DEBUG - Connected to database, setting WAL mode
2025-05-03 03:27:20,295 - DEBUG - Journal mode set to: wal
2025-05-03 03:27:20,295 - DEBUG - Audit logged successfully
2025-05-03 03:27:20,295 - DEBUG - Searching flights via API: departure=Алматы, destination=Дубай, date=2025-05-03, class=economy, passengers=2
2025-05-03 03:27:20,295 - DEBUG - Signature string: ba463465c90bfaee386337e7c62e8a35:currency=RUB:departure_at=2025-05-03:destination=DXB:direct=false:limit=100:market=ru:origin=ALA
2025-05-03 03:27:20,295 - DEBUG - Sending API request to https://api.travelpayouts.com/aviasales/v3/prices_for_dates with params: {'origin': 'ALA', 'destination': 'DXB', 'departure_at': '2025-05-03', 'currency': 'RUB', 'market': 'ru', 'limit': 100, 'direct': 'false', 'token': 'ba463465c90bfaee386337e7c62e8a35', 'signature': '7ad81da58faceb5ccf189080c6695a28'}
2025-05-03 03:27:20,295 - DEBUG - Starting new HTTPS connection (1): api.travelpayouts.com:443
2025-05-03 03:27:20,692 - DEBUG - https://api.travelpayouts.com:443 "GET /aviasales/v3/prices_for_dates?origin=ALA&destination=DXB&departure_at=2025-05-03&currency=RUB&market=ru&limit=100&direct=false&token=ba463465c90bfaee386337e7c62e8a35&signature=7ad81da58faceb5ccf189080c6695a28 HTTP/1.1" 200 371
2025-05-03 03:27:20,694 - DEBUG - API response for market ru: {'data': [{'flight_number': '254', 'link': '/search/ALA0305SHJ1?t=G917462430001746255600000270ALASHJ_71a478ca35dfca16282e05775c7d456d_16769&search_date=02052025&expected_price_uuid=6a37a8f4-984f-48f4-8d19-3fac986b6b02&expected_price_source=share&expected_price_currency=rub&expected_price=16768', 'origin_airport': 'ALA', 'destination_airport': 'SHJ', 'departure_at': '2025-05-03T03:30:00+06:00', 'airline': 'G9', 'destination': 'SHJ', 'origin': 'ALA', 'price': 16768, 'return_transfers': 0, 'duration': 270, 'duration_to': 270, 'duration_back': 0, 'transfers': 0}], 'currency': 'RUB', 'success': True}
2025-05-03 03:27:20,694 - INFO - Alternative destination returned: SHJ instead of DXB
2025-05-03 03:27:20,694 - DEBUG - Signature string: ba463465c90bfaee386337e7c62e8a35:currency=RUB:departure_at=2025-05-03:destination=DXB:direct=false:limit=100:market=kz:origin=ALA
2025-05-03 03:27:20,696 - DEBUG - Sending API request to https://api.travelpayouts.com/aviasales/v3/prices_for_dates with params: {'origin': 'ALA', 'destination': 'DXB', 'departure_at': '2025-05-03', 'currency': 'RUB', 'market': 'kz', 'limit': 100, 'direct': 'false', 'token': 'ba463465c90bfaee386337e7c62e8a35', 'signature': 'd239e92c2d9fe666976452d1f2873abc'}
2025-05-03 03:27:20,698 - DEBUG - Starting new HTTPS connection (1): api.travelpayouts.com:443
2025-05-03 03:27:21,100 - DEBUG - https://api.travelpayouts.com:443 "GET /aviasales/v3/prices_for_dates?origin=ALA&destination=DXB&departure_at=2025-05-03&currency=RUB&market=kz&limit=100&direct=false&token=ba463465c90bfaee386337e7c62e8a35&signature=d239e92c2d9fe666976452d1f2873abc HTTP/1.1" 200 371
2025-05-03 03:27:21,100 - DEBUG - API response for market kz: {'data': [{'flight_number': '254', 'link': '/search/ALA0305SHJ1?t=G917462430001746255600000270ALASHJ_71a478ca35dfca16282e05775c7d456d_15578&search_date=02052025&expected_price_uuid=562e65bd-3741-4682-85ba-840a7c091201&expected_price_source=share&expected_price_currency=rub&expected_price=15578', 'origin_airport': 'ALA', 'destination_airport': 'SHJ', 'departure_at': '2025-05-03T03:30:00+06:00', 'airline': 'G9', 'destination': 'SHJ', 'origin': 'ALA', 'price': 15578, 'return_transfers': 0, 'duration': 270, 'duration_to': 270, 'duration_back': 0, 'transfers': 0}], 'currency': 'RUB', 'success': True}
2025-05-03 03:27:21,100 - DEBUG - Signature string: ba463465c90bfaee386337e7c62e8a35:currency=RUB:departure_at=2025-05-03:destination=DXB:direct=false:limit=100:market=us:origin=ALA
2025-05-03 03:27:21,100 - DEBUG - Sending API request to https://api.travelpayouts.com/aviasales/v3/prices_for_dates with params: {'origin': 'ALA', 'destination': 'DXB', 'departure_at': '2025-05-03', 'currency': 'RUB', 'market': 'us', 'limit': 100, 'direct': 'false', 'token': 'ba463465c90bfaee386337e7c62e8a35', 'signature': 'e71275e914b337b5be9e383adc56c71f'}
2025-05-03 03:27:21,100 - DEBUG - Starting new HTTPS connection (1): api.travelpayouts.com:443
2025-05-03 03:27:21,836 - DEBUG - https://api.travelpayouts.com:443 "GET /aviasales/v3/prices_for_dates?origin=ALA&destination=DXB&departure_at=2025-05-03&currency=RUB&market=us&limit=100&direct=false&token=ba463465c90bfaee386337e7c62e8a35&signature=e71275e914b337b5be9e383adc56c71f HTTP/1.1" 200 371
2025-05-03 03:27:21,836 - DEBUG - API response for market us: {'data': [{'flight_number': '254', 'link': '/search/ALA0305SHJ1?t=G917462430001746255600000270ALASHJ_71a478ca35dfca16282e05775c7d456d_15578&search_date=02052025&expected_price_uuid=562e65bd-3741-4682-85ba-840a7c091201&expected_price_source=share&expected_price_currency=rub&expected_price=15578', 'origin_airport': 'ALA', 'destination_airport': 'SHJ', 'departure_at': '2025-05-03T03:30:00+06:00', 'airline': 'G9', 'destination': 'SHJ', 'origin': 'ALA', 'price': 15578, 'return_transfers': 0, 'duration': 270, 'duration_to': 270, 'duration_back': 0, 'transfers': 0}], 'currency': 'RUB', 'success': True}
2025-05-03 03:27:21,836 - DEBUG - Processed 1 flights from API
2025-05-03 03:27:21,836 - DEBUG - Returning response: {'success': True, 'flights': [{'id': 1, 'airline': 'G9', 'departure': 'Алматы', 'destination': 'Дубай', 'actual_destination': 'SHJ', 'departure_time': '03:30', 'arrival_time': '00:00', 'class': 'economy', 'price': 16768.0, 'discount': 0, 'available_seats': 2, 'duration': '4ч 30м в пути', 'transfers': 'прямой', 'currency': 'RUB'}]}
2025-05-03 03:27:21,836 - DEBUG - Main execution completed
2025-05-03 03:27:36,931 - DEBUG - Starting main execution
2025-05-03 03:27:36,931 - DEBUG - Attempting to get user from session
2025-05-03 03:27:36,931 - DEBUG - User ID: None
2025-05-03 03:27:36,931 - DEBUG - Received form data: {'departure': 'Алматы', 'destination': 'Москва', 'departure_date': '2025-05-03', 'return_date': '', 'passengers': '2', 'class': 'economy'}
2025-05-03 03:27:36,931 - DEBUG - Request data validated: {'departure': 'Алматы', 'destination': 'Москва', 'departure_date': '2025-05-03', 'return_date': '', 'passengers': '2', 'class': 'economy'}
2025-05-03 03:27:36,931 - DEBUG - Attempting to log search request: {'departure': 'Алматы', 'destination': 'Москва', 'departure_date': '2025-05-03', 'return_date': '', 'passengers': '2', 'class': 'economy'}
2025-05-03 03:27:36,931 - DEBUG - Attempting to connect to database: C:\Apache24\htdocs\logs\flight_search.db
2025-05-03 03:27:36,931 - DEBUG - Connected to database, setting WAL mode
2025-05-03 03:27:36,945 - DEBUG - Journal mode set to: wal
2025-05-03 03:27:36,945 - DEBUG - Search request logged successfully
2025-05-03 03:27:36,945 - DEBUG - Attempting to log audit: search_flight, {'departure': 'Алматы', 'destination': 'Москва', 'departure_date': '2025-05-03', 'return_date': '', 'passengers': '2', 'class': 'economy'}
2025-05-03 03:27:36,945 - DEBUG - Attempting to connect to database: C:\Apache24\htdocs\logs\flight_search.db
2025-05-03 03:27:36,945 - DEBUG - Connected to database, setting WAL mode
2025-05-03 03:27:36,952 - DEBUG - Journal mode set to: wal
2025-05-03 03:27:36,952 - DEBUG - Audit logged successfully
2025-05-03 03:27:36,952 - DEBUG - Searching flights via API: departure=Алматы, destination=Москва, date=2025-05-03, class=economy, passengers=2
2025-05-03 03:27:36,952 - DEBUG - Signature string: ba463465c90bfaee386337e7c62e8a35:currency=RUB:departure_at=2025-05-03:destination=MOW:direct=false:limit=100:market=ru:origin=ALA
2025-05-03 03:27:36,952 - DEBUG - Sending API request to https://api.travelpayouts.com/aviasales/v3/prices_for_dates with params: {'origin': 'ALA', 'destination': 'MOW', 'departure_at': '2025-05-03', 'currency': 'RUB', 'market': 'ru', 'limit': 100, 'direct': 'false', 'token': 'ba463465c90bfaee386337e7c62e8a35', 'signature': '0bdfbb323c7820a3fae9e5505bcf2c9a'}
2025-05-03 03:27:36,952 - DEBUG - Starting new HTTPS connection (1): api.travelpayouts.com:443
2025-05-03 03:27:37,708 - DEBUG - https://api.travelpayouts.com:443 "GET /aviasales/v3/prices_for_dates?origin=ALA&destination=MOW&departure_at=2025-05-03&currency=RUB&market=ru&limit=100&direct=false&token=ba463465c90bfaee386337e7c62e8a35&signature=0bdfbb323c7820a3fae9e5505bcf2c9a HTTP/1.1" 200 383
2025-05-03 03:27:37,709 - DEBUG - API response for market ru: {'data': [{'flight_number': '951', 'link': '/search/ALA0305MOW1?t=SU17462508001746345000001690ALANQZSVO_1a2c60e3647b060932e009d793265298_16839&search_date=02052025&expected_price_uuid=4e0c400b-fa86-4ca1-a33e-ac83edce4302&expected_price_source=share&expected_price_currency=rub&expected_price=16839', 'origin_airport': 'ALA', 'destination_airport': 'SVO', 'departure_at': '2025-05-03T05:40:00+06:00', 'airline': 'KC', 'destination': 'MOW', 'origin': 'ALA', 'price': 16839, 'return_transfers': 0, 'duration': 1690, 'duration_to': 325, 'duration_back': 0, 'transfers': 1}], 'currency': 'RUB', 'success': True}
2025-05-03 03:27:37,709 - DEBUG - Signature string: ba463465c90bfaee386337e7c62e8a35:currency=RUB:departure_at=2025-05-03:destination=MOW:direct=false:limit=100:market=kz:origin=ALA
2025-05-03 03:27:37,709 - DEBUG - Sending API request to https://api.travelpayouts.com/aviasales/v3/prices_for_dates with params: {'origin': 'ALA', 'destination': 'MOW', 'departure_at': '2025-05-03', 'currency': 'RUB', 'market': 'kz', 'limit': 100, 'direct': 'false', 'token': 'ba463465c90bfaee386337e7c62e8a35', 'signature': '7ce707f4255b3aa72a98a3f36338f064'}
2025-05-03 03:27:37,709 - DEBUG - Starting new HTTPS connection (1): api.travelpayouts.com:443
2025-05-03 03:27:38,438 - DEBUG - https://api.travelpayouts.com:443 "GET /aviasales/v3/prices_for_dates?origin=ALA&destination=MOW&departure_at=2025-05-03&currency=RUB&market=kz&limit=100&direct=false&token=ba463465c90bfaee386337e7c62e8a35&signature=7ce707f4255b3aa72a98a3f36338f064 HTTP/1.1" 200 385
2025-05-03 03:27:38,438 - DEBUG - API response for market kz: {'data': [{'flight_number': '951', 'link': '/search/ALA0305MOW1?t=SU17462508001746402900002655ALANQZSVO_ee276fb240fe0c317b9f507d6b971d66_19888&search_date=02052025&expected_price_uuid=e31a8a5d-8ccc-4da9-a224-28ccd361ec02&expected_price_source=share&expected_price_currency=rub&expected_price=19888', 'origin_airport': 'ALA', 'destination_airport': 'SVO', 'departure_at': '2025-05-03T05:40:00+06:00', 'airline': 'KC', 'destination': 'MOW', 'origin': 'ALA', 'price': 19888, 'return_transfers': 0, 'duration': 2655, 'duration_to': 340, 'duration_back': 0, 'transfers': 1}], 'currency': 'RUB', 'success': True}
2025-05-03 03:27:38,438 - DEBUG - Signature string: ba463465c90bfaee386337e7c62e8a35:currency=RUB:departure_at=2025-05-03:destination=MOW:direct=false:limit=100:market=us:origin=ALA
2025-05-03 03:27:38,438 - DEBUG - Sending API request to https://api.travelpayouts.com/aviasales/v3/prices_for_dates with params: {'origin': 'ALA', 'destination': 'MOW', 'departure_at': '2025-05-03', 'currency': 'RUB', 'market': 'us', 'limit': 100, 'direct': 'false', 'token': 'ba463465c90bfaee386337e7c62e8a35', 'signature': '99458d32b9636940d9290c6e296f55d3'}
2025-05-03 03:27:38,438 - DEBUG - Starting new HTTPS connection (1): api.travelpayouts.com:443
2025-05-03 03:27:38,813 - DEBUG - https://api.travelpayouts.com:443 "GET /aviasales/v3/prices_for_dates?origin=ALA&destination=MOW&departure_at=2025-05-03&currency=RUB&market=us&limit=100&direct=false&token=ba463465c90bfaee386337e7c62e8a35&signature=99458d32b9636940d9290c6e296f55d3 HTTP/1.1" 200 383
2025-05-03 03:27:38,813 - DEBUG - API response for market us: {'data': [{'flight_number': '951', 'link': '/search/ALA0305MOW1?t=SU17462508001746345000001690ALANQZSVO_1a2c60e3647b060932e009d793265298_16839&search_date=02052025&expected_price_uuid=4e0c400b-fa86-4ca1-a33e-ac83edce4302&expected_price_source=share&expected_price_currency=rub&expected_price=16839', 'origin_airport': 'ALA', 'destination_airport': 'SVO', 'departure_at': '2025-05-03T05:40:00+06:00', 'airline': 'KC', 'destination': 'MOW', 'origin': 'ALA', 'price': 16839, 'return_transfers': 0, 'duration': 1690, 'duration_to': 325, 'duration_back': 0, 'transfers': 1}], 'currency': 'RUB', 'success': True}
2025-05-03 03:27:38,813 - DEBUG - Processed 1 flights from API
2025-05-03 03:27:38,813 - DEBUG - Returning response: {'success': True, 'flights': [{'id': 1, 'airline': 'KC', 'departure': 'Алматы', 'destination': 'Москва', 'actual_destination': 'MOW', 'departure_time': '05:40', 'arrival_time': '00:00', 'class': 'economy', 'price': 16839.0, 'discount': 0, 'available_seats': 2, 'duration': '5ч 25м в пути', 'transfers': '1 пересадок', 'currency': 'RUB'}]}
2025-05-03 03:27:38,813 - DEBUG - Main execution completed
2025-05-03 03:55:42,597 - DEBUG - Starting main execution
2025-05-03 03:55:42,597 - DEBUG - Attempting to get user from session
2025-05-03 03:55:42,597 - DEBUG - User ID: None
2025-05-03 03:55:42,597 - DEBUG - Received form data: {'departure': 'Москва', 'destination': 'Дубай', 'departure_date': '2025-05-03', 'return_date': '', 'passengers': '1', 'class': 'economy'}
2025-05-03 03:55:42,597 - DEBUG - Request data validated: {'departure': 'Москва', 'destination': 'Дубай', 'departure_date': '2025-05-03', 'return_date': '', 'passengers': '1', 'class': 'economy'}
2025-05-03 03:55:42,597 - DEBUG - Attempting to log search request: {'departure': 'Москва', 'destination': 'Дубай', 'departure_date': '2025-05-03', 'return_date': '', 'passengers': '1', 'class': 'economy'}
2025-05-03 03:55:42,597 - DEBUG - Attempting to connect to database: C:\Apache24\htdocs\logs\flight_search.db
2025-05-03 03:55:42,597 - DEBUG - Connected to database, setting WAL mode
2025-05-03 03:55:42,614 - DEBUG - Journal mode set to: wal
2025-05-03 03:55:42,614 - WARNING - Attempt 1/3 failed to log search request due to: table search_requests has no column named class
2025-05-03 03:55:43,617 - DEBUG - Attempting to connect to database: C:\Apache24\htdocs\logs\flight_search.db
2025-05-03 03:55:43,617 - DEBUG - Connected to database, setting WAL mode
2025-05-03 03:55:43,617 - DEBUG - Journal mode set to: wal
2025-05-03 03:55:43,617 - WARNING - Attempt 2/3 failed to log search request due to: table search_requests has no column named class
2025-05-03 03:55:45,620 - DEBUG - Attempting to connect to database: C:\Apache24\htdocs\logs\flight_search.db
2025-05-03 03:55:45,620 - DEBUG - Connected to database, setting WAL mode
2025-05-03 03:55:45,620 - DEBUG - Journal mode set to: wal
2025-05-03 03:55:45,620 - WARNING - Attempt 3/3 failed to log search request due to: table search_requests has no column named class
2025-05-03 03:55:49,622 - ERROR - Max retries reached for logging search request. Skipping. Data: {'departure': 'Москва', 'destination': 'Дубай', 'departure_date': '2025-05-03', 'return_date': '', 'passengers': '1', 'class': 'economy'}
2025-05-03 03:55:49,622 - DEBUG - Attempting to log audit: search_flight, {'departure': 'Москва', 'destination': 'Дубай', 'departure_date': '2025-05-03', 'return_date': '', 'passengers': '1', 'class': 'economy'}
2025-05-03 03:55:49,622 - DEBUG - Attempting to connect to database: C:\Apache24\htdocs\logs\flight_search.db
2025-05-03 03:55:49,622 - DEBUG - Connected to database, setting WAL mode
2025-05-03 03:55:49,622 - DEBUG - Journal mode set to: wal
2025-05-03 03:55:49,622 - WARNING - Attempt 1/3 failed to log audit due to: no such table: audit_logs
2025-05-03 03:55:50,629 - DEBUG - Attempting to connect to database: C:\Apache24\htdocs\logs\flight_search.db
2025-05-03 03:55:50,631 - DEBUG - Connected to database, setting WAL mode
2025-05-03 03:55:50,631 - DEBUG - Journal mode set to: wal
2025-05-03 03:55:50,631 - WARNING - Attempt 2/3 failed to log audit due to: no such table: audit_logs
2025-05-03 03:55:52,634 - DEBUG - Attempting to connect to database: C:\Apache24\htdocs\logs\flight_search.db
2025-05-03 03:55:52,634 - DEBUG - Connected to database, setting WAL mode
2025-05-03 03:55:52,634 - DEBUG - Journal mode set to: wal
2025-05-03 03:55:52,634 - WARNING - Attempt 3/3 failed to log audit due to: no such table: audit_logs
2025-05-03 03:55:56,636 - ERROR - Max retries reached for logging audit. Skipping. Details: {'departure': 'Москва', 'destination': 'Дубай', 'departure_date': '2025-05-03', 'return_date': '', 'passengers': '1', 'class': 'economy'}
2025-05-03 03:55:56,636 - DEBUG - Searching flights via API: departure=Москва, destination=Дубай, date=2025-05-03, class=economy, passengers=1
2025-05-03 03:55:56,638 - DEBUG - Signature string: ba463465c90bfaee386337e7c62e8a35:currency=RUB:departure_at=2025-05-03:destination=DXB:direct=false:limit=100:market=ru:origin=MOW
2025-05-03 03:55:56,638 - DEBUG - Sending API request to https://api.travelpayouts.com/aviasales/v3/prices_for_dates with params: {'origin': 'MOW', 'destination': 'DXB', 'departure_at': '2025-05-03', 'currency': 'RUB', 'market': 'ru', 'limit': 100, 'direct': 'false', 'token': 'ba463465c90bfaee386337e7c62e8a35', 'signature': '0e10fa706d13043ed6e18cf7c50f945b'}
2025-05-03 03:55:56,641 - DEBUG - Starting new HTTPS connection (1): api.travelpayouts.com:443
2025-05-03 03:55:57,524 - DEBUG - https://api.travelpayouts.com:443 "GET /aviasales/v3/prices_for_dates?origin=MOW&destination=DXB&departure_at=2025-05-03&currency=RUB&market=ru&limit=100&direct=false&token=ba463465c90bfaee386337e7c62e8a35&signature=0e10fa706d13043ed6e18cf7c50f945b HTTP/1.1" 200 383
2025-05-03 03:55:57,530 - DEBUG - API response for market ru: {'data': [{'flight_number': '702', 'link': '/search/MOW0305SHJ1?t=HH17463048001746377100001145DMETASSHJ_d7c786a3d960e67e68852e8da786c859_20745&search_date=02052025&expected_price_uuid=8ab36c0f-7830-487f-841f-c378060e8300&expected_price_source=share&expected_price_currency=rub&expected_price=20745', 'origin_airport': 'DME', 'destination_airport': 'SHJ', 'departure_at': '2025-05-03T20:40:00+03:00', 'airline': 'HH', 'destination': 'SHJ', 'origin': 'MOW', 'price': 20745, 'return_transfers': 0, 'duration': 1145, 'duration_to': 435, 'duration_back': 0, 'transfers': 1}], 'currency': 'RUB', 'success': True}
2025-05-03 03:55:57,530 - INFO - Alternative destination returned: SHJ instead of DXB
2025-05-03 03:55:57,532 - DEBUG - Signature string: ba463465c90bfaee386337e7c62e8a35:currency=RUB:departure_at=2025-05-03:destination=DXB:direct=false:limit=100:market=kz:origin=MOW
2025-05-03 03:55:57,532 - DEBUG - Sending API request to https://api.travelpayouts.com/aviasales/v3/prices_for_dates with params: {'origin': 'MOW', 'destination': 'DXB', 'departure_at': '2025-05-03', 'currency': 'RUB', 'market': 'kz', 'limit': 100, 'direct': 'false', 'token': 'ba463465c90bfaee386337e7c62e8a35', 'signature': '352e9ba605be5f248b9b203b5964ae0f'}
2025-05-03 03:55:57,534 - DEBUG - Starting new HTTPS connection (1): api.travelpayouts.com:443
2025-05-03 03:55:57,905 - DEBUG - https://api.travelpayouts.com:443 "GET /aviasales/v3/prices_for_dates?origin=MOW&destination=DXB&departure_at=2025-05-03&currency=RUB&market=kz&limit=100&direct=false&token=ba463465c90bfaee386337e7c62e8a35&signature=352e9ba605be5f248b9b203b5964ae0f HTTP/1.1" 200 385
2025-05-03 03:55:57,905 - DEBUG - API response for market kz: {'data': [{'flight_number': '278', 'link': '/search/MOW0305DXB1?t=VF17462835001746325800000645VKOSAWDXB_e2b23d54363571b9ff207c157efa0a90_21758&search_date=02052025&expected_price_uuid=073e4b98-a2c4-49f1-8025-14473d766802&expected_price_source=share&expected_price_currency=rub&expected_price=21758', 'origin_airport': 'VKO', 'destination_airport': 'DXB', 'departure_at': '2025-05-03T14:45:00+03:00', 'airline': 'VF', 'destination': 'DXB', 'origin': 'MOW', 'price': 21758, 'return_transfers': 0, 'duration': 645, 'duration_to': 515, 'duration_back': 0, 'transfers': 1}], 'currency': 'RUB', 'success': True}
2025-05-03 03:55:57,905 - DEBUG - Signature string: ba463465c90bfaee386337e7c62e8a35:currency=RUB:departure_at=2025-05-03:destination=DXB:direct=false:limit=100:market=us:origin=MOW
2025-05-03 03:55:57,905 - DEBUG - Sending API request to https://api.travelpayouts.com/aviasales/v3/prices_for_dates with params: {'origin': 'MOW', 'destination': 'DXB', 'departure_at': '2025-05-03', 'currency': 'RUB', 'market': 'us', 'limit': 100, 'direct': 'false', 'token': 'ba463465c90bfaee386337e7c62e8a35', 'signature': '49932fdae9d15a294df2712dae72cc38'}
2025-05-03 03:55:57,905 - DEBUG - Starting new HTTPS connection (1): api.travelpayouts.com:443
2025-05-03 03:55:58,286 - DEBUG - https://api.travelpayouts.com:443 "GET /aviasales/v3/prices_for_dates?origin=MOW&destination=DXB&departure_at=2025-05-03&currency=RUB&market=us&limit=100&direct=false&token=ba463465c90bfaee386337e7c62e8a35&signature=49932fdae9d15a294df2712dae72cc38 HTTP/1.1" 200 388
2025-05-03 03:55:58,286 - DEBUG - API response for market us: {'data': [{'flight_number': '278', 'link': '/search/MOW0305DXB1?t=VF17462835001746325800000645VKOSAWDXB_e2b23d54363571b9ff207c157efa0a90_21875&search_date=02052025&expected_price_uuid=ca1b3998-8c95-4a6b-83f1-eddafa5b1d00&expected_price_source=share&expected_price_currency=rub&expected_price=21845', 'origin_airport': 'VKO', 'destination_airport': 'DXB', 'departure_at': '2025-05-03T14:45:00+03:00', 'airline': 'VF', 'destination': 'DXB', 'origin': 'MOW', 'price': 21845, 'return_transfers': 0, 'duration': 645, 'duration_to': 515, 'duration_back': 0, 'transfers': 1}], 'currency': 'RUB', 'success': True}
2025-05-03 03:55:58,286 - DEBUG - Processed 2 flights from API
2025-05-03 03:55:58,286 - DEBUG - Returning response: {'success': True, 'flights': [{'id': 1, 'airline': 'AtlasGlobal', 'departure': 'Москва', 'destination': 'Дубай', 'actual_destination': 'SHJ', 'departure_time': '20:40', 'arrival_time': '00:00', 'class': 'economy', 'price': 20745.0, 'discount': 0, 'available_seats': 1, 'duration': '7ч 15м в пути', 'transfers': '1 пересадок', 'currency': 'RUB'}, {'id': 2, 'airline': 'Valuair', 'departure': 'Москва', 'destination': 'Дубай', 'actual_destination': 'DXB', 'departure_time': '14:45', 'arrival_time': '00:00', 'class': 'economy', 'price': 21758.0, 'discount': 0, 'available_seats': 1, 'duration': '8ч 35м в пути', 'transfers': '1 пересадок', 'currency': 'RUB'}]}
2025-05-03 03:55:58,286 - DEBUG - Main execution completed
2025-05-03 04:03:04,572 - DEBUG - Starting main execution
2025-05-03 04:03:04,572 - DEBUG - Attempting to get user from session
2025-05-03 04:03:04,572 - DEBUG - User ID: None
2025-05-03 04:03:04,572 - DEBUG - Received form data: {'departure': 'Москва', 'destination': 'Дубай', 'departure_date': '2025-05-04', 'return_date': '', 'passengers': '1', 'class': 'economy'}
2025-05-03 04:03:04,587 - DEBUG - Request data validated: {'departure': 'Москва', 'destination': 'Дубай', 'departure_date': '2025-05-04', 'return_date': '', 'passengers': '1', 'class': 'economy'}
2025-05-03 04:03:04,587 - DEBUG - Attempting to log search request: {'departure': 'Москва', 'destination': 'Дубай', 'departure_date': '2025-05-04', 'return_date': '', 'passengers': '1', 'class': 'economy'}
2025-05-03 04:03:04,587 - DEBUG - Attempting to connect to database: C:\Apache24\htdocs\logs\flight_search.db
2025-05-03 04:03:04,587 - DEBUG - Connected to database, setting WAL mode
2025-05-03 04:03:04,587 - DEBUG - Journal mode set to: wal
2025-05-03 04:03:04,587 - WARNING - Attempt 1/3 failed to log search request due to: table search_requests has no column named class
2025-05-03 04:03:05,597 - DEBUG - Attempting to connect to database: C:\Apache24\htdocs\logs\flight_search.db
2025-05-03 04:03:05,597 - DEBUG - Connected to database, setting WAL mode
2025-05-03 04:03:05,597 - DEBUG - Journal mode set to: wal
2025-05-03 04:03:05,597 - WARNING - Attempt 2/3 failed to log search request due to: table search_requests has no column named class
2025-05-03 04:03:07,601 - DEBUG - Attempting to connect to database: C:\Apache24\htdocs\logs\flight_search.db
2025-05-03 04:03:07,601 - DEBUG - Connected to database, setting WAL mode
2025-05-03 04:03:07,601 - DEBUG - Journal mode set to: wal
2025-05-03 04:03:07,603 - WARNING - Attempt 3/3 failed to log search request due to: table search_requests has no column named class
2025-05-03 04:03:11,604 - ERROR - Max retries reached for logging search request. Skipping. Data: {'departure': 'Москва', 'destination': 'Дубай', 'departure_date': '2025-05-04', 'return_date': '', 'passengers': '1', 'class': 'economy'}
2025-05-03 04:03:11,604 - DEBUG - Attempting to log audit: search_flight, {'departure': 'Москва', 'destination': 'Дубай', 'departure_date': '2025-05-04', 'return_date': '', 'passengers': '1', 'class': 'economy'}
2025-05-03 04:03:11,604 - DEBUG - Attempting to connect to database: C:\Apache24\htdocs\logs\flight_search.db
2025-05-03 04:03:11,604 - DEBUG - Connected to database, setting WAL mode
2025-05-03 04:03:11,604 - DEBUG - Journal mode set to: wal
2025-05-03 04:03:11,604 - WARNING - Attempt 1/3 failed to log audit due to: no such table: audit_logs
2025-05-03 04:03:12,607 - DEBUG - Attempting to connect to database: C:\Apache24\htdocs\logs\flight_search.db
2025-05-03 04:03:12,607 - DEBUG - Connected to database, setting WAL mode
2025-05-03 04:03:12,607 - DEBUG - Journal mode set to: wal
2025-05-03 04:03:12,607 - WARNING - Attempt 2/3 failed to log audit due to: no such table: audit_logs
2025-05-03 04:03:14,609 - DEBUG - Attempting to connect to database: C:\Apache24\htdocs\logs\flight_search.db
2025-05-03 04:03:14,609 - DEBUG - Connected to database, setting WAL mode
2025-05-03 04:03:14,611 - DEBUG - Journal mode set to: wal
2025-05-03 04:03:14,611 - WARNING - Attempt 3/3 failed to log audit due to: no such table: audit_logs
2025-05-03 04:03:18,612 - ERROR - Max retries reached for logging audit. Skipping. Details: {'departure': 'Москва', 'destination': 'Дубай', 'departure_date': '2025-05-04', 'return_date': '', 'passengers': '1', 'class': 'economy'}
2025-05-03 04:03:18,612 - DEBUG - Searching flights via API: departure=Москва, destination=Дубай, date=2025-05-04, class=economy, passengers=1
2025-05-03 04:03:18,612 - DEBUG - Signature string: ba463465c90bfaee386337e7c62e8a35:currency=RUB:departure_at=2025-05-04:destination=DXB:direct=false:limit=100:market=ru:origin=MOW
2025-05-03 04:03:18,612 - DEBUG - Sending API request to https://api.travelpayouts.com/aviasales/v3/prices_for_dates with params: {'origin': 'MOW', 'destination': 'DXB', 'departure_at': '2025-05-04', 'currency': 'RUB', 'market': 'ru', 'limit': 100, 'direct': 'false', 'token': 'ba463465c90bfaee386337e7c62e8a35', 'signature': 'da489fb73b66a6ff78a564fe67f05209'}
2025-05-03 04:03:18,612 - DEBUG - Starting new HTTPS connection (1): api.travelpayouts.com:443
2025-05-03 04:03:19,106 - DEBUG - https://api.travelpayouts.com:443 "GET /aviasales/v3/prices_for_dates?origin=MOW&destination=DXB&departure_at=2025-05-04&currency=RUB&market=ru&limit=100&direct=false&token=ba463465c90bfaee386337e7c62e8a35&signature=da489fb73b66a6ff78a564fe67f05209 HTTP/1.1" 200 381
2025-05-03 04:03:19,117 - DEBUG - API response for market ru: {'data': [{'flight_number': '797', 'link': '/search/MOW0405DXB1?t=U617463429001746366300000330DMEDWC_d0dfd263ec2074f30fc4ef49df8df55c_14961&search_date=02052025&expected_price_uuid=94fc76df-7385-4c5b-9c63-be254c0eee01&expected_price_source=share&expected_price_currency=rub&expected_price=14961', 'origin_airport': 'DME', 'destination_airport': 'DWC', 'departure_at': '2025-05-04T07:15:00+03:00', 'airline': 'U6', 'destination': 'DXB', 'origin': 'MOW', 'price': 14961, 'return_transfers': 0, 'duration': 330, 'duration_to': 330, 'duration_back': 0, 'transfers': 0}], 'currency': 'RUB', 'success': True}
2025-05-03 04:03:19,118 - DEBUG - Signature string: ba463465c90bfaee386337e7c62e8a35:currency=RUB:departure_at=2025-05-04:destination=DXB:direct=false:limit=100:market=kz:origin=MOW
2025-05-03 04:03:19,118 - DEBUG - Sending API request to https://api.travelpayouts.com/aviasales/v3/prices_for_dates with params: {'origin': 'MOW', 'destination': 'DXB', 'departure_at': '2025-05-04', 'currency': 'RUB', 'market': 'kz', 'limit': 100, 'direct': 'false', 'token': 'ba463465c90bfaee386337e7c62e8a35', 'signature': 'd665fbc88b97ec982a73b82eaa9d7334'}
2025-05-03 04:03:19,120 - DEBUG - Starting new HTTPS connection (1): api.travelpayouts.com:443
2025-05-03 04:03:19,492 - DEBUG - https://api.travelpayouts.com:443 "GET /aviasales/v3/prices_for_dates?origin=MOW&destination=DXB&departure_at=2025-05-04&currency=RUB&market=kz&limit=100&direct=false&token=ba463465c90bfaee386337e7c62e8a35&signature=d665fbc88b97ec982a73b82eaa9d7334 HTTP/1.1" 200 381
2025-05-03 04:03:19,497 - DEBUG - API response for market kz: {'data': [{'flight_number': '797', 'link': '/search/MOW0405DXB1?t=U617463429001746366300000330DMEDWC_d0dfd263ec2074f30fc4ef49df8df55c_15632&search_date=02052025&expected_price_uuid=db22470e-111b-4521-bec7-81e858caa003&expected_price_source=share&expected_price_currency=rub&expected_price=15632', 'origin_airport': 'DME', 'destination_airport': 'DWC', 'departure_at': '2025-05-04T07:15:00+03:00', 'airline': 'U6', 'destination': 'DXB', 'origin': 'MOW', 'price': 15632, 'return_transfers': 0, 'duration': 330, 'duration_to': 330, 'duration_back': 0, 'transfers': 0}], 'currency': 'RUB', 'success': True}
2025-05-03 04:03:19,497 - DEBUG - Signature string: ba463465c90bfaee386337e7c62e8a35:currency=RUB:departure_at=2025-05-04:destination=DXB:direct=false:limit=100:market=us:origin=MOW
2025-05-03 04:03:19,497 - DEBUG - Sending API request to https://api.travelpayouts.com/aviasales/v3/prices_for_dates with params: {'origin': 'MOW', 'destination': 'DXB', 'departure_at': '2025-05-04', 'currency': 'RUB', 'market': 'us', 'limit': 100, 'direct': 'false', 'token': 'ba463465c90bfaee386337e7c62e8a35', 'signature': '18f3b3e5840a9bfb416814d0d3a0dae5'}
2025-05-03 04:03:19,499 - DEBUG - Starting new HTTPS connection (1): api.travelpayouts.com:443
2025-05-03 04:03:19,873 - DEBUG - https://api.travelpayouts.com:443 "GET /aviasales/v3/prices_for_dates?origin=MOW&destination=DXB&departure_at=2025-05-04&currency=RUB&market=us&limit=100&direct=false&token=ba463465c90bfaee386337e7c62e8a35&signature=18f3b3e5840a9bfb416814d0d3a0dae5 HTTP/1.1" 200 381
2025-05-03 04:03:19,879 - DEBUG - API response for market us: {'data': [{'flight_number': '797', 'link': '/search/MOW0405DXB1?t=U617463429001746366300000330DMEDWC_d0dfd263ec2074f30fc4ef49df8df55c_14694&search_date=02052025&expected_price_uuid=05bcc121-e6e2-45de-92a2-c337f0bf4101&expected_price_source=share&expected_price_currency=rub&expected_price=14738', 'origin_airport': 'DME', 'destination_airport': 'DWC', 'departure_at': '2025-05-04T07:15:00+03:00', 'airline': 'U6', 'destination': 'DXB', 'origin': 'MOW', 'price': 14738, 'return_transfers': 0, 'duration': 330, 'duration_to': 330, 'duration_back': 0, 'transfers': 0}], 'currency': 'RUB', 'success': True}
2025-05-03 04:03:19,879 - DEBUG - Processed 1 flights from API
2025-05-03 04:03:19,879 - DEBUG - Returning response: {'success': True, 'flights': [{'id': 1, 'airline': 'Ural Airlines', 'departure': 'Москва', 'destination': 'Дубай', 'actual_destination': 'DXB', 'departure_time': '07:15', 'arrival_time': '00:00', 'class': 'economy', 'price': 14961.0, 'discount': 0, 'available_seats': 1, 'duration': '5ч 30м в пути', 'transfers': 'прямой', 'currency': 'RUB'}]}
2025-05-03 04:03:19,879 - DEBUG - Main execution completed
2025-05-03 04:09:05,112 - DEBUG - Starting main execution
2025-05-03 04:09:05,112 - DEBUG - Attempting to get user from session
2025-05-03 04:09:05,112 - DEBUG - User ID: None
2025-05-03 04:09:05,118 - DEBUG - Received form data: {'departure': 'Алматы', 'destination': 'Дубай', 'departure_date': '2025-05-03', 'return_date': '', 'passengers': '1', 'class': 'economy', 'user_id': 'null'}
2025-05-03 04:09:05,119 - DEBUG - Request data validated: {'departure': 'Алматы', 'destination': 'Дубай', 'departure_date': '2025-05-03', 'return_date': '', 'passengers': '1', 'class': 'economy'}
2025-05-03 04:09:05,119 - DEBUG - Attempting to log search request: {'departure': 'Алматы', 'destination': 'Дубай', 'departure_date': '2025-05-03', 'return_date': '', 'passengers': '1', 'class': 'economy'}
2025-05-03 04:09:05,119 - DEBUG - Attempting to connect to database: C:\Apache24\htdocs\logs\flight_search.db
2025-05-03 04:09:05,119 - DEBUG - Connected to database, setting WAL mode
2025-05-03 04:09:05,126 - DEBUG - Journal mode set to: wal
2025-05-03 04:09:05,126 - WARNING - Attempt 1/3 failed to log search request due to: table search_requests has no column named class
2025-05-03 04:09:06,131 - DEBUG - Attempting to connect to database: C:\Apache24\htdocs\logs\flight_search.db
2025-05-03 04:09:06,131 - DEBUG - Connected to database, setting WAL mode
2025-05-03 04:09:06,132 - DEBUG - Journal mode set to: wal
2025-05-03 04:09:06,132 - WARNING - Attempt 2/3 failed to log search request due to: table search_requests has no column named class
2025-05-03 04:09:08,133 - DEBUG - Attempting to connect to database: C:\Apache24\htdocs\logs\flight_search.db
2025-05-03 04:09:08,133 - DEBUG - Connected to database, setting WAL mode
2025-05-03 04:09:08,133 - DEBUG - Journal mode set to: wal
2025-05-03 04:09:08,133 - WARNING - Attempt 3/3 failed to log search request due to: table search_requests has no column named class
2025-05-03 04:09:12,135 - ERROR - Max retries reached for logging search request. Skipping. Data: {'departure': 'Алматы', 'destination': 'Дубай', 'departure_date': '2025-05-03', 'return_date': '', 'passengers': '1', 'class': 'economy'}
2025-05-03 04:09:12,135 - DEBUG - Attempting to log audit: search_flight, {'departure': 'Алматы', 'destination': 'Дубай', 'departure_date': '2025-05-03', 'return_date': '', 'passengers': '1', 'class': 'economy'}
2025-05-03 04:09:12,135 - DEBUG - Attempting to connect to database: C:\Apache24\htdocs\logs\flight_search.db
2025-05-03 04:09:12,135 - DEBUG - Connected to database, setting WAL mode
2025-05-03 04:09:12,135 - DEBUG - Journal mode set to: wal
2025-05-03 04:09:12,135 - WARNING - Attempt 1/3 failed to log audit due to: no such table: audit_logs
2025-05-03 04:09:13,138 - DEBUG - Attempting to connect to database: C:\Apache24\htdocs\logs\flight_search.db
2025-05-03 04:09:13,138 - DEBUG - Connected to database, setting WAL mode
2025-05-03 04:09:13,138 - DEBUG - Journal mode set to: wal
2025-05-03 04:09:13,138 - WARNING - Attempt 2/3 failed to log audit due to: no such table: audit_logs
2025-05-03 04:09:15,142 - DEBUG - Attempting to connect to database: C:\Apache24\htdocs\logs\flight_search.db
2025-05-03 04:09:15,142 - DEBUG - Connected to database, setting WAL mode
2025-05-03 04:09:15,142 - DEBUG - Journal mode set to: wal
2025-05-03 04:09:15,142 - WARNING - Attempt 3/3 failed to log audit due to: no such table: audit_logs
2025-05-03 04:09:19,143 - ERROR - Max retries reached for logging audit. Skipping. Details: {'departure': 'Алматы', 'destination': 'Дубай', 'departure_date': '2025-05-03', 'return_date': '', 'passengers': '1', 'class': 'economy'}
2025-05-03 04:09:19,143 - DEBUG - Searching flights via API: departure=Алматы, destination=Дубай, date=2025-05-03, class=economy, passengers=1
2025-05-03 04:09:19,144 - DEBUG - Signature string: ba463465c90bfaee386337e7c62e8a35:currency=RUB:departure_at=2025-05-03:destination=DXB:direct=false:limit=100:market=ru:origin=ALA
2025-05-03 04:09:19,144 - DEBUG - Sending API request to https://api.travelpayouts.com/aviasales/v3/prices_for_dates with params: {'origin': 'ALA', 'destination': 'DXB', 'departure_at': '2025-05-03', 'currency': 'RUB', 'market': 'ru', 'limit': 100, 'direct': 'false', 'token': 'ba463465c90bfaee386337e7c62e8a35', 'signature': '7ad81da58faceb5ccf189080c6695a28'}
2025-05-03 04:09:19,144 - DEBUG - Starting new HTTPS connection (1): api.travelpayouts.com:443
2025-05-03 04:09:20,824 - DEBUG - https://api.travelpayouts.com:443 "GET /aviasales/v3/prices_for_dates?origin=ALA&destination=DXB&departure_at=2025-05-03&currency=RUB&market=ru&limit=100&direct=false&token=ba463465c90bfaee386337e7c62e8a35&signature=7ad81da58faceb5ccf189080c6695a28 HTTP/1.1" 200 371
2025-05-03 04:09:20,824 - DEBUG - API response for market ru: {'data': [{'flight_number': '254', 'link': '/search/ALA0305SHJ1?t=G917462430001746255600000270ALASHJ_71a478ca35dfca16282e05775c7d456d_16769&search_date=02052025&expected_price_uuid=6a37a8f4-984f-48f4-8d19-3fac986b6b02&expected_price_source=share&expected_price_currency=rub&expected_price=16768', 'origin_airport': 'ALA', 'destination_airport': 'SHJ', 'departure_at': '2025-05-03T03:30:00+06:00', 'airline': 'G9', 'destination': 'SHJ', 'origin': 'ALA', 'price': 16768, 'return_transfers': 0, 'duration': 270, 'duration_to': 270, 'duration_back': 0, 'transfers': 0}], 'currency': 'RUB', 'success': True}
2025-05-03 04:09:20,824 - INFO - Alternative destination returned: SHJ instead of DXB
2025-05-03 04:09:20,824 - DEBUG - Signature string: ba463465c90bfaee386337e7c62e8a35:currency=RUB:departure_at=2025-05-03:destination=DXB:direct=false:limit=100:market=kz:origin=ALA
2025-05-03 04:09:20,824 - DEBUG - Sending API request to https://api.travelpayouts.com/aviasales/v3/prices_for_dates with params: {'origin': 'ALA', 'destination': 'DXB', 'departure_at': '2025-05-03', 'currency': 'RUB', 'market': 'kz', 'limit': 100, 'direct': 'false', 'token': 'ba463465c90bfaee386337e7c62e8a35', 'signature': 'd239e92c2d9fe666976452d1f2873abc'}
2025-05-03 04:09:20,829 - DEBUG - Starting new HTTPS connection (1): api.travelpayouts.com:443
2025-05-03 04:09:21,219 - DEBUG - https://api.travelpayouts.com:443 "GET /aviasales/v3/prices_for_dates?origin=ALA&destination=DXB&departure_at=2025-05-03&currency=RUB&market=kz&limit=100&direct=false&token=ba463465c90bfaee386337e7c62e8a35&signature=d239e92c2d9fe666976452d1f2873abc HTTP/1.1" 200 366
2025-05-03 04:09:21,219 - DEBUG - API response for market kz: {'data': [{'flight_number': '252', 'link': '/search/ALA0305SHJ1?t=G917462880001746300600000270ALASHJ_edfada2b7466ae6fab8466cdad13d915_23109&search_date=02052025&expected_price_uuid=3dca0657-86a6-4806-b8c9-b1a721979200&expected_price_source=share&expected_price_currency=rub&expected_price=23109', 'origin_airport': 'ALA', 'destination_airport': 'SHJ', 'departure_at': '2025-05-03T16:00:00+06:00', 'airline': 'G9', 'destination': 'SHJ', 'origin': 'ALA', 'price': 23109, 'return_transfers': 0, 'duration': 270, 'duration_to': 270, 'duration_back': 0, 'transfers': 0}], 'currency': 'RUB', 'success': True}
2025-05-03 04:09:21,219 - INFO - Alternative destination returned: SHJ instead of DXB
2025-05-03 04:09:21,219 - DEBUG - Signature string: ba463465c90bfaee386337e7c62e8a35:currency=RUB:departure_at=2025-05-03:destination=DXB:direct=false:limit=100:market=us:origin=ALA
2025-05-03 04:09:21,219 - DEBUG - Sending API request to https://api.travelpayouts.com/aviasales/v3/prices_for_dates with params: {'origin': 'ALA', 'destination': 'DXB', 'departure_at': '2025-05-03', 'currency': 'RUB', 'market': 'us', 'limit': 100, 'direct': 'false', 'token': 'ba463465c90bfaee386337e7c62e8a35', 'signature': 'e71275e914b337b5be9e383adc56c71f'}
2025-05-03 04:09:21,219 - DEBUG - Starting new HTTPS connection (1): api.travelpayouts.com:443
2025-05-03 04:09:21,581 - DEBUG - https://api.travelpayouts.com:443 "GET /aviasales/v3/prices_for_dates?origin=ALA&destination=DXB&departure_at=2025-05-03&currency=RUB&market=us&limit=100&direct=false&token=ba463465c90bfaee386337e7c62e8a35&signature=e71275e914b337b5be9e383adc56c71f HTTP/1.1" 200 366
2025-05-03 04:09:21,581 - DEBUG - API response for market us: {'data': [{'flight_number': '252', 'link': '/search/ALA0305SHJ1?t=G917462880001746300600000270ALASHJ_edfada2b7466ae6fab8466cdad13d915_23109&search_date=02052025&expected_price_uuid=3dca0657-86a6-4806-b8c9-b1a721979200&expected_price_source=share&expected_price_currency=rub&expected_price=23109', 'origin_airport': 'ALA', 'destination_airport': 'SHJ', 'departure_at': '2025-05-03T16:00:00+06:00', 'airline': 'G9', 'destination': 'SHJ', 'origin': 'ALA', 'price': 23109, 'return_transfers': 0, 'duration': 270, 'duration_to': 270, 'duration_back': 0, 'transfers': 0}], 'currency': 'RUB', 'success': True}
2025-05-03 04:09:21,581 - DEBUG - Processed 2 flights from API
2025-05-03 04:09:21,581 - DEBUG - Returning response: {'success': True, 'flights': [{'id': 1, 'airline': 'G9', 'departure': 'Алматы', 'destination': 'Дубай', 'actual_destination': 'SHJ', 'departure_time': '03:30', 'arrival_time': '00:00', 'class': 'economy', 'price': 16768.0, 'discount': 0, 'available_seats': 1, 'duration': '4ч 30м в пути', 'transfers': 'прямой', 'currency': 'RUB'}, {'id': 2, 'airline': 'G9', 'departure': 'Алматы', 'destination': 'Дубай', 'actual_destination': 'SHJ', 'departure_time': '16:00', 'arrival_time': '00:00', 'class': 'economy', 'price': 23109.0, 'discount': 0, 'available_seats': 1, 'duration': '4ч 30м в пути', 'transfers': 'прямой', 'currency': 'RUB'}]}
2025-05-03 04:09:21,581 - DEBUG - Main execution completed
2025-05-03 04:23:29,408 - DEBUG - Starting main execution
2025-05-03 04:23:29,408 - DEBUG - Attempting to get user from session
2025-05-03 04:23:29,408 - DEBUG - User ID: None
2025-05-03 04:23:29,408 - DEBUG - Received form data: {'departure': 'Алматы', 'destination': 'Атырау', 'departure_date': '2025-05-03', 'return_date': '', 'passengers': '1', 'class': 'economy', 'user_id': '1'}
2025-05-03 04:23:29,415 - DEBUG - Request data validated: {'departure': 'Алматы', 'destination': 'Атырау', 'departure_date': '2025-05-03', 'return_date': '', 'passengers': '1', 'class': 'economy'}
2025-05-03 04:23:29,415 - DEBUG - Attempting to log search request: {'departure': 'Алматы', 'destination': 'Атырау', 'departure_date': '2025-05-03', 'return_date': '', 'passengers': '1', 'class': 'economy'}
2025-05-03 04:23:29,415 - DEBUG - Attempting to connect to database: C:\Apache24\htdocs\logs\flight_search.db
2025-05-03 04:23:29,415 - DEBUG - Connected to database, setting WAL mode
2025-05-03 04:23:29,415 - DEBUG - Journal mode set to: wal
2025-05-03 04:23:29,415 - WARNING - Attempt 1/3 failed to log search request due to: table search_requests has no column named class
2025-05-03 04:23:30,417 - DEBUG - Attempting to connect to database: C:\Apache24\htdocs\logs\flight_search.db
2025-05-03 04:23:30,417 - DEBUG - Connected to database, setting WAL mode
2025-05-03 04:23:30,417 - DEBUG - Journal mode set to: wal
2025-05-03 04:23:30,417 - WARNING - Attempt 2/3 failed to log search request due to: table search_requests has no column named class
2025-05-03 04:23:32,418 - DEBUG - Attempting to connect to database: C:\Apache24\htdocs\logs\flight_search.db
2025-05-03 04:23:32,418 - DEBUG - Connected to database, setting WAL mode
2025-05-03 04:23:32,418 - DEBUG - Journal mode set to: wal
2025-05-03 04:23:32,418 - WARNING - Attempt 3/3 failed to log search request due to: table search_requests has no column named class
2025-05-03 04:23:36,422 - ERROR - Max retries reached for logging search request. Skipping. Data: {'departure': 'Алматы', 'destination': 'Атырау', 'departure_date': '2025-05-03', 'return_date': '', 'passengers': '1', 'class': 'economy'}
2025-05-03 04:23:36,422 - DEBUG - Attempting to log audit: search_flight, {'departure': 'Алматы', 'destination': 'Атырау', 'departure_date': '2025-05-03', 'return_date': '', 'passengers': '1', 'class': 'economy'}
2025-05-03 04:23:36,422 - DEBUG - Attempting to connect to database: C:\Apache24\htdocs\logs\flight_search.db
2025-05-03 04:23:36,422 - DEBUG - Connected to database, setting WAL mode
2025-05-03 04:23:36,422 - DEBUG - Journal mode set to: wal
2025-05-03 04:23:36,422 - WARNING - Attempt 1/3 failed to log audit due to: no such table: audit_logs
2025-05-03 04:23:37,425 - DEBUG - Attempting to connect to database: C:\Apache24\htdocs\logs\flight_search.db
2025-05-03 04:23:37,425 - DEBUG - Connected to database, setting WAL mode
2025-05-03 04:23:37,427 - DEBUG - Journal mode set to: wal
2025-05-03 04:23:37,428 - WARNING - Attempt 2/3 failed to log audit due to: no such table: audit_logs
2025-05-03 04:23:39,429 - DEBUG - Attempting to connect to database: C:\Apache24\htdocs\logs\flight_search.db
2025-05-03 04:23:39,429 - DEBUG - Connected to database, setting WAL mode
2025-05-03 04:23:39,429 - DEBUG - Journal mode set to: wal
2025-05-03 04:23:39,429 - WARNING - Attempt 3/3 failed to log audit due to: no such table: audit_logs
2025-05-03 04:23:43,432 - ERROR - Max retries reached for logging audit. Skipping. Details: {'departure': 'Алматы', 'destination': 'Атырау', 'departure_date': '2025-05-03', 'return_date': '', 'passengers': '1', 'class': 'economy'}
2025-05-03 04:23:43,432 - DEBUG - Searching flights via API: departure=Алматы, destination=Атырау, date=2025-05-03, class=economy, passengers=1
2025-05-03 04:23:43,433 - DEBUG - Signature string: ba463465c90bfaee386337e7c62e8a35:currency=RUB:departure_at=2025-05-03:destination=GUW:direct=false:limit=100:market=ru:origin=ALA
2025-05-03 04:23:43,433 - DEBUG - Sending API request to https://api.travelpayouts.com/aviasales/v3/prices_for_dates with params: {'origin': 'ALA', 'destination': 'GUW', 'departure_at': '2025-05-03', 'currency': 'RUB', 'market': 'ru', 'limit': 100, 'direct': 'false', 'token': 'ba463465c90bfaee386337e7c62e8a35', 'signature': '5fb12f5c3ec081fa20c053d271463129'}
2025-05-03 04:23:43,434 - DEBUG - Starting new HTTPS connection (1): api.travelpayouts.com:443
2025-05-03 04:23:43,919 - DEBUG - https://api.travelpayouts.com:443 "GET /aviasales/v3/prices_for_dates?origin=ALA&destination=GUW&departure_at=2025-05-03&currency=RUB&market=ru&limit=100&direct=false&token=ba463465c90bfaee386337e7c62e8a35&signature=5fb12f5c3ec081fa20c053d271463129 HTTP/1.1" 200 375
2025-05-03 04:23:43,919 - DEBUG - API response for market ru: {'data': [{'flight_number': '769', 'link': '/search/ALA0305GUW1?t=DV17462631001746274500000190ALAGUW_b194fcb3f329d176312f2cc59efad81a_6888&search_date=02052025&expected_price_uuid=c5056e84-fbd3-4917-81b4-0956620dc303&expected_price_source=share&expected_price_currency=rub&expected_price=6943', 'origin_airport': 'ALA', 'destination_airport': 'GUW', 'departure_at': '2025-05-03T09:05:00+06:00', 'airline': 'DV', 'destination': 'GUW', 'origin': 'ALA', 'price': 6943, 'return_transfers': 0, 'duration': 190, 'duration_to': 190, 'duration_back': 0, 'transfers': 0}], 'currency': 'RUB', 'success': True}
2025-05-03 04:23:43,919 - DEBUG - Signature string: ba463465c90bfaee386337e7c62e8a35:currency=RUB:departure_at=2025-05-03:destination=GUW:direct=false:limit=100:market=kz:origin=ALA
2025-05-03 04:23:43,919 - DEBUG - Sending API request to https://api.travelpayouts.com/aviasales/v3/prices_for_dates with params: {'origin': 'ALA', 'destination': 'GUW', 'departure_at': '2025-05-03', 'currency': 'RUB', 'market': 'kz', 'limit': 100, 'direct': 'false', 'token': 'ba463465c90bfaee386337e7c62e8a35', 'signature': 'ae023f0437022a6d9fe0caace23c4d9e'}
2025-05-03 04:23:43,919 - DEBUG - Starting new HTTPS connection (1): api.travelpayouts.com:443
2025-05-03 04:23:44,322 - DEBUG - https://api.travelpayouts.com:443 "GET /aviasales/v3/prices_for_dates?origin=ALA&destination=GUW&departure_at=2025-05-03&currency=RUB&market=kz&limit=100&direct=false&token=ba463465c90bfaee386337e7c62e8a35&signature=ae023f0437022a6d9fe0caace23c4d9e HTTP/1.1" 200 373
2025-05-03 04:23:44,322 - DEBUG - API response for market kz: {'data': [{'flight_number': '877', 'link': '/search/ALA0305GUW1?t=KC17462550001746266700000195ALAGUW_21c95fa533fc7c1c1e4e09c07ad5cbd4_7474&search_date=02052025&expected_price_uuid=ea7cc14a-22f3-40bd-94c7-e445972d6103&expected_price_source=share&expected_price_currency=rub&expected_price=7474', 'origin_airport': 'ALA', 'destination_airport': 'GUW', 'departure_at': '2025-05-03T06:50:00+06:00', 'airline': 'KC', 'destination': 'GUW', 'origin': 'ALA', 'price': 7474, 'return_transfers': 0, 'duration': 195, 'duration_to': 195, 'duration_back': 0, 'transfers': 0}], 'currency': 'RUB', 'success': True}
2025-05-03 04:23:44,322 - DEBUG - Signature string: ba463465c90bfaee386337e7c62e8a35:currency=RUB:departure_at=2025-05-03:destination=GUW:direct=false:limit=100:market=us:origin=ALA
2025-05-03 04:23:44,322 - DEBUG - Sending API request to https://api.travelpayouts.com/aviasales/v3/prices_for_dates with params: {'origin': 'ALA', 'destination': 'GUW', 'departure_at': '2025-05-03', 'currency': 'RUB', 'market': 'us', 'limit': 100, 'direct': 'false', 'token': 'ba463465c90bfaee386337e7c62e8a35', 'signature': '08327340ac00955195bb73178b18d10a'}
2025-05-03 04:23:44,322 - DEBUG - Starting new HTTPS connection (1): api.travelpayouts.com:443
2025-05-03 04:23:44,697 - DEBUG - https://api.travelpayouts.com:443 "GET /aviasales/v3/prices_for_dates?origin=ALA&destination=GUW&departure_at=2025-05-03&currency=RUB&market=us&limit=100&direct=false&token=ba463465c90bfaee386337e7c62e8a35&signature=08327340ac00955195bb73178b18d10a HTTP/1.1" 200 373
2025-05-03 04:23:44,697 - DEBUG - API response for market us: {'data': [{'flight_number': '877', 'link': '/search/ALA0305GUW1?t=KC17462550001746266700000195ALAGUW_21c95fa533fc7c1c1e4e09c07ad5cbd4_7474&search_date=02052025&expected_price_uuid=ea7cc14a-22f3-40bd-94c7-e445972d6103&expected_price_source=share&expected_price_currency=rub&expected_price=7474', 'origin_airport': 'ALA', 'destination_airport': 'GUW', 'departure_at': '2025-05-03T06:50:00+06:00', 'airline': 'KC', 'destination': 'GUW', 'origin': 'ALA', 'price': 7474, 'return_transfers': 0, 'duration': 195, 'duration_to': 195, 'duration_back': 0, 'transfers': 0}], 'currency': 'RUB', 'success': True}
2025-05-03 04:23:44,697 - DEBUG - Processed 2 flights from API
2025-05-03 04:23:44,697 - DEBUG - Returning response: {'success': True, 'flights': [{'id': 1, 'airline': 'DV', 'departure': 'Алматы', 'destination': 'Атырау', 'actual_destination': 'GUW', 'departure_time': '09:05', 'arrival_time': '00:00', 'class': 'economy', 'price': 6943.0, 'discount': 0, 'available_seats': 1, 'duration': '3ч 10м в пути', 'transfers': 'прямой', 'currency': 'RUB'}, {'id': 2, 'airline': 'KC', 'departure': 'Алматы', 'destination': 'Атырау', 'actual_destination': 'GUW', 'departure_time': '06:50', 'arrival_time': '00:00', 'class': 'economy', 'price': 7474.0, 'discount': 0, 'available_seats': 1, 'duration': '3ч 15м в пути', 'transfers': 'прямой', 'currency': 'RUB'}]}
2025-05-03 04:23:44,697 - DEBUG - Main execution completed
2025-05-03 04:51:13,042 - DEBUG - Starting main execution
2025-05-03 04:51:13,042 - DEBUG - Attempting to get user from session
2025-05-03 04:51:13,042 - DEBUG - User ID: None
2025-05-03 04:51:13,042 - DEBUG - Received form data: {'departure': 'Алматы', 'destination': 'Дубай', 'departure_date': '2025-05-03', 'return_date': '', 'passengers': '1', 'class': 'economy', 'user_id': '1'}
2025-05-03 04:51:13,042 - DEBUG - Request data validated: {'departure': 'Алматы', 'destination': 'Дубай', 'departure_date': '2025-05-03', 'return_date': '', 'passengers': '1', 'class': 'economy'}
2025-05-03 04:51:13,042 - DEBUG - Attempting to log search request: {'departure': 'Алматы', 'destination': 'Дубай', 'departure_date': '2025-05-03', 'return_date': '', 'passengers': '1', 'class': 'economy'}
2025-05-03 04:51:13,042 - DEBUG - Attempting to connect to database: C:\Apache24\htdocs\logs\flight_search.db
2025-05-03 04:51:13,042 - DEBUG - Connected to database, setting WAL mode
2025-05-03 04:51:13,047 - DEBUG - Journal mode set to: wal
2025-05-03 04:51:13,047 - WARNING - Attempt 1/3 failed to log search request due to: table search_requests has no column named class
2025-05-03 04:51:14,048 - DEBUG - Attempting to connect to database: C:\Apache24\htdocs\logs\flight_search.db
2025-05-03 04:51:14,049 - DEBUG - Connected to database, setting WAL mode
2025-05-03 04:51:14,049 - DEBUG - Journal mode set to: wal
2025-05-03 04:51:14,049 - WARNING - Attempt 2/3 failed to log search request due to: table search_requests has no column named class
2025-05-03 04:51:16,052 - DEBUG - Attempting to connect to database: C:\Apache24\htdocs\logs\flight_search.db
2025-05-03 04:51:16,052 - DEBUG - Connected to database, setting WAL mode
2025-05-03 04:51:16,052 - DEBUG - Journal mode set to: wal
2025-05-03 04:51:16,052 - WARNING - Attempt 3/3 failed to log search request due to: table search_requests has no column named class
2025-05-03 04:51:20,053 - ERROR - Max retries reached for logging search request. Skipping. Data: {'departure': 'Алматы', 'destination': 'Дубай', 'departure_date': '2025-05-03', 'return_date': '', 'passengers': '1', 'class': 'economy'}
2025-05-03 04:51:20,053 - DEBUG - Attempting to log audit: search_flight, {'departure': 'Алматы', 'destination': 'Дубай', 'departure_date': '2025-05-03', 'return_date': '', 'passengers': '1', 'class': 'economy'}
2025-05-03 04:51:20,053 - DEBUG - Attempting to connect to database: C:\Apache24\htdocs\logs\flight_search.db
2025-05-03 04:51:20,053 - DEBUG - Connected to database, setting WAL mode
2025-05-03 04:51:20,053 - DEBUG - Journal mode set to: wal
2025-05-03 04:51:20,054 - WARNING - Attempt 1/3 failed to log audit due to: no such table: audit_logs
2025-05-03 04:51:21,054 - DEBUG - Attempting to connect to database: C:\Apache24\htdocs\logs\flight_search.db
2025-05-03 04:51:21,054 - DEBUG - Connected to database, setting WAL mode
2025-05-03 04:51:21,054 - DEBUG - Journal mode set to: wal
2025-05-03 04:51:21,054 - WARNING - Attempt 2/3 failed to log audit due to: no such table: audit_logs
2025-05-03 04:51:23,056 - DEBUG - Attempting to connect to database: C:\Apache24\htdocs\logs\flight_search.db
2025-05-03 04:51:23,056 - DEBUG - Connected to database, setting WAL mode
2025-05-03 04:51:23,056 - DEBUG - Journal mode set to: wal
2025-05-03 04:51:23,056 - WARNING - Attempt 3/3 failed to log audit due to: no such table: audit_logs
2025-05-03 04:51:27,058 - ERROR - Max retries reached for logging audit. Skipping. Details: {'departure': 'Алматы', 'destination': 'Дубай', 'departure_date': '2025-05-03', 'return_date': '', 'passengers': '1', 'class': 'economy'}
2025-05-03 04:51:27,058 - DEBUG - Searching flights via API: departure=Алматы, destination=Дубай, date=2025-05-03, class=economy, passengers=1
2025-05-03 04:51:27,058 - DEBUG - Signature string: ba463465c90bfaee386337e7c62e8a35:currency=RUB:departure_at=2025-05-03:destination=DXB:direct=false:limit=100:market=ru:origin=ALA
2025-05-03 04:51:27,058 - DEBUG - Sending API request to https://api.travelpayouts.com/aviasales/v3/prices_for_dates with params: {'origin': 'ALA', 'destination': 'DXB', 'departure_at': '2025-05-03', 'currency': 'RUB', 'market': 'ru', 'limit': 100, 'direct': 'false', 'token': 'ba463465c90bfaee386337e7c62e8a35', 'signature': '7ad81da58faceb5ccf189080c6695a28'}
2025-05-03 04:51:27,060 - DEBUG - Starting new HTTPS connection (1): api.travelpayouts.com:443
2025-05-03 04:51:28,781 - DEBUG - https://api.travelpayouts.com:443 "GET /aviasales/v3/prices_for_dates?origin=ALA&destination=DXB&departure_at=2025-05-03&currency=RUB&market=ru&limit=100&direct=false&token=ba463465c90bfaee386337e7c62e8a35&signature=7ad81da58faceb5ccf189080c6695a28 HTTP/1.1" 200 43
2025-05-03 04:51:28,781 - DEBUG - API response for market ru: {'data': [], 'currency': 'RUB', 'success': True}
2025-05-03 04:51:28,788 - DEBUG - Signature string: ba463465c90bfaee386337e7c62e8a35:currency=RUB:departure_at=2025-05-03:destination=DXB:direct=false:limit=100:market=kz:origin=ALA
2025-05-03 04:51:28,788 - DEBUG - Sending API request to https://api.travelpayouts.com/aviasales/v3/prices_for_dates with params: {'origin': 'ALA', 'destination': 'DXB', 'departure_at': '2025-05-03', 'currency': 'RUB', 'market': 'kz', 'limit': 100, 'direct': 'false', 'token': 'ba463465c90bfaee386337e7c62e8a35', 'signature': 'd239e92c2d9fe666976452d1f2873abc'}
2025-05-03 04:51:28,788 - DEBUG - Starting new HTTPS connection (1): api.travelpayouts.com:443
2025-05-03 04:51:29,156 - DEBUG - https://api.travelpayouts.com:443 "GET /aviasales/v3/prices_for_dates?origin=ALA&destination=DXB&departure_at=2025-05-03&currency=RUB&market=kz&limit=100&direct=false&token=ba463465c90bfaee386337e7c62e8a35&signature=d239e92c2d9fe666976452d1f2873abc HTTP/1.1" 200 366
2025-05-03 04:51:29,156 - DEBUG - API response for market kz: {'data': [{'flight_number': '252', 'link': '/search/ALA0305SHJ1?t=G917462880001746300600000270ALASHJ_edfada2b7466ae6fab8466cdad13d915_23109&search_date=02052025&expected_price_uuid=3dca0657-86a6-4806-b8c9-b1a721979200&expected_price_source=share&expected_price_currency=rub&expected_price=23109', 'origin_airport': 'ALA', 'destination_airport': 'SHJ', 'departure_at': '2025-05-03T16:00:00+06:00', 'airline': 'G9', 'destination': 'SHJ', 'origin': 'ALA', 'price': 23109, 'return_transfers': 0, 'duration': 270, 'duration_to': 270, 'duration_back': 0, 'transfers': 0}], 'currency': 'RUB', 'success': True}
2025-05-03 04:51:29,156 - INFO - Alternative destination returned: SHJ instead of DXB
2025-05-03 04:51:29,156 - DEBUG - Signature string: ba463465c90bfaee386337e7c62e8a35:currency=RUB:departure_at=2025-05-03:destination=DXB:direct=false:limit=100:market=us:origin=ALA
2025-05-03 04:51:29,156 - DEBUG - Sending API request to https://api.travelpayouts.com/aviasales/v3/prices_for_dates with params: {'origin': 'ALA', 'destination': 'DXB', 'departure_at': '2025-05-03', 'currency': 'RUB', 'market': 'us', 'limit': 100, 'direct': 'false', 'token': 'ba463465c90bfaee386337e7c62e8a35', 'signature': 'e71275e914b337b5be9e383adc56c71f'}
2025-05-03 04:51:29,156 - DEBUG - Starting new HTTPS connection (1): api.travelpayouts.com:443
2025-05-03 04:51:29,518 - DEBUG - https://api.travelpayouts.com:443 "GET /aviasales/v3/prices_for_dates?origin=ALA&destination=DXB&departure_at=2025-05-03&currency=RUB&market=us&limit=100&direct=false&token=ba463465c90bfaee386337e7c62e8a35&signature=e71275e914b337b5be9e383adc56c71f HTTP/1.1" 200 366
2025-05-03 04:51:29,525 - DEBUG - API response for market us: {'data': [{'flight_number': '252', 'link': '/search/ALA0305SHJ1?t=G917462880001746300600000270ALASHJ_edfada2b7466ae6fab8466cdad13d915_23109&search_date=02052025&expected_price_uuid=3dca0657-86a6-4806-b8c9-b1a721979200&expected_price_source=share&expected_price_currency=rub&expected_price=23109', 'origin_airport': 'ALA', 'destination_airport': 'SHJ', 'departure_at': '2025-05-03T16:00:00+06:00', 'airline': 'G9', 'destination': 'SHJ', 'origin': 'ALA', 'price': 23109, 'return_transfers': 0, 'duration': 270, 'duration_to': 270, 'duration_back': 0, 'transfers': 0}], 'currency': 'RUB', 'success': True}
2025-05-03 04:51:29,525 - DEBUG - Processed 1 flights from API
2025-05-03 04:51:29,525 - DEBUG - Returning response: {'success': True, 'flights': [{'id': 1, 'airline': 'G9', 'departure': 'Алматы', 'destination': 'Дубай', 'actual_destination': 'SHJ', 'departure_time': '16:00', 'arrival_time': '00:00', 'class': 'economy', 'price': 23109.0, 'discount': 0, 'available_seats': 1, 'duration': '4ч 30м в пути', 'transfers': 'прямой', 'currency': 'RUB'}]}
2025-05-03 04:51:29,525 - DEBUG - Main execution completed
2025-05-03 05:13:24,858 - DEBUG - Starting main execution
2025-05-03 05:13:24,858 - DEBUG - Attempting to get user from session
2025-05-03 05:13:24,858 - DEBUG - User ID: None
2025-05-03 05:13:24,858 - DEBUG - Received form data: {'departure': 'Алматы', 'destination': 'Дубай', 'departure_date': '2025-05-03', 'return_date': '', 'passengers': '1', 'class': 'economy', 'user_id': '1'}
2025-05-03 05:13:24,858 - DEBUG - Request data validated: {'departure': 'Алматы', 'destination': 'Дубай', 'departure_date': '2025-05-03', 'return_date': '', 'passengers': '1', 'class': 'economy'}
2025-05-03 05:13:24,858 - DEBUG - Attempting to log search request: {'departure': 'Алматы', 'destination': 'Дубай', 'departure_date': '2025-05-03', 'return_date': '', 'passengers': '1', 'class': 'economy'}
2025-05-03 05:13:24,858 - DEBUG - Attempting to connect to database: C:\Apache24\htdocs\logs\flight_search.db
2025-05-03 05:13:24,858 - DEBUG - Connected to database, setting WAL mode
2025-05-03 05:13:24,858 - DEBUG - Journal mode set to: wal
2025-05-03 05:13:24,858 - WARNING - Attempt 1/3 failed to log search request due to: table search_requests has no column named class
2025-05-03 05:13:25,863 - DEBUG - Attempting to connect to database: C:\Apache24\htdocs\logs\flight_search.db
2025-05-03 05:13:25,865 - DEBUG - Connected to database, setting WAL mode
2025-05-03 05:13:25,866 - DEBUG - Journal mode set to: wal
2025-05-03 05:13:25,866 - WARNING - Attempt 2/3 failed to log search request due to: table search_requests has no column named class
2025-05-03 05:13:27,867 - DEBUG - Attempting to connect to database: C:\Apache24\htdocs\logs\flight_search.db
2025-05-03 05:13:27,867 - DEBUG - Connected to database, setting WAL mode
2025-05-03 05:13:27,867 - DEBUG - Journal mode set to: wal
2025-05-03 05:13:27,867 - WARNING - Attempt 3/3 failed to log search request due to: table search_requests has no column named class
2025-05-03 05:13:31,868 - ERROR - Max retries reached for logging search request. Skipping. Data: {'departure': 'Алматы', 'destination': 'Дубай', 'departure_date': '2025-05-03', 'return_date': '', 'passengers': '1', 'class': 'economy'}
2025-05-03 05:13:31,868 - DEBUG - Attempting to log audit: search_flight, {'departure': 'Алматы', 'destination': 'Дубай', 'departure_date': '2025-05-03', 'return_date': '', 'passengers': '1', 'class': 'economy'}
2025-05-03 05:13:31,868 - DEBUG - Attempting to connect to database: C:\Apache24\htdocs\logs\flight_search.db
2025-05-03 05:13:31,868 - DEBUG - Connected to database, setting WAL mode
2025-05-03 05:13:31,868 - DEBUG - Journal mode set to: wal
2025-05-03 05:13:31,868 - WARNING - Attempt 1/3 failed to log audit due to: no such table: audit_logs
2025-05-03 05:13:32,870 - DEBUG - Attempting to connect to database: C:\Apache24\htdocs\logs\flight_search.db
2025-05-03 05:13:32,870 - DEBUG - Connected to database, setting WAL mode
2025-05-03 05:13:32,870 - DEBUG - Journal mode set to: wal
2025-05-03 05:13:32,870 - WARNING - Attempt 2/3 failed to log audit due to: no such table: audit_logs
2025-05-03 05:13:34,871 - DEBUG - Attempting to connect to database: C:\Apache24\htdocs\logs\flight_search.db
2025-05-03 05:13:34,871 - DEBUG - Connected to database, setting WAL mode
2025-05-03 05:13:34,871 - DEBUG - Journal mode set to: wal
2025-05-03 05:13:34,871 - WARNING - Attempt 3/3 failed to log audit due to: no such table: audit_logs
2025-05-03 05:13:38,875 - ERROR - Max retries reached for logging audit. Skipping. Details: {'departure': 'Алматы', 'destination': 'Дубай', 'departure_date': '2025-05-03', 'return_date': '', 'passengers': '1', 'class': 'economy'}
2025-05-03 05:13:38,875 - DEBUG - Searching flights via API: departure=Алматы, destination=Дубай, date=2025-05-03, class=economy, passengers=1
2025-05-03 05:13:38,876 - DEBUG - Signature string: ba463465c90bfaee386337e7c62e8a35:currency=RUB:departure_at=2025-05-03:destination=DXB:direct=false:limit=100:market=ru:origin=ALA
2025-05-03 05:13:38,876 - DEBUG - Sending API request to https://api.travelpayouts.com/aviasales/v3/prices_for_dates with params: {'origin': 'ALA', 'destination': 'DXB', 'departure_at': '2025-05-03', 'currency': 'RUB', 'market': 'ru', 'limit': 100, 'direct': 'false', 'token': 'ba463465c90bfaee386337e7c62e8a35', 'signature': '7ad81da58faceb5ccf189080c6695a28'}
2025-05-03 05:13:38,877 - DEBUG - Starting new HTTPS connection (1): api.travelpayouts.com:443
2025-05-03 05:13:41,757 - DEBUG - https://api.travelpayouts.com:443 "GET /aviasales/v3/prices_for_dates?origin=ALA&destination=DXB&departure_at=2025-05-03&currency=RUB&market=ru&limit=100&direct=false&token=ba463465c90bfaee386337e7c62e8a35&signature=7ad81da58faceb5ccf189080c6695a28 HTTP/1.1" 200 43
2025-05-03 05:13:41,757 - DEBUG - API response for market ru: {'data': [], 'currency': 'RUB', 'success': True}
2025-05-03 05:13:41,757 - DEBUG - Signature string: ba463465c90bfaee386337e7c62e8a35:currency=RUB:departure_at=2025-05-03:destination=DXB:direct=false:limit=100:market=kz:origin=ALA
2025-05-03 05:13:41,757 - DEBUG - Sending API request to https://api.travelpayouts.com/aviasales/v3/prices_for_dates with params: {'origin': 'ALA', 'destination': 'DXB', 'departure_at': '2025-05-03', 'currency': 'RUB', 'market': 'kz', 'limit': 100, 'direct': 'false', 'token': 'ba463465c90bfaee386337e7c62e8a35', 'signature': 'd239e92c2d9fe666976452d1f2873abc'}
2025-05-03 05:13:41,757 - DEBUG - Starting new HTTPS connection (1): api.travelpayouts.com:443
2025-05-03 05:13:42,133 - DEBUG - https://api.travelpayouts.com:443 "GET /aviasales/v3/prices_for_dates?origin=ALA&destination=DXB&departure_at=2025-05-03&currency=RUB&market=kz&limit=100&direct=false&token=ba463465c90bfaee386337e7c62e8a35&signature=d239e92c2d9fe666976452d1f2873abc HTTP/1.1" 200 366
2025-05-03 05:13:42,133 - DEBUG - API response for market kz: {'data': [{'flight_number': '252', 'link': '/search/ALA0305SHJ1?t=G917462880001746300600000270ALASHJ_edfada2b7466ae6fab8466cdad13d915_23109&search_date=02052025&expected_price_uuid=3dca0657-86a6-4806-b8c9-b1a721979200&expected_price_source=share&expected_price_currency=rub&expected_price=23109', 'origin_airport': 'ALA', 'destination_airport': 'SHJ', 'departure_at': '2025-05-03T16:00:00+06:00', 'airline': 'G9', 'destination': 'SHJ', 'origin': 'ALA', 'price': 23109, 'return_transfers': 0, 'duration': 270, 'duration_to': 270, 'duration_back': 0, 'transfers': 0}], 'currency': 'RUB', 'success': True}
2025-05-03 05:13:42,133 - INFO - Alternative destination returned: SHJ instead of DXB
2025-05-03 05:13:42,133 - DEBUG - Signature string: ba463465c90bfaee386337e7c62e8a35:currency=RUB:departure_at=2025-05-03:destination=DXB:direct=false:limit=100:market=us:origin=ALA
2025-05-03 05:13:42,133 - DEBUG - Sending API request to https://api.travelpayouts.com/aviasales/v3/prices_for_dates with params: {'origin': 'ALA', 'destination': 'DXB', 'departure_at': '2025-05-03', 'currency': 'RUB', 'market': 'us', 'limit': 100, 'direct': 'false', 'token': 'ba463465c90bfaee386337e7c62e8a35', 'signature': 'e71275e914b337b5be9e383adc56c71f'}
2025-05-03 05:13:42,139 - DEBUG - Starting new HTTPS connection (1): api.travelpayouts.com:443
2025-05-03 05:13:42,522 - DEBUG - https://api.travelpayouts.com:443 "GET /aviasales/v3/prices_for_dates?origin=ALA&destination=DXB&departure_at=2025-05-03&currency=RUB&market=us&limit=100&direct=false&token=ba463465c90bfaee386337e7c62e8a35&signature=e71275e914b337b5be9e383adc56c71f HTTP/1.1" 200 366
2025-05-03 05:13:42,522 - DEBUG - API response for market us: {'data': [{'flight_number': '252', 'link': '/search/ALA0305SHJ1?t=G917462880001746300600000270ALASHJ_edfada2b7466ae6fab8466cdad13d915_23109&search_date=02052025&expected_price_uuid=3dca0657-86a6-4806-b8c9-b1a721979200&expected_price_source=share&expected_price_currency=rub&expected_price=23109', 'origin_airport': 'ALA', 'destination_airport': 'SHJ', 'departure_at': '2025-05-03T16:00:00+06:00', 'airline': 'G9', 'destination': 'SHJ', 'origin': 'ALA', 'price': 23109, 'return_transfers': 0, 'duration': 270, 'duration_to': 270, 'duration_back': 0, 'transfers': 0}], 'currency': 'RUB', 'success': True}
2025-05-03 05:13:42,522 - DEBUG - Processed 1 flights from API
2025-05-03 05:13:42,522 - DEBUG - Returning response: {'success': True, 'flights': [{'id': 1, 'airline': 'G9', 'departure': 'Алматы', 'destination': 'Дубай', 'actual_destination': 'SHJ', 'departure_time': '16:00', 'arrival_time': '00:00', 'class': 'economy', 'price': 23109.0, 'discount': 0, 'available_seats': 1, 'duration': '4ч 30м в пути', 'transfers': 'прямой', 'currency': 'RUB'}]}
2025-05-03 05:13:42,522 - DEBUG - Main execution completed
2025-05-03 05:18:35,832 - DEBUG - Starting main execution
2025-05-03 05:18:35,832 - DEBUG - Attempting to get user from session
2025-05-03 05:18:35,832 - DEBUG - User ID: None
2025-05-03 05:18:35,832 - DEBUG - Received form data: {'departure': 'Алматы', 'destination': 'Дубай', 'departure_date': '2025-05-05', 'return_date': '', 'passengers': '1', 'class': 'economy', 'user_id': '1'}
2025-05-03 05:18:35,839 - DEBUG - Request data validated: {'departure': 'Алматы', 'destination': 'Дубай', 'departure_date': '2025-05-05', 'return_date': '', 'passengers': '1', 'class': 'economy'}
2025-05-03 05:18:35,839 - DEBUG - Attempting to log search request: {'departure': 'Алматы', 'destination': 'Дубай', 'departure_date': '2025-05-05', 'return_date': '', 'passengers': '1', 'class': 'economy'}
2025-05-03 05:18:35,839 - DEBUG - Attempting to connect to database: C:\Apache24\htdocs\logs\flight_search.db
2025-05-03 05:18:35,839 - DEBUG - Connected to database, setting WAL mode
2025-05-03 05:18:35,839 - DEBUG - Journal mode set to: wal
2025-05-03 05:18:35,839 - WARNING - Attempt 1/3 failed to log search request due to: table search_requests has no column named class
2025-05-03 05:18:36,841 - DEBUG - Attempting to connect to database: C:\Apache24\htdocs\logs\flight_search.db
2025-05-03 05:18:36,841 - DEBUG - Connected to database, setting WAL mode
2025-05-03 05:18:36,843 - DEBUG - Journal mode set to: wal
2025-05-03 05:18:36,843 - WARNING - Attempt 2/3 failed to log search request due to: table search_requests has no column named class
2025-05-03 05:18:38,844 - DEBUG - Attempting to connect to database: C:\Apache24\htdocs\logs\flight_search.db
2025-05-03 05:18:38,844 - DEBUG - Connected to database, setting WAL mode
2025-05-03 05:18:38,845 - DEBUG - Journal mode set to: wal
2025-05-03 05:18:38,845 - WARNING - Attempt 3/3 failed to log search request due to: table search_requests has no column named class
2025-05-03 05:18:42,846 - ERROR - Max retries reached for logging search request. Skipping. Data: {'departure': 'Алматы', 'destination': 'Дубай', 'departure_date': '2025-05-05', 'return_date': '', 'passengers': '1', 'class': 'economy'}
2025-05-03 05:18:42,846 - DEBUG - Attempting to log audit: search_flight, {'departure': 'Алматы', 'destination': 'Дубай', 'departure_date': '2025-05-05', 'return_date': '', 'passengers': '1', 'class': 'economy'}
2025-05-03 05:18:42,846 - DEBUG - Attempting to connect to database: C:\Apache24\htdocs\logs\flight_search.db
2025-05-03 05:18:42,846 - DEBUG - Connected to database, setting WAL mode
2025-05-03 05:18:42,848 - DEBUG - Journal mode set to: wal
2025-05-03 05:18:42,848 - WARNING - Attempt 1/3 failed to log audit due to: no such table: audit_logs
2025-05-03 05:18:43,850 - DEBUG - Attempting to connect to database: C:\Apache24\htdocs\logs\flight_search.db
2025-05-03 05:18:43,850 - DEBUG - Connected to database, setting WAL mode
2025-05-03 05:18:43,850 - DEBUG - Journal mode set to: wal
2025-05-03 05:18:43,850 - WARNING - Attempt 2/3 failed to log audit due to: no such table: audit_logs
2025-05-03 05:18:45,853 - DEBUG - Attempting to connect to database: C:\Apache24\htdocs\logs\flight_search.db
2025-05-03 05:18:45,853 - DEBUG - Connected to database, setting WAL mode
2025-05-03 05:18:45,853 - DEBUG - Journal mode set to: wal
2025-05-03 05:18:45,853 - WARNING - Attempt 3/3 failed to log audit due to: no such table: audit_logs
2025-05-03 05:18:49,855 - ERROR - Max retries reached for logging audit. Skipping. Details: {'departure': 'Алматы', 'destination': 'Дубай', 'departure_date': '2025-05-05', 'return_date': '', 'passengers': '1', 'class': 'economy'}
2025-05-03 05:18:49,855 - DEBUG - Searching flights via API: departure=Алматы, destination=Дубай, date=2025-05-05, class=economy, passengers=1
2025-05-03 05:18:49,855 - DEBUG - Signature string: ba463465c90bfaee386337e7c62e8a35:currency=RUB:departure_at=2025-05-05:destination=DXB:direct=false:limit=100:market=ru:origin=ALA
2025-05-03 05:18:49,855 - DEBUG - Sending API request to https://api.travelpayouts.com/aviasales/v3/prices_for_dates with params: {'origin': 'ALA', 'destination': 'DXB', 'departure_at': '2025-05-05', 'currency': 'RUB', 'market': 'ru', 'limit': 100, 'direct': 'false', 'token': 'ba463465c90bfaee386337e7c62e8a35', 'signature': '94d941b7503b09c90453f8374033ee17'}
2025-05-03 05:18:49,858 - DEBUG - Starting new HTTPS connection (1): api.travelpayouts.com:443
2025-05-03 05:18:50,364 - DEBUG - https://api.travelpayouts.com:443 "GET /aviasales/v3/prices_for_dates?origin=ALA&destination=DXB&departure_at=2025-05-05&currency=RUB&market=ru&limit=100&direct=false&token=ba463465c90bfaee386337e7c62e8a35&signature=94d941b7503b09c90453f8374033ee17 HTTP/1.1" 200 370
2025-05-03 05:18:50,364 - DEBUG - API response for market ru: {'data': [{'flight_number': '254', 'link': '/search/ALA0505SHJ1?t=G917464158001746428400000270ALASHJ_a52f81b03b9d3d3e0195ebbdfcea6590_15826&search_date=02052025&expected_price_uuid=90f8295b-7f44-408c-888e-0ad1b711c603&expected_price_source=share&expected_price_currency=rub&expected_price=15824', 'origin_airport': 'ALA', 'destination_airport': 'SHJ', 'departure_at': '2025-05-05T03:30:00+06:00', 'airline': 'G9', 'destination': 'SHJ', 'origin': 'ALA', 'price': 15824, 'return_transfers': 0, 'duration': 270, 'duration_to': 270, 'duration_back': 0, 'transfers': 0}], 'currency': 'RUB', 'success': True}
2025-05-03 05:18:50,364 - INFO - Alternative destination returned: SHJ instead of DXB
2025-05-03 05:18:50,364 - DEBUG - Signature string: ba463465c90bfaee386337e7c62e8a35:currency=RUB:departure_at=2025-05-05:destination=DXB:direct=false:limit=100:market=kz:origin=ALA
2025-05-03 05:18:50,364 - DEBUG - Sending API request to https://api.travelpayouts.com/aviasales/v3/prices_for_dates with params: {'origin': 'ALA', 'destination': 'DXB', 'departure_at': '2025-05-05', 'currency': 'RUB', 'market': 'kz', 'limit': 100, 'direct': 'false', 'token': 'ba463465c90bfaee386337e7c62e8a35', 'signature': '2f2f0ddc116dd75c2ceed96be8e21a31'}
2025-05-03 05:18:50,364 - DEBUG - Starting new HTTPS connection (1): api.travelpayouts.com:443
2025-05-03 05:18:50,774 - DEBUG - https://api.travelpayouts.com:443 "GET /aviasales/v3/prices_for_dates?origin=ALA&destination=DXB&departure_at=2025-05-05&currency=RUB&market=kz&limit=100&direct=false&token=ba463465c90bfaee386337e7c62e8a35&signature=2f2f0ddc116dd75c2ceed96be8e21a31 HTTP/1.1" 200 371
2025-05-03 05:18:50,774 - DEBUG - API response for market kz: {'data': [{'flight_number': '254', 'link': '/search/ALA0505SHJ1?t=G917464158001746428400000270ALASHJ_a52f81b03b9d3d3e0195ebbdfcea6590_15131&search_date=02052025&expected_price_uuid=e6843c84-bab9-4fa0-a5f7-861794534003&expected_price_source=share&expected_price_currency=rub&expected_price=15131', 'origin_airport': 'ALA', 'destination_airport': 'SHJ', 'departure_at': '2025-05-05T03:30:00+06:00', 'airline': 'G9', 'destination': 'SHJ', 'origin': 'ALA', 'price': 15131, 'return_transfers': 0, 'duration': 270, 'duration_to': 270, 'duration_back': 0, 'transfers': 0}], 'currency': 'RUB', 'success': True}
2025-05-03 05:18:50,774 - DEBUG - Signature string: ba463465c90bfaee386337e7c62e8a35:currency=RUB:departure_at=2025-05-05:destination=DXB:direct=false:limit=100:market=us:origin=ALA
2025-05-03 05:18:50,774 - DEBUG - Sending API request to https://api.travelpayouts.com/aviasales/v3/prices_for_dates with params: {'origin': 'ALA', 'destination': 'DXB', 'departure_at': '2025-05-05', 'currency': 'RUB', 'market': 'us', 'limit': 100, 'direct': 'false', 'token': 'ba463465c90bfaee386337e7c62e8a35', 'signature': '778c283094bd946d63a81250ccaf707e'}
2025-05-03 05:18:50,781 - DEBUG - Starting new HTTPS connection (1): api.travelpayouts.com:443
2025-05-03 05:18:51,169 - DEBUG - https://api.travelpayouts.com:443 "GET /aviasales/v3/prices_for_dates?origin=ALA&destination=DXB&departure_at=2025-05-05&currency=RUB&market=us&limit=100&direct=false&token=ba463465c90bfaee386337e7c62e8a35&signature=778c283094bd946d63a81250ccaf707e HTTP/1.1" 200 371
2025-05-03 05:18:51,170 - DEBUG - API response for market us: {'data': [{'flight_number': '254', 'link': '/search/ALA0505SHJ1?t=G917464158001746428400000270ALASHJ_a52f81b03b9d3d3e0195ebbdfcea6590_15131&search_date=02052025&expected_price_uuid=e6843c84-bab9-4fa0-a5f7-861794534003&expected_price_source=share&expected_price_currency=rub&expected_price=15131', 'origin_airport': 'ALA', 'destination_airport': 'SHJ', 'departure_at': '2025-05-05T03:30:00+06:00', 'airline': 'G9', 'destination': 'SHJ', 'origin': 'ALA', 'price': 15131, 'return_transfers': 0, 'duration': 270, 'duration_to': 270, 'duration_back': 0, 'transfers': 0}], 'currency': 'RUB', 'success': True}
2025-05-03 05:18:51,170 - DEBUG - Processed 1 flights from API
2025-05-03 05:18:51,170 - DEBUG - Returning response: {'success': True, 'flights': [{'id': 1, 'airline': 'G9', 'departure': 'Алматы', 'destination': 'Дубай', 'actual_destination': 'SHJ', 'departure_time': '03:30', 'arrival_time': '00:00', 'class': 'economy', 'price': 15824.0, 'discount': 0, 'available_seats': 1, 'duration': '4ч 30м в пути', 'transfers': 'прямой', 'currency': 'RUB'}]}
2025-05-03 05:18:51,170 - DEBUG - Main execution completed
2025-05-03 05:24:24,611 - DEBUG - Starting main execution
2025-05-03 05:24:24,611 - DEBUG - Attempting to get user from session
2025-05-03 05:24:24,611 - DEBUG - User ID: None
2025-05-03 05:24:24,611 - DEBUG - Received form data: {'departure': 'Алматы', 'destination': 'Дубай', 'departure_date': '2025-05-03', 'return_date': '', 'passengers': '1', 'class': 'economy', 'user_id': '1'}
2025-05-03 05:24:24,618 - DEBUG - Request data validated: {'departure': 'Алматы', 'destination': 'Дубай', 'departure_date': '2025-05-03', 'return_date': '', 'passengers': '1', 'class': 'economy'}
2025-05-03 05:24:24,618 - DEBUG - Attempting to log search request: {'departure': 'Алматы', 'destination': 'Дубай', 'departure_date': '2025-05-03', 'return_date': '', 'passengers': '1', 'class': 'economy'}
2025-05-03 05:24:24,618 - DEBUG - Attempting to connect to database: C:\Apache24\htdocs\logs\flight_search.db
2025-05-03 05:24:24,618 - DEBUG - Connected to database, setting WAL mode
2025-05-03 05:24:24,618 - DEBUG - Journal mode set to: wal
2025-05-03 05:24:24,618 - WARNING - Attempt 1/3 failed to log search request due to: table search_requests has no column named class
2025-05-03 05:24:25,621 - DEBUG - Attempting to connect to database: C:\Apache24\htdocs\logs\flight_search.db
2025-05-03 05:24:25,621 - DEBUG - Connected to database, setting WAL mode
2025-05-03 05:24:25,621 - DEBUG - Journal mode set to: wal
2025-05-03 05:24:25,621 - WARNING - Attempt 2/3 failed to log search request due to: table search_requests has no column named class
2025-05-03 05:24:27,622 - DEBUG - Attempting to connect to database: C:\Apache24\htdocs\logs\flight_search.db
2025-05-03 05:24:27,622 - DEBUG - Connected to database, setting WAL mode
2025-05-03 05:24:27,622 - DEBUG - Journal mode set to: wal
2025-05-03 05:24:27,622 - WARNING - Attempt 3/3 failed to log search request due to: table search_requests has no column named class
2025-05-03 05:24:31,623 - ERROR - Max retries reached for logging search request. Skipping. Data: {'departure': 'Алматы', 'destination': 'Дубай', 'departure_date': '2025-05-03', 'return_date': '', 'passengers': '1', 'class': 'economy'}
2025-05-03 05:24:31,623 - DEBUG - Attempting to log audit: search_flight, {'departure': 'Алматы', 'destination': 'Дубай', 'departure_date': '2025-05-03', 'return_date': '', 'passengers': '1', 'class': 'economy'}
2025-05-03 05:24:31,623 - DEBUG - Attempting to connect to database: C:\Apache24\htdocs\logs\flight_search.db
2025-05-03 05:24:31,623 - DEBUG - Connected to database, setting WAL mode
2025-05-03 05:24:31,623 - DEBUG - Journal mode set to: wal
2025-05-03 05:24:31,623 - WARNING - Attempt 1/3 failed to log audit due to: no such table: audit_logs
2025-05-03 05:24:32,625 - DEBUG - Attempting to connect to database: C:\Apache24\htdocs\logs\flight_search.db
2025-05-03 05:24:32,625 - DEBUG - Connected to database, setting WAL mode
2025-05-03 05:24:32,627 - DEBUG - Journal mode set to: wal
2025-05-03 05:24:32,627 - WARNING - Attempt 2/3 failed to log audit due to: no such table: audit_logs
2025-05-03 05:24:34,628 - DEBUG - Attempting to connect to database: C:\Apache24\htdocs\logs\flight_search.db
2025-05-03 05:24:34,628 - DEBUG - Connected to database, setting WAL mode
2025-05-03 05:24:34,628 - DEBUG - Journal mode set to: wal
2025-05-03 05:24:34,630 - WARNING - Attempt 3/3 failed to log audit due to: no such table: audit_logs
2025-05-03 05:24:38,631 - ERROR - Max retries reached for logging audit. Skipping. Details: {'departure': 'Алматы', 'destination': 'Дубай', 'departure_date': '2025-05-03', 'return_date': '', 'passengers': '1', 'class': 'economy'}
2025-05-03 05:24:38,631 - DEBUG - Searching flights via API: departure=Алматы, destination=Дубай, date=2025-05-03, class=economy, passengers=1
2025-05-03 05:24:38,631 - DEBUG - Signature string: ba463465c90bfaee386337e7c62e8a35:currency=RUB:departure_at=2025-05-03:destination=DXB:direct=false:limit=100:market=ru:origin=ALA
2025-05-03 05:24:38,631 - DEBUG - Sending API request to https://api.travelpayouts.com/aviasales/v3/prices_for_dates with params: {'origin': 'ALA', 'destination': 'DXB', 'departure_at': '2025-05-03', 'currency': 'RUB', 'market': 'ru', 'limit': 100, 'direct': 'false', 'token': 'ba463465c90bfaee386337e7c62e8a35', 'signature': '7ad81da58faceb5ccf189080c6695a28'}
2025-05-03 05:24:38,636 - DEBUG - Starting new HTTPS connection (1): api.travelpayouts.com:443
2025-05-03 05:24:39,490 - DEBUG - https://api.travelpayouts.com:443 "GET /aviasales/v3/prices_for_dates?origin=ALA&destination=DXB&departure_at=2025-05-03&currency=RUB&market=ru&limit=100&direct=false&token=ba463465c90bfaee386337e7c62e8a35&signature=7ad81da58faceb5ccf189080c6695a28 HTTP/1.1" 200 43
2025-05-03 05:24:39,490 - DEBUG - API response for market ru: {'data': [], 'currency': 'RUB', 'success': True}
2025-05-03 05:24:39,490 - DEBUG - Signature string: ba463465c90bfaee386337e7c62e8a35:currency=RUB:departure_at=2025-05-03:destination=DXB:direct=false:limit=100:market=kz:origin=ALA
2025-05-03 05:24:39,490 - DEBUG - Sending API request to https://api.travelpayouts.com/aviasales/v3/prices_for_dates with params: {'origin': 'ALA', 'destination': 'DXB', 'departure_at': '2025-05-03', 'currency': 'RUB', 'market': 'kz', 'limit': 100, 'direct': 'false', 'token': 'ba463465c90bfaee386337e7c62e8a35', 'signature': 'd239e92c2d9fe666976452d1f2873abc'}
2025-05-03 05:24:39,490 - DEBUG - Starting new HTTPS connection (1): api.travelpayouts.com:443
2025-05-03 05:24:39,901 - DEBUG - https://api.travelpayouts.com:443 "GET /aviasales/v3/prices_for_dates?origin=ALA&destination=DXB&departure_at=2025-05-03&currency=RUB&market=kz&limit=100&direct=false&token=ba463465c90bfaee386337e7c62e8a35&signature=d239e92c2d9fe666976452d1f2873abc HTTP/1.1" 200 366
2025-05-03 05:24:39,901 - DEBUG - API response for market kz: {'data': [{'flight_number': '252', 'link': '/search/ALA0305SHJ1?t=G917462880001746300600000270ALASHJ_edfada2b7466ae6fab8466cdad13d915_23109&search_date=02052025&expected_price_uuid=3dca0657-86a6-4806-b8c9-b1a721979200&expected_price_source=share&expected_price_currency=rub&expected_price=23109', 'origin_airport': 'ALA', 'destination_airport': 'SHJ', 'departure_at': '2025-05-03T16:00:00+06:00', 'airline': 'G9', 'destination': 'SHJ', 'origin': 'ALA', 'price': 23109, 'return_transfers': 0, 'duration': 270, 'duration_to': 270, 'duration_back': 0, 'transfers': 0}], 'currency': 'RUB', 'success': True}
2025-05-03 05:24:39,901 - INFO - Alternative destination returned: SHJ instead of DXB
2025-05-03 05:24:39,901 - DEBUG - Signature string: ba463465c90bfaee386337e7c62e8a35:currency=RUB:departure_at=2025-05-03:destination=DXB:direct=false:limit=100:market=us:origin=ALA
2025-05-03 05:24:39,901 - DEBUG - Sending API request to https://api.travelpayouts.com/aviasales/v3/prices_for_dates with params: {'origin': 'ALA', 'destination': 'DXB', 'departure_at': '2025-05-03', 'currency': 'RUB', 'market': 'us', 'limit': 100, 'direct': 'false', 'token': 'ba463465c90bfaee386337e7c62e8a35', 'signature': 'e71275e914b337b5be9e383adc56c71f'}
2025-05-03 05:24:39,906 - DEBUG - Starting new HTTPS connection (1): api.travelpayouts.com:443
2025-05-03 05:24:40,651 - DEBUG - https://api.travelpayouts.com:443 "GET /aviasales/v3/prices_for_dates?origin=ALA&destination=DXB&departure_at=2025-05-03&currency=RUB&market=us&limit=100&direct=false&token=ba463465c90bfaee386337e7c62e8a35&signature=e71275e914b337b5be9e383adc56c71f HTTP/1.1" 200 366
2025-05-03 05:24:40,657 - DEBUG - API response for market us: {'data': [{'flight_number': '252', 'link': '/search/ALA0305SHJ1?t=G917462880001746300600000270ALASHJ_edfada2b7466ae6fab8466cdad13d915_23109&search_date=02052025&expected_price_uuid=3dca0657-86a6-4806-b8c9-b1a721979200&expected_price_source=share&expected_price_currency=rub&expected_price=23109', 'origin_airport': 'ALA', 'destination_airport': 'SHJ', 'departure_at': '2025-05-03T16:00:00+06:00', 'airline': 'G9', 'destination': 'SHJ', 'origin': 'ALA', 'price': 23109, 'return_transfers': 0, 'duration': 270, 'duration_to': 270, 'duration_back': 0, 'transfers': 0}], 'currency': 'RUB', 'success': True}
2025-05-03 05:24:40,657 - DEBUG - Processed 1 flights from API
2025-05-03 05:24:40,657 - DEBUG - Returning response: {'success': True, 'flights': [{'id': 1, 'airline': 'G9', 'departure': 'Алматы', 'destination': 'Дубай', 'actual_destination': 'SHJ', 'departure_time': '16:00', 'arrival_time': '00:00', 'class': 'economy', 'price': 23109.0, 'discount': 0, 'available_seats': 1, 'duration': '4ч 30м в пути', 'transfers': 'прямой', 'currency': 'RUB'}]}
2025-05-03 05:24:40,657 - DEBUG - Main execution completed
2025-05-03 05:28:27,034 - DEBUG - Starting main execution
2025-05-03 05:28:27,034 - DEBUG - Attempting to get user from session
2025-05-03 05:28:27,034 - DEBUG - User ID: None
2025-05-03 05:28:27,034 - DEBUG - Received form data: {'departure': 'Алматы', 'destination': 'Дубай', 'departure_date': '2025-05-03', 'return_date': '', 'passengers': '1', 'class': 'economy', 'user_id': '1'}
2025-05-03 05:28:27,034 - DEBUG - Request data validated: {'departure': 'Алматы', 'destination': 'Дубай', 'departure_date': '2025-05-03', 'return_date': '', 'passengers': '1', 'class': 'economy'}
2025-05-03 05:28:27,034 - DEBUG - Attempting to log search request: {'departure': 'Алматы', 'destination': 'Дубай', 'departure_date': '2025-05-03', 'return_date': '', 'passengers': '1', 'class': 'economy'}
2025-05-03 05:28:27,034 - DEBUG - Attempting to connect to database: C:\Apache24\htdocs\logs\flight_search.db
2025-05-03 05:28:27,034 - DEBUG - Connected to database, setting WAL mode
2025-05-03 05:28:27,034 - DEBUG - Journal mode set to: wal
2025-05-03 05:28:27,034 - WARNING - Attempt 1/3 failed to log search request due to: table search_requests has no column named class
2025-05-03 05:28:28,040 - DEBUG - Attempting to connect to database: C:\Apache24\htdocs\logs\flight_search.db
2025-05-03 05:28:28,040 - DEBUG - Connected to database, setting WAL mode
2025-05-03 05:28:28,040 - DEBUG - Journal mode set to: wal
2025-05-03 05:28:28,040 - WARNING - Attempt 2/3 failed to log search request due to: table search_requests has no column named class
2025-05-03 05:28:30,041 - DEBUG - Attempting to connect to database: C:\Apache24\htdocs\logs\flight_search.db
2025-05-03 05:28:30,041 - DEBUG - Connected to database, setting WAL mode
2025-05-03 05:28:30,041 - DEBUG - Journal mode set to: wal
2025-05-03 05:28:30,041 - WARNING - Attempt 3/3 failed to log search request due to: table search_requests has no column named class
2025-05-03 05:28:34,044 - ERROR - Max retries reached for logging search request. Skipping. Data: {'departure': 'Алматы', 'destination': 'Дубай', 'departure_date': '2025-05-03', 'return_date': '', 'passengers': '1', 'class': 'economy'}
2025-05-03 05:28:34,044 - DEBUG - Attempting to log audit: search_flight, {'departure': 'Алматы', 'destination': 'Дубай', 'departure_date': '2025-05-03', 'return_date': '', 'passengers': '1', 'class': 'economy'}
2025-05-03 05:28:34,044 - DEBUG - Attempting to connect to database: C:\Apache24\htdocs\logs\flight_search.db
2025-05-03 05:28:34,044 - DEBUG - Connected to database, setting WAL mode
2025-05-03 05:28:34,044 - DEBUG - Journal mode set to: wal
2025-05-03 05:28:34,044 - WARNING - Attempt 1/3 failed to log audit due to: no such table: audit_logs
2025-05-03 05:28:35,048 - DEBUG - Attempting to connect to database: C:\Apache24\htdocs\logs\flight_search.db
2025-05-03 05:28:35,049 - DEBUG - Connected to database, setting WAL mode
2025-05-03 05:28:35,049 - DEBUG - Journal mode set to: wal
2025-05-03 05:28:35,049 - WARNING - Attempt 2/3 failed to log audit due to: no such table: audit_logs
2025-05-03 05:28:37,051 - DEBUG - Attempting to connect to database: C:\Apache24\htdocs\logs\flight_search.db
2025-05-03 05:28:37,051 - DEBUG - Connected to database, setting WAL mode
2025-05-03 05:28:37,053 - DEBUG - Journal mode set to: wal
2025-05-03 05:28:37,053 - WARNING - Attempt 3/3 failed to log audit due to: no such table: audit_logs
2025-05-03 05:28:41,055 - ERROR - Max retries reached for logging audit. Skipping. Details: {'departure': 'Алматы', 'destination': 'Дубай', 'departure_date': '2025-05-03', 'return_date': '', 'passengers': '1', 'class': 'economy'}
2025-05-03 05:28:41,055 - DEBUG - Searching flights via API: departure=Алматы, destination=Дубай, date=2025-05-03, class=economy, passengers=1
2025-05-03 05:28:41,055 - DEBUG - Signature string: ba463465c90bfaee386337e7c62e8a35:currency=RUB:departure_at=2025-05-03:destination=DXB:direct=false:limit=100:market=ru:origin=ALA
2025-05-03 05:28:41,055 - DEBUG - Sending API request to https://api.travelpayouts.com/aviasales/v3/prices_for_dates with params: {'origin': 'ALA', 'destination': 'DXB', 'departure_at': '2025-05-03', 'currency': 'RUB', 'market': 'ru', 'limit': 100, 'direct': 'false', 'token': 'ba463465c90bfaee386337e7c62e8a35', 'signature': '7ad81da58faceb5ccf189080c6695a28'}
2025-05-03 05:28:41,060 - DEBUG - Starting new HTTPS connection (1): api.travelpayouts.com:443
2025-05-03 05:28:41,887 - DEBUG - https://api.travelpayouts.com:443 "GET /aviasales/v3/prices_for_dates?origin=ALA&destination=DXB&departure_at=2025-05-03&currency=RUB&market=ru&limit=100&direct=false&token=ba463465c90bfaee386337e7c62e8a35&signature=7ad81da58faceb5ccf189080c6695a28 HTTP/1.1" 200 43
2025-05-03 05:28:41,887 - DEBUG - API response for market ru: {'data': [], 'currency': 'RUB', 'success': True}
2025-05-03 05:28:41,887 - DEBUG - Signature string: ba463465c90bfaee386337e7c62e8a35:currency=RUB:departure_at=2025-05-03:destination=DXB:direct=false:limit=100:market=kz:origin=ALA
2025-05-03 05:28:41,887 - DEBUG - Sending API request to https://api.travelpayouts.com/aviasales/v3/prices_for_dates with params: {'origin': 'ALA', 'destination': 'DXB', 'departure_at': '2025-05-03', 'currency': 'RUB', 'market': 'kz', 'limit': 100, 'direct': 'false', 'token': 'ba463465c90bfaee386337e7c62e8a35', 'signature': 'd239e92c2d9fe666976452d1f2873abc'}
2025-05-03 05:28:41,887 - DEBUG - Starting new HTTPS connection (1): api.travelpayouts.com:443
2025-05-03 05:28:42,248 - DEBUG - https://api.travelpayouts.com:443 "GET /aviasales/v3/prices_for_dates?origin=ALA&destination=DXB&departure_at=2025-05-03&currency=RUB&market=kz&limit=100&direct=false&token=ba463465c90bfaee386337e7c62e8a35&signature=d239e92c2d9fe666976452d1f2873abc HTTP/1.1" 200 366
2025-05-03 05:28:42,248 - DEBUG - API response for market kz: {'data': [{'flight_number': '252', 'link': '/search/ALA0305SHJ1?t=G917462880001746300600000270ALASHJ_edfada2b7466ae6fab8466cdad13d915_23109&search_date=02052025&expected_price_uuid=3dca0657-86a6-4806-b8c9-b1a721979200&expected_price_source=share&expected_price_currency=rub&expected_price=23109', 'origin_airport': 'ALA', 'destination_airport': 'SHJ', 'departure_at': '2025-05-03T16:00:00+06:00', 'airline': 'G9', 'destination': 'SHJ', 'origin': 'ALA', 'price': 23109, 'return_transfers': 0, 'duration': 270, 'duration_to': 270, 'duration_back': 0, 'transfers': 0}], 'currency': 'RUB', 'success': True}
2025-05-03 05:28:42,248 - INFO - Alternative destination returned: SHJ instead of DXB
2025-05-03 05:28:42,248 - DEBUG - Signature string: ba463465c90bfaee386337e7c62e8a35:currency=RUB:departure_at=2025-05-03:destination=DXB:direct=false:limit=100:market=us:origin=ALA
2025-05-03 05:28:42,248 - DEBUG - Sending API request to https://api.travelpayouts.com/aviasales/v3/prices_for_dates with params: {'origin': 'ALA', 'destination': 'DXB', 'departure_at': '2025-05-03', 'currency': 'RUB', 'market': 'us', 'limit': 100, 'direct': 'false', 'token': 'ba463465c90bfaee386337e7c62e8a35', 'signature': 'e71275e914b337b5be9e383adc56c71f'}
2025-05-03 05:28:42,262 - DEBUG - Starting new HTTPS connection (1): api.travelpayouts.com:443
2025-05-03 05:28:42,970 - DEBUG - https://api.travelpayouts.com:443 "GET /aviasales/v3/prices_for_dates?origin=ALA&destination=DXB&departure_at=2025-05-03&currency=RUB&market=us&limit=100&direct=false&token=ba463465c90bfaee386337e7c62e8a35&signature=e71275e914b337b5be9e383adc56c71f HTTP/1.1" 200 366
2025-05-03 05:28:42,970 - DEBUG - API response for market us: {'data': [{'flight_number': '252', 'link': '/search/ALA0305SHJ1?t=G917462880001746300600000270ALASHJ_edfada2b7466ae6fab8466cdad13d915_23109&search_date=02052025&expected_price_uuid=3dca0657-86a6-4806-b8c9-b1a721979200&expected_price_source=share&expected_price_currency=rub&expected_price=23109', 'origin_airport': 'ALA', 'destination_airport': 'SHJ', 'departure_at': '2025-05-03T16:00:00+06:00', 'airline': 'G9', 'destination': 'SHJ', 'origin': 'ALA', 'price': 23109, 'return_transfers': 0, 'duration': 270, 'duration_to': 270, 'duration_back': 0, 'transfers': 0}], 'currency': 'RUB', 'success': True}
2025-05-03 05:28:42,970 - DEBUG - Processed 1 flights from API
2025-05-03 05:28:42,970 - DEBUG - Returning response: {'success': True, 'flights': [{'id': 1, 'airline': 'G9', 'departure': 'Алматы', 'destination': 'Дубай', 'actual_destination': 'SHJ', 'departure_time': '16:00', 'arrival_time': '00:00', 'class': 'economy', 'price': 23109.0, 'discount': 0, 'available_seats': 1, 'duration': '4ч 30м в пути', 'transfers': 'прямой', 'currency': 'RUB'}]}
2025-05-03 05:28:42,970 - DEBUG - Main execution completed
2025-05-03 05:31:18,350 - DEBUG - Starting main execution
2025-05-03 05:31:18,350 - DEBUG - Attempting to get user from session
2025-05-03 05:31:18,350 - DEBUG - User ID: None
2025-05-03 05:31:18,350 - DEBUG - Received form data: {'departure': 'Алматы', 'destination': 'Дубай', 'departure_date': '2025-05-03', 'return_date': '', 'passengers': '1', 'class': 'economy', 'user_id': '1'}
2025-05-03 05:31:18,350 - DEBUG - Request data validated: {'departure': 'Алматы', 'destination': 'Дубай', 'departure_date': '2025-05-03', 'return_date': '', 'passengers': '1', 'class': 'economy'}
2025-05-03 05:31:18,350 - DEBUG - Attempting to log search request: {'departure': 'Алматы', 'destination': 'Дубай', 'departure_date': '2025-05-03', 'return_date': '', 'passengers': '1', 'class': 'economy'}
2025-05-03 05:31:18,350 - DEBUG - Attempting to connect to database: C:\Apache24\htdocs\logs\flight_search.db
2025-05-03 05:31:18,350 - DEBUG - Connected to database, setting WAL mode
2025-05-03 05:31:18,356 - DEBUG - Journal mode set to: wal
2025-05-03 05:31:18,357 - WARNING - Attempt 1/3 failed to log search request due to: table search_requests has no column named class
2025-05-03 05:31:19,357 - DEBUG - Attempting to connect to database: C:\Apache24\htdocs\logs\flight_search.db
2025-05-03 05:31:19,357 - DEBUG - Connected to database, setting WAL mode
2025-05-03 05:31:19,357 - DEBUG - Journal mode set to: wal
2025-05-03 05:31:19,357 - WARNING - Attempt 2/3 failed to log search request due to: table search_requests has no column named class
2025-05-03 05:31:21,359 - DEBUG - Attempting to connect to database: C:\Apache24\htdocs\logs\flight_search.db
2025-05-03 05:31:21,359 - DEBUG - Connected to database, setting WAL mode
2025-05-03 05:31:21,359 - DEBUG - Journal mode set to: wal
2025-05-03 05:31:21,359 - WARNING - Attempt 3/3 failed to log search request due to: table search_requests has no column named class
2025-05-03 05:31:25,360 - ERROR - Max retries reached for logging search request. Skipping. Data: {'departure': 'Алматы', 'destination': 'Дубай', 'departure_date': '2025-05-03', 'return_date': '', 'passengers': '1', 'class': 'economy'}
2025-05-03 05:31:25,360 - DEBUG - Attempting to log audit: search_flight, {'departure': 'Алматы', 'destination': 'Дубай', 'departure_date': '2025-05-03', 'return_date': '', 'passengers': '1', 'class': 'economy'}
2025-05-03 05:31:25,360 - DEBUG - Attempting to connect to database: C:\Apache24\htdocs\logs\flight_search.db
2025-05-03 05:31:25,360 - DEBUG - Connected to database, setting WAL mode
2025-05-03 05:31:25,360 - DEBUG - Journal mode set to: wal
2025-05-03 05:31:25,360 - WARNING - Attempt 1/3 failed to log audit due to: no such table: audit_logs
2025-05-03 05:31:26,362 - DEBUG - Attempting to connect to database: C:\Apache24\htdocs\logs\flight_search.db
2025-05-03 05:31:26,362 - DEBUG - Connected to database, setting WAL mode
2025-05-03 05:31:26,362 - DEBUG - Journal mode set to: wal
2025-05-03 05:31:26,362 - WARNING - Attempt 2/3 failed to log audit due to: no such table: audit_logs
2025-05-03 05:31:28,363 - DEBUG - Attempting to connect to database: C:\Apache24\htdocs\logs\flight_search.db
2025-05-03 05:31:28,363 - DEBUG - Connected to database, setting WAL mode
2025-05-03 05:31:28,363 - DEBUG - Journal mode set to: wal
2025-05-03 05:31:28,363 - WARNING - Attempt 3/3 failed to log audit due to: no such table: audit_logs
2025-05-03 05:31:32,366 - ERROR - Max retries reached for logging audit. Skipping. Details: {'departure': 'Алматы', 'destination': 'Дубай', 'departure_date': '2025-05-03', 'return_date': '', 'passengers': '1', 'class': 'economy'}
2025-05-03 05:31:32,366 - DEBUG - Searching flights via API: departure=Алматы, destination=Дубай, date=2025-05-03, class=economy, passengers=1
2025-05-03 05:31:32,366 - DEBUG - Signature string: ba463465c90bfaee386337e7c62e8a35:currency=RUB:departure_at=2025-05-03:destination=DXB:direct=false:limit=100:market=ru:origin=ALA
2025-05-03 05:31:32,366 - DEBUG - Sending API request to https://api.travelpayouts.com/aviasales/v3/prices_for_dates with params: {'origin': 'ALA', 'destination': 'DXB', 'departure_at': '2025-05-03', 'currency': 'RUB', 'market': 'ru', 'limit': 100, 'direct': 'false', 'token': 'ba463465c90bfaee386337e7c62e8a35', 'signature': '7ad81da58faceb5ccf189080c6695a28'}
2025-05-03 05:31:32,368 - DEBUG - Starting new HTTPS connection (1): api.travelpayouts.com:443
2025-05-03 05:31:32,847 - DEBUG - https://api.travelpayouts.com:443 "GET /aviasales/v3/prices_for_dates?origin=ALA&destination=DXB&departure_at=2025-05-03&currency=RUB&market=ru&limit=100&direct=false&token=ba463465c90bfaee386337e7c62e8a35&signature=7ad81da58faceb5ccf189080c6695a28 HTTP/1.1" 200 43
2025-05-03 05:31:32,847 - DEBUG - API response for market ru: {'data': [], 'currency': 'RUB', 'success': True}
2025-05-03 05:31:32,847 - DEBUG - Signature string: ba463465c90bfaee386337e7c62e8a35:currency=RUB:departure_at=2025-05-03:destination=DXB:direct=false:limit=100:market=kz:origin=ALA
2025-05-03 05:31:32,847 - DEBUG - Sending API request to https://api.travelpayouts.com/aviasales/v3/prices_for_dates with params: {'origin': 'ALA', 'destination': 'DXB', 'departure_at': '2025-05-03', 'currency': 'RUB', 'market': 'kz', 'limit': 100, 'direct': 'false', 'token': 'ba463465c90bfaee386337e7c62e8a35', 'signature': 'd239e92c2d9fe666976452d1f2873abc'}
2025-05-03 05:31:32,847 - DEBUG - Starting new HTTPS connection (1): api.travelpayouts.com:443
2025-05-03 05:31:33,604 - DEBUG - https://api.travelpayouts.com:443 "GET /aviasales/v3/prices_for_dates?origin=ALA&destination=DXB&departure_at=2025-05-03&currency=RUB&market=kz&limit=100&direct=false&token=ba463465c90bfaee386337e7c62e8a35&signature=d239e92c2d9fe666976452d1f2873abc HTTP/1.1" 200 366
2025-05-03 05:31:33,604 - DEBUG - API response for market kz: {'data': [{'flight_number': '252', 'link': '/search/ALA0305SHJ1?t=G917462880001746300600000270ALASHJ_edfada2b7466ae6fab8466cdad13d915_23109&search_date=02052025&expected_price_uuid=3dca0657-86a6-4806-b8c9-b1a721979200&expected_price_source=share&expected_price_currency=rub&expected_price=23109', 'origin_airport': 'ALA', 'destination_airport': 'SHJ', 'departure_at': '2025-05-03T16:00:00+06:00', 'airline': 'G9', 'destination': 'SHJ', 'origin': 'ALA', 'price': 23109, 'return_transfers': 0, 'duration': 270, 'duration_to': 270, 'duration_back': 0, 'transfers': 0}], 'currency': 'RUB', 'success': True}
2025-05-03 05:31:33,604 - INFO - Alternative destination returned: SHJ instead of DXB
2025-05-03 05:31:33,604 - DEBUG - Signature string: ba463465c90bfaee386337e7c62e8a35:currency=RUB:departure_at=2025-05-03:destination=DXB:direct=false:limit=100:market=us:origin=ALA
2025-05-03 05:31:33,604 - DEBUG - Sending API request to https://api.travelpayouts.com/aviasales/v3/prices_for_dates with params: {'origin': 'ALA', 'destination': 'DXB', 'departure_at': '2025-05-03', 'currency': 'RUB', 'market': 'us', 'limit': 100, 'direct': 'false', 'token': 'ba463465c90bfaee386337e7c62e8a35', 'signature': 'e71275e914b337b5be9e383adc56c71f'}
2025-05-03 05:31:33,611 - DEBUG - Starting new HTTPS connection (1): api.travelpayouts.com:443
2025-05-03 05:31:34,395 - DEBUG - https://api.travelpayouts.com:443 "GET /aviasales/v3/prices_for_dates?origin=ALA&destination=DXB&departure_at=2025-05-03&currency=RUB&market=us&limit=100&direct=false&token=ba463465c90bfaee386337e7c62e8a35&signature=e71275e914b337b5be9e383adc56c71f HTTP/1.1" 200 366
2025-05-03 05:31:34,395 - DEBUG - API response for market us: {'data': [{'flight_number': '252', 'link': '/search/ALA0305SHJ1?t=G917462880001746300600000270ALASHJ_edfada2b7466ae6fab8466cdad13d915_23109&search_date=02052025&expected_price_uuid=3dca0657-86a6-4806-b8c9-b1a721979200&expected_price_source=share&expected_price_currency=rub&expected_price=23109', 'origin_airport': 'ALA', 'destination_airport': 'SHJ', 'departure_at': '2025-05-03T16:00:00+06:00', 'airline': 'G9', 'destination': 'SHJ', 'origin': 'ALA', 'price': 23109, 'return_transfers': 0, 'duration': 270, 'duration_to': 270, 'duration_back': 0, 'transfers': 0}], 'currency': 'RUB', 'success': True}
2025-05-03 05:31:34,395 - DEBUG - Processed 1 flights from API
2025-05-03 05:31:34,395 - DEBUG - Returning response: {'success': True, 'flights': [{'id': 1, 'airline': 'G9', 'departure': 'Алматы', 'destination': 'Дубай', 'actual_destination': 'SHJ', 'departure_time': '16:00', 'arrival_time': '00:00', 'class': 'economy', 'price': 23109.0, 'discount': 0, 'available_seats': 1, 'duration': '4ч 30м в пути', 'transfers': 'прямой', 'currency': 'RUB'}]}
2025-05-03 05:31:34,395 - DEBUG - Main execution completed
2025-05-03 05:44:08,540 - DEBUG - Starting main execution
2025-05-03 05:44:08,540 - DEBUG - Attempting to get user from session
2025-05-03 05:44:08,540 - DEBUG - User ID: None
2025-05-03 05:44:08,541 - DEBUG - Received form data: {'departure': 'Алматы', 'destination': 'Египет', 'departure_date': '2025-05-03', 'return_date': '', 'passengers': '1', 'class': 'economy', 'user_id': '1'}
2025-05-03 05:44:08,541 - DEBUG - Request data validated: {'departure': 'Алматы', 'destination': 'Египет', 'departure_date': '2025-05-03', 'return_date': '', 'passengers': '1', 'class': 'economy'}
2025-05-03 05:44:08,541 - DEBUG - Attempting to log search request: {'departure': 'Алматы', 'destination': 'Египет', 'departure_date': '2025-05-03', 'return_date': '', 'passengers': '1', 'class': 'economy'}
2025-05-03 05:44:08,541 - DEBUG - Attempting to connect to database: C:\Apache24\htdocs\logs\flight_search.db
2025-05-03 05:44:08,541 - DEBUG - Connected to database, setting WAL mode
2025-05-03 05:44:08,541 - DEBUG - Journal mode set to: wal
2025-05-03 05:44:08,541 - WARNING - Attempt 1/3 failed to log search request due to: table search_requests has no column named class
2025-05-03 05:44:09,544 - DEBUG - Attempting to connect to database: C:\Apache24\htdocs\logs\flight_search.db
2025-05-03 05:44:09,544 - DEBUG - Connected to database, setting WAL mode
2025-05-03 05:44:09,547 - DEBUG - Journal mode set to: wal
2025-05-03 05:44:09,547 - WARNING - Attempt 2/3 failed to log search request due to: table search_requests has no column named class
2025-05-03 05:44:11,548 - DEBUG - Attempting to connect to database: C:\Apache24\htdocs\logs\flight_search.db
2025-05-03 05:44:11,548 - DEBUG - Connected to database, setting WAL mode
2025-05-03 05:44:11,548 - DEBUG - Journal mode set to: wal
2025-05-03 05:44:11,548 - WARNING - Attempt 3/3 failed to log search request due to: table search_requests has no column named class
2025-05-03 05:44:15,551 - ERROR - Max retries reached for logging search request. Skipping. Data: {'departure': 'Алматы', 'destination': 'Египет', 'departure_date': '2025-05-03', 'return_date': '', 'passengers': '1', 'class': 'economy'}
2025-05-03 05:44:15,552 - DEBUG - Attempting to log audit: search_flight, {'departure': 'Алматы', 'destination': 'Египет', 'departure_date': '2025-05-03', 'return_date': '', 'passengers': '1', 'class': 'economy'}
2025-05-03 05:44:15,552 - DEBUG - Attempting to connect to database: C:\Apache24\htdocs\logs\flight_search.db
2025-05-03 05:44:15,553 - DEBUG - Connected to database, setting WAL mode
2025-05-03 05:44:15,553 - DEBUG - Journal mode set to: wal
2025-05-03 05:44:15,553 - WARNING - Attempt 1/3 failed to log audit due to: no such table: audit_logs
2025-05-03 05:44:16,555 - DEBUG - Attempting to connect to database: C:\Apache24\htdocs\logs\flight_search.db
2025-05-03 05:44:16,555 - DEBUG - Connected to database, setting WAL mode
2025-05-03 05:44:16,555 - DEBUG - Journal mode set to: wal
2025-05-03 05:44:16,555 - WARNING - Attempt 2/3 failed to log audit due to: no such table: audit_logs
2025-05-03 05:44:18,556 - DEBUG - Attempting to connect to database: C:\Apache24\htdocs\logs\flight_search.db
2025-05-03 05:44:18,556 - DEBUG - Connected to database, setting WAL mode
2025-05-03 05:44:18,559 - DEBUG - Journal mode set to: wal
2025-05-03 05:44:18,559 - WARNING - Attempt 3/3 failed to log audit due to: no such table: audit_logs
2025-05-03 05:44:22,560 - ERROR - Max retries reached for logging audit. Skipping. Details: {'departure': 'Алматы', 'destination': 'Египет', 'departure_date': '2025-05-03', 'return_date': '', 'passengers': '1', 'class': 'economy'}
2025-05-03 05:44:22,560 - DEBUG - Searching flights via API: departure=Алматы, destination=Египет, date=2025-05-03, class=economy, passengers=1
2025-05-03 05:44:22,560 - ERROR - Could not map cities to IATA codes: Алматы -> ALA, Египет -> 
2025-05-03 05:44:22,560 - DEBUG - Returning response: {'success': True, 'flights': [], 'message': 'Рейсы не найдены. Попробуйте изменить дату (доступны данные за последние 48 часов) или маршрут.'}
2025-05-03 05:44:22,560 - DEBUG - Main execution completed
2025-05-03 05:44:40,637 - DEBUG - Starting main execution
2025-05-03 05:44:40,637 - DEBUG - Attempting to get user from session
2025-05-03 05:44:40,637 - DEBUG - User ID: None
2025-05-03 05:44:40,638 - DEBUG - Received form data: {'departure': 'Алматы', 'destination': 'Москва', 'departure_date': '2025-05-03', 'return_date': '', 'passengers': '1', 'class': 'economy', 'user_id': '1'}
2025-05-03 05:44:40,638 - DEBUG - Request data validated: {'departure': 'Алматы', 'destination': 'Москва', 'departure_date': '2025-05-03', 'return_date': '', 'passengers': '1', 'class': 'economy'}
2025-05-03 05:44:40,638 - DEBUG - Attempting to log search request: {'departure': 'Алматы', 'destination': 'Москва', 'departure_date': '2025-05-03', 'return_date': '', 'passengers': '1', 'class': 'economy'}
2025-05-03 05:44:40,638 - DEBUG - Attempting to connect to database: C:\Apache24\htdocs\logs\flight_search.db
2025-05-03 05:44:40,638 - DEBUG - Connected to database, setting WAL mode
2025-05-03 05:44:40,638 - DEBUG - Journal mode set to: wal
2025-05-03 05:44:40,638 - WARNING - Attempt 1/3 failed to log search request due to: table search_requests has no column named class
2025-05-03 05:44:41,641 - DEBUG - Attempting to connect to database: C:\Apache24\htdocs\logs\flight_search.db
2025-05-03 05:44:41,641 - DEBUG - Connected to database, setting WAL mode
2025-05-03 05:44:41,641 - DEBUG - Journal mode set to: wal
2025-05-03 05:44:41,641 - WARNING - Attempt 2/3 failed to log search request due to: table search_requests has no column named class
2025-05-03 05:44:43,645 - DEBUG - Attempting to connect to database: C:\Apache24\htdocs\logs\flight_search.db
2025-05-03 05:44:43,645 - DEBUG - Connected to database, setting WAL mode
2025-05-03 05:44:43,645 - DEBUG - Journal mode set to: wal
2025-05-03 05:44:43,645 - WARNING - Attempt 3/3 failed to log search request due to: table search_requests has no column named class
2025-05-03 05:44:47,648 - ERROR - Max retries reached for logging search request. Skipping. Data: {'departure': 'Алматы', 'destination': 'Москва', 'departure_date': '2025-05-03', 'return_date': '', 'passengers': '1', 'class': 'economy'}
2025-05-03 05:44:47,648 - DEBUG - Attempting to log audit: search_flight, {'departure': 'Алматы', 'destination': 'Москва', 'departure_date': '2025-05-03', 'return_date': '', 'passengers': '1', 'class': 'economy'}
2025-05-03 05:44:47,648 - DEBUG - Attempting to connect to database: C:\Apache24\htdocs\logs\flight_search.db
2025-05-03 05:44:47,648 - DEBUG - Connected to database, setting WAL mode
2025-05-03 05:44:47,650 - DEBUG - Journal mode set to: wal
2025-05-03 05:44:47,650 - WARNING - Attempt 1/3 failed to log audit due to: no such table: audit_logs
2025-05-03 05:44:48,651 - DEBUG - Attempting to connect to database: C:\Apache24\htdocs\logs\flight_search.db
2025-05-03 05:44:48,651 - DEBUG - Connected to database, setting WAL mode
2025-05-03 05:44:48,651 - DEBUG - Journal mode set to: wal
2025-05-03 05:44:48,651 - WARNING - Attempt 2/3 failed to log audit due to: no such table: audit_logs
2025-05-03 05:44:50,654 - DEBUG - Attempting to connect to database: C:\Apache24\htdocs\logs\flight_search.db
2025-05-03 05:44:50,654 - DEBUG - Connected to database, setting WAL mode
2025-05-03 05:44:50,654 - DEBUG - Journal mode set to: wal
2025-05-03 05:44:50,656 - WARNING - Attempt 3/3 failed to log audit due to: no such table: audit_logs
2025-05-03 05:44:54,656 - ERROR - Max retries reached for logging audit. Skipping. Details: {'departure': 'Алматы', 'destination': 'Москва', 'departure_date': '2025-05-03', 'return_date': '', 'passengers': '1', 'class': 'economy'}
2025-05-03 05:44:54,657 - DEBUG - Searching flights via API: departure=Алматы, destination=Москва, date=2025-05-03, class=economy, passengers=1
2025-05-03 05:44:54,657 - DEBUG - Signature string: ba463465c90bfaee386337e7c62e8a35:currency=RUB:departure_at=2025-05-03:destination=MOW:direct=false:limit=100:market=ru:origin=ALA
2025-05-03 05:44:54,657 - DEBUG - Sending API request to https://api.travelpayouts.com/aviasales/v3/prices_for_dates with params: {'origin': 'ALA', 'destination': 'MOW', 'departure_at': '2025-05-03', 'currency': 'RUB', 'market': 'ru', 'limit': 100, 'direct': 'false', 'token': 'ba463465c90bfaee386337e7c62e8a35', 'signature': '0bdfbb323c7820a3fae9e5505bcf2c9a'}
2025-05-03 05:44:54,663 - DEBUG - Starting new HTTPS connection (1): api.travelpayouts.com:443
2025-05-03 05:44:57,947 - DEBUG - https://api.travelpayouts.com:443 "GET /aviasales/v3/prices_for_dates?origin=ALA&destination=MOW&departure_at=2025-05-03&currency=RUB&market=ru&limit=100&direct=false&token=ba463465c90bfaee386337e7c62e8a35&signature=0bdfbb323c7820a3fae9e5505bcf2c9a HTTP/1.1" 200 385
2025-05-03 05:44:57,947 - DEBUG - API response for market ru: {'data': [{'flight_number': '951', 'link': '/search/ALA0305MOW1?t=SU17462508001746302700000985ALANQZSVO_73b38b50537b37e0a08d715f8d6eba29_17079&search_date=02052025&expected_price_uuid=0b51350e-4c2c-4dc5-b9c3-ca84a458a102&expected_price_source=share&expected_price_currency=rub&expected_price=17079', 'origin_airport': 'ALA', 'destination_airport': 'SVO', 'departure_at': '2025-05-03T05:40:00+06:00', 'airline': 'KC', 'destination': 'MOW', 'origin': 'ALA', 'price': 17079, 'return_transfers': 0, 'duration': 985, 'duration_to': 325, 'duration_back': 0, 'transfers': 1}], 'currency': 'RUB', 'success': True}
2025-05-03 05:44:57,947 - DEBUG - Signature string: ba463465c90bfaee386337e7c62e8a35:currency=RUB:departure_at=2025-05-03:destination=MOW:direct=false:limit=100:market=kz:origin=ALA
2025-05-03 05:44:57,947 - DEBUG - Sending API request to https://api.travelpayouts.com/aviasales/v3/prices_for_dates with params: {'origin': 'ALA', 'destination': 'MOW', 'departure_at': '2025-05-03', 'currency': 'RUB', 'market': 'kz', 'limit': 100, 'direct': 'false', 'token': 'ba463465c90bfaee386337e7c62e8a35', 'signature': '7ce707f4255b3aa72a98a3f36338f064'}
2025-05-03 05:44:57,947 - DEBUG - Starting new HTTPS connection (1): api.travelpayouts.com:443
2025-05-03 05:44:58,343 - DEBUG - https://api.travelpayouts.com:443 "GET /aviasales/v3/prices_for_dates?origin=ALA&destination=MOW&departure_at=2025-05-03&currency=RUB&market=kz&limit=100&direct=false&token=ba463465c90bfaee386337e7c62e8a35&signature=7ce707f4255b3aa72a98a3f36338f064 HTTP/1.1" 200 385
2025-05-03 05:44:58,343 - DEBUG - API response for market kz: {'data': [{'flight_number': '951', 'link': '/search/ALA0305MOW1?t=SU17462508001746402900002655ALANQZSVO_ee276fb240fe0c317b9f507d6b971d66_19888&search_date=02052025&expected_price_uuid=e31a8a5d-8ccc-4da9-a224-28ccd361ec02&expected_price_source=share&expected_price_currency=rub&expected_price=19888', 'origin_airport': 'ALA', 'destination_airport': 'SVO', 'departure_at': '2025-05-03T05:40:00+06:00', 'airline': 'KC', 'destination': 'MOW', 'origin': 'ALA', 'price': 19888, 'return_transfers': 0, 'duration': 2655, 'duration_to': 340, 'duration_back': 0, 'transfers': 1}], 'currency': 'RUB', 'success': True}
2025-05-03 05:44:58,343 - DEBUG - Signature string: ba463465c90bfaee386337e7c62e8a35:currency=RUB:departure_at=2025-05-03:destination=MOW:direct=false:limit=100:market=us:origin=ALA
2025-05-03 05:44:58,343 - DEBUG - Sending API request to https://api.travelpayouts.com/aviasales/v3/prices_for_dates with params: {'origin': 'ALA', 'destination': 'MOW', 'departure_at': '2025-05-03', 'currency': 'RUB', 'market': 'us', 'limit': 100, 'direct': 'false', 'token': 'ba463465c90bfaee386337e7c62e8a35', 'signature': '99458d32b9636940d9290c6e296f55d3'}
2025-05-03 05:44:58,350 - DEBUG - Starting new HTTPS connection (1): api.travelpayouts.com:443
2025-05-03 05:44:59,093 - DEBUG - https://api.travelpayouts.com:443 "GET /aviasales/v3/prices_for_dates?origin=ALA&destination=MOW&departure_at=2025-05-03&currency=RUB&market=us&limit=100&direct=false&token=ba463465c90bfaee386337e7c62e8a35&signature=99458d32b9636940d9290c6e296f55d3 HTTP/1.1" 200 385
2025-05-03 05:44:59,093 - DEBUG - API response for market us: {'data': [{'flight_number': '951', 'link': '/search/ALA0305MOW1?t=SU17462508001746302700000985ALANQZSVO_73b38b50537b37e0a08d715f8d6eba29_17079&search_date=02052025&expected_price_uuid=0b51350e-4c2c-4dc5-b9c3-ca84a458a102&expected_price_source=share&expected_price_currency=rub&expected_price=17079', 'origin_airport': 'ALA', 'destination_airport': 'SVO', 'departure_at': '2025-05-03T05:40:00+06:00', 'airline': 'KC', 'destination': 'MOW', 'origin': 'ALA', 'price': 17079, 'return_transfers': 0, 'duration': 985, 'duration_to': 325, 'duration_back': 0, 'transfers': 1}], 'currency': 'RUB', 'success': True}
2025-05-03 05:44:59,093 - DEBUG - Processed 1 flights from API
2025-05-03 05:44:59,093 - DEBUG - Returning response: {'success': True, 'flights': [{'id': 1, 'airline': 'KC', 'departure': 'Алматы', 'destination': 'Москва', 'actual_destination': 'MOW', 'departure_time': '05:40', 'arrival_time': '00:00', 'class': 'economy', 'price': 17079.0, 'discount': 0, 'available_seats': 1, 'duration': '5ч 25м в пути', 'transfers': '1 пересадок', 'currency': 'RUB'}]}
2025-05-03 05:44:59,093 - DEBUG - Main execution completed
2025-05-03 05:52:00,954 - DEBUG - Starting main execution
2025-05-03 05:52:00,954 - DEBUG - Attempting to get user from session
2025-05-03 05:52:00,954 - DEBUG - User ID: None
2025-05-03 05:52:00,954 - DEBUG - Received form data: {'departure': 'Алматы', 'destination': 'Дубай', 'departure_date': '2025-05-03', 'return_date': '', 'passengers': '1', 'class': 'economy', 'user_id': '1'}
2025-05-03 05:52:00,954 - DEBUG - Request data validated: {'departure': 'Алматы', 'destination': 'Дубай', 'departure_date': '2025-05-03', 'return_date': '', 'passengers': '1', 'class': 'economy'}
2025-05-03 05:52:00,954 - DEBUG - Attempting to log search request: {'departure': 'Алматы', 'destination': 'Дубай', 'departure_date': '2025-05-03', 'return_date': '', 'passengers': '1', 'class': 'economy'}
2025-05-03 05:52:00,954 - DEBUG - Attempting to connect to database: C:\Apache24\htdocs\logs\flight_search.db
2025-05-03 05:52:00,954 - DEBUG - Connected to database, setting WAL mode
2025-05-03 05:52:00,958 - DEBUG - Journal mode set to: wal
2025-05-03 05:52:00,958 - WARNING - Attempt 1/3 failed to log search request due to: table search_requests has no column named class
2025-05-03 05:52:01,958 - DEBUG - Attempting to connect to database: C:\Apache24\htdocs\logs\flight_search.db
2025-05-03 05:52:01,958 - DEBUG - Connected to database, setting WAL mode
2025-05-03 05:52:01,958 - DEBUG - Journal mode set to: wal
2025-05-03 05:52:01,958 - WARNING - Attempt 2/3 failed to log search request due to: table search_requests has no column named class
2025-05-03 05:52:03,961 - DEBUG - Attempting to connect to database: C:\Apache24\htdocs\logs\flight_search.db
2025-05-03 05:52:03,961 - DEBUG - Connected to database, setting WAL mode
2025-05-03 05:52:03,961 - DEBUG - Journal mode set to: wal
2025-05-03 05:52:03,961 - WARNING - Attempt 3/3 failed to log search request due to: table search_requests has no column named class
2025-05-03 05:52:07,963 - ERROR - Max retries reached for logging search request. Skipping. Data: {'departure': 'Алматы', 'destination': 'Дубай', 'departure_date': '2025-05-03', 'return_date': '', 'passengers': '1', 'class': 'economy'}
2025-05-03 05:52:07,963 - DEBUG - Attempting to log audit: search_flight, {'departure': 'Алматы', 'destination': 'Дубай', 'departure_date': '2025-05-03', 'return_date': '', 'passengers': '1', 'class': 'economy'}
2025-05-03 05:52:07,963 - DEBUG - Attempting to connect to database: C:\Apache24\htdocs\logs\flight_search.db
2025-05-03 05:52:07,963 - DEBUG - Connected to database, setting WAL mode
2025-05-03 05:52:07,963 - DEBUG - Journal mode set to: wal
2025-05-03 05:52:07,963 - WARNING - Attempt 1/3 failed to log audit due to: no such table: audit_logs
2025-05-03 05:52:08,967 - DEBUG - Attempting to connect to database: C:\Apache24\htdocs\logs\flight_search.db
2025-05-03 05:52:08,968 - DEBUG - Connected to database, setting WAL mode
2025-05-03 05:52:08,968 - DEBUG - Journal mode set to: wal
2025-05-03 05:52:08,968 - WARNING - Attempt 2/3 failed to log audit due to: no such table: audit_logs
2025-05-03 05:52:10,970 - DEBUG - Attempting to connect to database: C:\Apache24\htdocs\logs\flight_search.db
2025-05-03 05:52:10,970 - DEBUG - Connected to database, setting WAL mode
2025-05-03 05:52:10,970 - DEBUG - Journal mode set to: wal
2025-05-03 05:52:10,970 - WARNING - Attempt 3/3 failed to log audit due to: no such table: audit_logs
2025-05-03 05:52:14,972 - ERROR - Max retries reached for logging audit. Skipping. Details: {'departure': 'Алматы', 'destination': 'Дубай', 'departure_date': '2025-05-03', 'return_date': '', 'passengers': '1', 'class': 'economy'}
2025-05-03 05:52:14,972 - DEBUG - Searching flights via API: departure=Алматы, destination=Дубай, date=2025-05-03, class=economy, passengers=1
2025-05-03 05:52:14,973 - DEBUG - Signature string: ba463465c90bfaee386337e7c62e8a35:currency=RUB:departure_at=2025-05-03:destination=DXB:direct=false:limit=100:market=ru:origin=ALA
2025-05-03 05:52:14,973 - DEBUG - Sending API request to https://api.travelpayouts.com/aviasales/v3/prices_for_dates with params: {'origin': 'ALA', 'destination': 'DXB', 'departure_at': '2025-05-03', 'currency': 'RUB', 'market': 'ru', 'limit': 100, 'direct': 'false', 'token': 'ba463465c90bfaee386337e7c62e8a35', 'signature': '7ad81da58faceb5ccf189080c6695a28'}
2025-05-03 05:52:14,973 - DEBUG - Starting new HTTPS connection (1): api.travelpayouts.com:443
2025-05-03 05:52:17,015 - DEBUG - https://api.travelpayouts.com:443 "GET /aviasales/v3/prices_for_dates?origin=ALA&destination=DXB&departure_at=2025-05-03&currency=RUB&market=ru&limit=100&direct=false&token=ba463465c90bfaee386337e7c62e8a35&signature=7ad81da58faceb5ccf189080c6695a28 HTTP/1.1" 200 43
2025-05-03 05:52:17,015 - DEBUG - API response for market ru: {'data': [], 'currency': 'RUB', 'success': True}
2025-05-03 05:52:17,015 - DEBUG - Signature string: ba463465c90bfaee386337e7c62e8a35:currency=RUB:departure_at=2025-05-03:destination=DXB:direct=false:limit=100:market=kz:origin=ALA
2025-05-03 05:52:17,015 - DEBUG - Sending API request to https://api.travelpayouts.com/aviasales/v3/prices_for_dates with params: {'origin': 'ALA', 'destination': 'DXB', 'departure_at': '2025-05-03', 'currency': 'RUB', 'market': 'kz', 'limit': 100, 'direct': 'false', 'token': 'ba463465c90bfaee386337e7c62e8a35', 'signature': 'd239e92c2d9fe666976452d1f2873abc'}
2025-05-03 05:52:17,015 - DEBUG - Starting new HTTPS connection (1): api.travelpayouts.com:443
2025-05-03 05:52:17,417 - DEBUG - https://api.travelpayouts.com:443 "GET /aviasales/v3/prices_for_dates?origin=ALA&destination=DXB&departure_at=2025-05-03&currency=RUB&market=kz&limit=100&direct=false&token=ba463465c90bfaee386337e7c62e8a35&signature=d239e92c2d9fe666976452d1f2873abc HTTP/1.1" 200 366
2025-05-03 05:52:17,422 - DEBUG - API response for market kz: {'data': [{'flight_number': '252', 'link': '/search/ALA0305SHJ1?t=G917462880001746300600000270ALASHJ_edfada2b7466ae6fab8466cdad13d915_23109&search_date=02052025&expected_price_uuid=3dca0657-86a6-4806-b8c9-b1a721979200&expected_price_source=share&expected_price_currency=rub&expected_price=23109', 'origin_airport': 'ALA', 'destination_airport': 'SHJ', 'departure_at': '2025-05-03T16:00:00+06:00', 'airline': 'G9', 'destination': 'SHJ', 'origin': 'ALA', 'price': 23109, 'return_transfers': 0, 'duration': 270, 'duration_to': 270, 'duration_back': 0, 'transfers': 0}], 'currency': 'RUB', 'success': True}
2025-05-03 05:52:17,423 - INFO - Alternative destination returned: SHJ instead of DXB
2025-05-03 05:52:17,424 - DEBUG - Signature string: ba463465c90bfaee386337e7c62e8a35:currency=RUB:departure_at=2025-05-03:destination=DXB:direct=false:limit=100:market=us:origin=ALA
2025-05-03 05:52:17,424 - DEBUG - Sending API request to https://api.travelpayouts.com/aviasales/v3/prices_for_dates with params: {'origin': 'ALA', 'destination': 'DXB', 'departure_at': '2025-05-03', 'currency': 'RUB', 'market': 'us', 'limit': 100, 'direct': 'false', 'token': 'ba463465c90bfaee386337e7c62e8a35', 'signature': 'e71275e914b337b5be9e383adc56c71f'}
2025-05-03 05:52:17,424 - DEBUG - Starting new HTTPS connection (1): api.travelpayouts.com:443
2025-05-03 05:52:17,819 - DEBUG - https://api.travelpayouts.com:443 "GET /aviasales/v3/prices_for_dates?origin=ALA&destination=DXB&departure_at=2025-05-03&currency=RUB&market=us&limit=100&direct=false&token=ba463465c90bfaee386337e7c62e8a35&signature=e71275e914b337b5be9e383adc56c71f HTTP/1.1" 200 366
2025-05-03 05:52:17,827 - DEBUG - API response for market us: {'data': [{'flight_number': '252', 'link': '/search/ALA0305SHJ1?t=G917462880001746300600000270ALASHJ_edfada2b7466ae6fab8466cdad13d915_23109&search_date=02052025&expected_price_uuid=3dca0657-86a6-4806-b8c9-b1a721979200&expected_price_source=share&expected_price_currency=rub&expected_price=23109', 'origin_airport': 'ALA', 'destination_airport': 'SHJ', 'departure_at': '2025-05-03T16:00:00+06:00', 'airline': 'G9', 'destination': 'SHJ', 'origin': 'ALA', 'price': 23109, 'return_transfers': 0, 'duration': 270, 'duration_to': 270, 'duration_back': 0, 'transfers': 0}], 'currency': 'RUB', 'success': True}
2025-05-03 05:52:17,827 - DEBUG - Processed 1 flights from API
2025-05-03 05:52:17,827 - DEBUG - Returning response: {'success': True, 'flights': [{'id': 1, 'airline': 'G9', 'departure': 'Алматы', 'destination': 'Дубай', 'actual_destination': 'SHJ', 'departure_time': '16:00', 'arrival_time': '00:00', 'class': 'economy', 'price': 23109.0, 'discount': 0, 'available_seats': 1, 'duration': '4ч 30м в пути', 'transfers': 'прямой', 'currency': 'RUB'}]}
2025-05-03 05:52:17,827 - DEBUG - Main execution completed
2025-05-03 06:10:41,472 - DEBUG - Starting main execution
2025-05-03 06:10:41,472 - DEBUG - Attempting to get user from session
2025-05-03 06:10:41,472 - DEBUG - User ID: None
2025-05-03 06:10:41,472 - DEBUG - Received form data: {'departure': 'Алматы', 'destination': 'Дубай', 'departure_date': '2025-05-03', 'return_date': '', 'passengers': '1', 'class': 'economy', 'user_id': '1'}
2025-05-03 06:10:41,472 - DEBUG - Request data validated: {'departure': 'Алматы', 'destination': 'Дубай', 'departure_date': '2025-05-03', 'return_date': '', 'passengers': '1', 'class': 'economy'}
2025-05-03 06:10:41,472 - DEBUG - Attempting to log search request: {'departure': 'Алматы', 'destination': 'Дубай', 'departure_date': '2025-05-03', 'return_date': '', 'passengers': '1', 'class': 'economy'}
2025-05-03 06:10:41,472 - DEBUG - Attempting to connect to database: C:\Apache24\htdocs\logs\flight_search.db
2025-05-03 06:10:41,472 - DEBUG - Connected to database, setting WAL mode
2025-05-03 06:10:41,472 - DEBUG - Journal mode set to: wal
2025-05-03 06:10:41,472 - WARNING - Attempt 1/3 failed to log search request due to: table search_requests has no column named class
2025-05-03 06:10:42,478 - DEBUG - Attempting to connect to database: C:\Apache24\htdocs\logs\flight_search.db
2025-05-03 06:10:42,479 - DEBUG - Connected to database, setting WAL mode
2025-05-03 06:10:42,479 - DEBUG - Journal mode set to: wal
2025-05-03 06:10:42,479 - WARNING - Attempt 2/3 failed to log search request due to: table search_requests has no column named class
2025-05-03 06:10:44,481 - DEBUG - Attempting to connect to database: C:\Apache24\htdocs\logs\flight_search.db
2025-05-03 06:10:44,481 - DEBUG - Connected to database, setting WAL mode
2025-05-03 06:10:44,481 - DEBUG - Journal mode set to: wal
2025-05-03 06:10:44,481 - WARNING - Attempt 3/3 failed to log search request due to: table search_requests has no column named class
2025-05-03 06:10:48,485 - ERROR - Max retries reached for logging search request. Skipping. Data: {'departure': 'Алматы', 'destination': 'Дубай', 'departure_date': '2025-05-03', 'return_date': '', 'passengers': '1', 'class': 'economy'}
2025-05-03 06:10:48,485 - DEBUG - Attempting to log audit: search_flight, {'departure': 'Алматы', 'destination': 'Дубай', 'departure_date': '2025-05-03', 'return_date': '', 'passengers': '1', 'class': 'economy'}
2025-05-03 06:10:48,485 - DEBUG - Attempting to connect to database: C:\Apache24\htdocs\logs\flight_search.db
2025-05-03 06:10:48,485 - DEBUG - Connected to database, setting WAL mode
2025-05-03 06:10:48,485 - DEBUG - Journal mode set to: wal
2025-05-03 06:10:48,485 - WARNING - Attempt 1/3 failed to log audit due to: no such table: audit_logs
2025-05-03 06:10:49,488 - DEBUG - Attempting to connect to database: C:\Apache24\htdocs\logs\flight_search.db
2025-05-03 06:10:49,488 - DEBUG - Connected to database, setting WAL mode
2025-05-03 06:10:49,488 - DEBUG - Journal mode set to: wal
2025-05-03 06:10:49,488 - WARNING - Attempt 2/3 failed to log audit due to: no such table: audit_logs
2025-05-03 06:10:51,490 - DEBUG - Attempting to connect to database: C:\Apache24\htdocs\logs\flight_search.db
2025-05-03 06:10:51,490 - DEBUG - Connected to database, setting WAL mode
2025-05-03 06:10:51,490 - DEBUG - Journal mode set to: wal
2025-05-03 06:10:51,490 - WARNING - Attempt 3/3 failed to log audit due to: no such table: audit_logs
2025-05-03 06:10:55,492 - ERROR - Max retries reached for logging audit. Skipping. Details: {'departure': 'Алматы', 'destination': 'Дубай', 'departure_date': '2025-05-03', 'return_date': '', 'passengers': '1', 'class': 'economy'}
2025-05-03 06:10:55,492 - DEBUG - Searching flights via API: departure=Алматы, destination=Дубай, date=2025-05-03, class=economy, passengers=1
2025-05-03 06:10:55,492 - DEBUG - Signature string: ba463465c90bfaee386337e7c62e8a35:currency=RUB:departure_at=2025-05-03:destination=DXB:direct=false:limit=100:market=ru:origin=ALA
2025-05-03 06:10:55,492 - DEBUG - Sending API request to https://api.travelpayouts.com/aviasales/v3/prices_for_dates with params: {'origin': 'ALA', 'destination': 'DXB', 'departure_at': '2025-05-03', 'currency': 'RUB', 'market': 'ru', 'limit': 100, 'direct': 'false', 'token': 'ba463465c90bfaee386337e7c62e8a35', 'signature': '7ad81da58faceb5ccf189080c6695a28'}
2025-05-03 06:10:55,497 - DEBUG - Starting new HTTPS connection (1): api.travelpayouts.com:443
2025-05-03 06:10:55,956 - DEBUG - https://api.travelpayouts.com:443 "GET /aviasales/v3/prices_for_dates?origin=ALA&destination=DXB&departure_at=2025-05-03&currency=RUB&market=ru&limit=100&direct=false&token=ba463465c90bfaee386337e7c62e8a35&signature=7ad81da58faceb5ccf189080c6695a28 HTTP/1.1" 200 43
2025-05-03 06:10:55,956 - DEBUG - API response for market ru: {'data': [], 'currency': 'RUB', 'success': True}
2025-05-03 06:10:55,956 - DEBUG - Signature string: ba463465c90bfaee386337e7c62e8a35:currency=RUB:departure_at=2025-05-03:destination=DXB:direct=false:limit=100:market=kz:origin=ALA
2025-05-03 06:10:55,956 - DEBUG - Sending API request to https://api.travelpayouts.com/aviasales/v3/prices_for_dates with params: {'origin': 'ALA', 'destination': 'DXB', 'departure_at': '2025-05-03', 'currency': 'RUB', 'market': 'kz', 'limit': 100, 'direct': 'false', 'token': 'ba463465c90bfaee386337e7c62e8a35', 'signature': 'd239e92c2d9fe666976452d1f2873abc'}
2025-05-03 06:10:55,956 - DEBUG - Starting new HTTPS connection (1): api.travelpayouts.com:443
2025-05-03 06:10:56,351 - DEBUG - https://api.travelpayouts.com:443 "GET /aviasales/v3/prices_for_dates?origin=ALA&destination=DXB&departure_at=2025-05-03&currency=RUB&market=kz&limit=100&direct=false&token=ba463465c90bfaee386337e7c62e8a35&signature=d239e92c2d9fe666976452d1f2873abc HTTP/1.1" 200 366
2025-05-03 06:10:56,351 - DEBUG - API response for market kz: {'data': [{'flight_number': '252', 'link': '/search/ALA0305SHJ1?t=G917462880001746300600000270ALASHJ_edfada2b7466ae6fab8466cdad13d915_23109&search_date=02052025&expected_price_uuid=3dca0657-86a6-4806-b8c9-b1a721979200&expected_price_source=share&expected_price_currency=rub&expected_price=23109', 'origin_airport': 'ALA', 'destination_airport': 'SHJ', 'departure_at': '2025-05-03T16:00:00+06:00', 'airline': 'G9', 'destination': 'SHJ', 'origin': 'ALA', 'price': 23109, 'return_transfers': 0, 'duration': 270, 'duration_to': 270, 'duration_back': 0, 'transfers': 0}], 'currency': 'RUB', 'success': True}
2025-05-03 06:10:56,351 - INFO - Alternative destination returned: SHJ instead of DXB
2025-05-03 06:10:56,351 - DEBUG - Signature string: ba463465c90bfaee386337e7c62e8a35:currency=RUB:departure_at=2025-05-03:destination=DXB:direct=false:limit=100:market=us:origin=ALA
2025-05-03 06:10:56,351 - DEBUG - Sending API request to https://api.travelpayouts.com/aviasales/v3/prices_for_dates with params: {'origin': 'ALA', 'destination': 'DXB', 'departure_at': '2025-05-03', 'currency': 'RUB', 'market': 'us', 'limit': 100, 'direct': 'false', 'token': 'ba463465c90bfaee386337e7c62e8a35', 'signature': 'e71275e914b337b5be9e383adc56c71f'}
2025-05-03 06:10:56,351 - DEBUG - Starting new HTTPS connection (1): api.travelpayouts.com:443
2025-05-03 06:10:56,754 - DEBUG - https://api.travelpayouts.com:443 "GET /aviasales/v3/prices_for_dates?origin=ALA&destination=DXB&departure_at=2025-05-03&currency=RUB&market=us&limit=100&direct=false&token=ba463465c90bfaee386337e7c62e8a35&signature=e71275e914b337b5be9e383adc56c71f HTTP/1.1" 200 366
2025-05-03 06:10:56,754 - DEBUG - API response for market us: {'data': [{'flight_number': '252', 'link': '/search/ALA0305SHJ1?t=G917462880001746300600000270ALASHJ_edfada2b7466ae6fab8466cdad13d915_23109&search_date=02052025&expected_price_uuid=3dca0657-86a6-4806-b8c9-b1a721979200&expected_price_source=share&expected_price_currency=rub&expected_price=23109', 'origin_airport': 'ALA', 'destination_airport': 'SHJ', 'departure_at': '2025-05-03T16:00:00+06:00', 'airline': 'G9', 'destination': 'SHJ', 'origin': 'ALA', 'price': 23109, 'return_transfers': 0, 'duration': 270, 'duration_to': 270, 'duration_back': 0, 'transfers': 0}], 'currency': 'RUB', 'success': True}
2025-05-03 06:10:56,754 - DEBUG - Processed 1 flights from API
2025-05-03 06:10:56,754 - DEBUG - Returning response: {'success': True, 'flights': [{'id': 1, 'airline': 'G9', 'departure': 'Алматы', 'destination': 'Дубай', 'actual_destination': 'SHJ', 'departure_time': '16:00', 'arrival_time': '00:00', 'class': 'economy', 'price': 23109.0, 'discount': 0, 'available_seats': 1, 'duration': '4ч 30м в пути', 'transfers': 'прямой', 'currency': 'RUB'}]}
2025-05-03 06:10:56,754 - DEBUG - Main execution completed
2025-05-03 06:11:29,531 - DEBUG - Starting main execution
2025-05-03 06:11:29,531 - DEBUG - Attempting to get user from session
2025-05-03 06:11:29,531 - DEBUG - User ID: None
2025-05-03 06:11:29,531 - DEBUG - Received form data: {'departure': 'Алматы', 'destination': 'Москва', 'departure_date': '2025-05-04', 'return_date': '', 'passengers': '1', 'class': 'economy', 'user_id': '1'}
2025-05-03 06:11:29,531 - DEBUG - Request data validated: {'departure': 'Алматы', 'destination': 'Москва', 'departure_date': '2025-05-04', 'return_date': '', 'passengers': '1', 'class': 'economy'}
2025-05-03 06:11:29,531 - DEBUG - Attempting to log search request: {'departure': 'Алматы', 'destination': 'Москва', 'departure_date': '2025-05-04', 'return_date': '', 'passengers': '1', 'class': 'economy'}
2025-05-03 06:11:29,531 - DEBUG - Attempting to connect to database: C:\Apache24\htdocs\logs\flight_search.db
2025-05-03 06:11:29,531 - DEBUG - Connected to database, setting WAL mode
2025-05-03 06:11:29,531 - DEBUG - Journal mode set to: wal
2025-05-03 06:11:29,531 - WARNING - Attempt 1/3 failed to log search request due to: table search_requests has no column named class
2025-05-03 06:11:30,536 - DEBUG - Attempting to connect to database: C:\Apache24\htdocs\logs\flight_search.db
2025-05-03 06:11:30,536 - DEBUG - Connected to database, setting WAL mode
2025-05-03 06:11:30,536 - DEBUG - Journal mode set to: wal
2025-05-03 06:11:30,536 - WARNING - Attempt 2/3 failed to log search request due to: table search_requests has no column named class
2025-05-03 06:11:32,537 - DEBUG - Attempting to connect to database: C:\Apache24\htdocs\logs\flight_search.db
2025-05-03 06:11:32,538 - DEBUG - Connected to database, setting WAL mode
2025-05-03 06:11:32,539 - DEBUG - Journal mode set to: wal
2025-05-03 06:11:32,539 - WARNING - Attempt 3/3 failed to log search request due to: table search_requests has no column named class
2025-05-03 06:11:36,541 - ERROR - Max retries reached for logging search request. Skipping. Data: {'departure': 'Алматы', 'destination': 'Москва', 'departure_date': '2025-05-04', 'return_date': '', 'passengers': '1', 'class': 'economy'}
2025-05-03 06:11:36,541 - DEBUG - Attempting to log audit: search_flight, {'departure': 'Алматы', 'destination': 'Москва', 'departure_date': '2025-05-04', 'return_date': '', 'passengers': '1', 'class': 'economy'}
2025-05-03 06:11:36,541 - DEBUG - Attempting to connect to database: C:\Apache24\htdocs\logs\flight_search.db
2025-05-03 06:11:36,541 - DEBUG - Connected to database, setting WAL mode
2025-05-03 06:11:36,541 - DEBUG - Journal mode set to: wal
2025-05-03 06:11:36,541 - WARNING - Attempt 1/3 failed to log audit due to: no such table: audit_logs
2025-05-03 06:11:37,543 - DEBUG - Attempting to connect to database: C:\Apache24\htdocs\logs\flight_search.db
2025-05-03 06:11:37,543 - DEBUG - Connected to database, setting WAL mode
2025-05-03 06:11:37,543 - DEBUG - Journal mode set to: wal
2025-05-03 06:11:37,543 - WARNING - Attempt 2/3 failed to log audit due to: no such table: audit_logs
2025-05-03 06:11:39,544 - DEBUG - Attempting to connect to database: C:\Apache24\htdocs\logs\flight_search.db
2025-05-03 06:11:39,544 - DEBUG - Connected to database, setting WAL mode
2025-05-03 06:11:39,544 - DEBUG - Journal mode set to: wal
2025-05-03 06:11:39,544 - WARNING - Attempt 3/3 failed to log audit due to: no such table: audit_logs
2025-05-03 06:11:43,546 - ERROR - Max retries reached for logging audit. Skipping. Details: {'departure': 'Алматы', 'destination': 'Москва', 'departure_date': '2025-05-04', 'return_date': '', 'passengers': '1', 'class': 'economy'}
2025-05-03 06:11:43,546 - DEBUG - Searching flights via API: departure=Алматы, destination=Москва, date=2025-05-04, class=economy, passengers=1
2025-05-03 06:11:43,546 - DEBUG - Signature string: ba463465c90bfaee386337e7c62e8a35:currency=RUB:departure_at=2025-05-04:destination=MOW:direct=false:limit=100:market=ru:origin=ALA
2025-05-03 06:11:43,546 - DEBUG - Sending API request to https://api.travelpayouts.com/aviasales/v3/prices_for_dates with params: {'origin': 'ALA', 'destination': 'MOW', 'departure_at': '2025-05-04', 'currency': 'RUB', 'market': 'ru', 'limit': 100, 'direct': 'false', 'token': 'ba463465c90bfaee386337e7c62e8a35', 'signature': '12a833a0fb26d6024ed8d9bead75c0ce'}
2025-05-03 06:11:43,546 - DEBUG - Starting new HTTPS connection (1): api.travelpayouts.com:443
2025-05-03 06:11:43,932 - DEBUG - https://api.travelpayouts.com:443 "GET /aviasales/v3/prices_for_dates?origin=ALA&destination=MOW&departure_at=2025-05-04&currency=RUB&market=ru&limit=100&direct=false&token=ba463465c90bfaee386337e7c62e8a35&signature=12a833a0fb26d6024ed8d9bead75c0ce HTTP/1.1" 200 385
2025-05-03 06:11:43,932 - DEBUG - API response for market ru: {'data': [{'flight_number': '703', 'link': '/search/ALA0405MOW1?t=SU17463360001746402900001235ALANQZSVO_b6fdcc18f812559e3a87deffe0a7d6a7_19984&search_date=03052025&expected_price_uuid=c5465b63-9c9b-4a74-94b3-60b6c1184a00&expected_price_source=share&expected_price_currency=rub&expected_price=19984', 'origin_airport': 'ALA', 'destination_airport': 'SVO', 'departure_at': '2025-05-04T05:20:00+06:00', 'airline': 'DV', 'destination': 'MOW', 'origin': 'ALA', 'price': 19984, 'return_transfers': 0, 'duration': 1235, 'duration_to': 355, 'duration_back': 0, 'transfers': 1}], 'currency': 'RUB', 'success': True}
2025-05-03 06:11:43,932 - DEBUG - Signature string: ba463465c90bfaee386337e7c62e8a35:currency=RUB:departure_at=2025-05-04:destination=MOW:direct=false:limit=100:market=kz:origin=ALA
2025-05-03 06:11:43,932 - DEBUG - Sending API request to https://api.travelpayouts.com/aviasales/v3/prices_for_dates with params: {'origin': 'ALA', 'destination': 'MOW', 'departure_at': '2025-05-04', 'currency': 'RUB', 'market': 'kz', 'limit': 100, 'direct': 'false', 'token': 'ba463465c90bfaee386337e7c62e8a35', 'signature': 'e46b4c31db9c373967c9b850803de26b'}
2025-05-03 06:11:43,932 - DEBUG - Starting new HTTPS connection (1): api.travelpayouts.com:443
2025-05-03 06:11:44,327 - DEBUG - https://api.travelpayouts.com:443 "GET /aviasales/v3/prices_for_dates?origin=ALA&destination=MOW&departure_at=2025-05-04&currency=RUB&market=kz&limit=100&direct=false&token=ba463465c90bfaee386337e7c62e8a35&signature=e46b4c31db9c373967c9b850803de26b HTTP/1.1" 200 388
2025-05-03 06:11:44,327 - DEBUG - API response for market kz: {'data': [{'flight_number': '703', 'link': '/search/ALA0405MOW1?t=SU17463360001746402900001235ALANQZSVO_b6fdcc18f812559e3a87deffe0a7d6a7_23453&search_date=02052025&expected_price_uuid=4eb7e11d-a74b-4ed2-a2b9-7bccbbe77c03&expected_price_source=share&expected_price_currency=rub&expected_price=23453', 'origin_airport': 'ALA', 'destination_airport': 'SVO', 'departure_at': '2025-05-04T05:20:00+06:00', 'airline': 'DV', 'destination': 'MOW', 'origin': 'ALA', 'price': 23453, 'return_transfers': 0, 'duration': 1235, 'duration_to': 355, 'duration_back': 0, 'transfers': 1}], 'currency': 'RUB', 'success': True}
2025-05-03 06:11:44,327 - DEBUG - Signature string: ba463465c90bfaee386337e7c62e8a35:currency=RUB:departure_at=2025-05-04:destination=MOW:direct=false:limit=100:market=us:origin=ALA
2025-05-03 06:11:44,327 - DEBUG - Sending API request to https://api.travelpayouts.com/aviasales/v3/prices_for_dates with params: {'origin': 'ALA', 'destination': 'MOW', 'departure_at': '2025-05-04', 'currency': 'RUB', 'market': 'us', 'limit': 100, 'direct': 'false', 'token': 'ba463465c90bfaee386337e7c62e8a35', 'signature': '9b2bdde0be6581208faa624458c793f4'}
2025-05-03 06:11:44,327 - DEBUG - Starting new HTTPS connection (1): api.travelpayouts.com:443
2025-05-03 06:11:44,723 - DEBUG - https://api.travelpayouts.com:443 "GET /aviasales/v3/prices_for_dates?origin=ALA&destination=MOW&departure_at=2025-05-04&currency=RUB&market=us&limit=100&direct=false&token=ba463465c90bfaee386337e7c62e8a35&signature=9b2bdde0be6581208faa624458c793f4 HTTP/1.1" 200 385
2025-05-03 06:11:44,723 - DEBUG - API response for market us: {'data': [{'flight_number': '703', 'link': '/search/ALA0405MOW1?t=SU17463360001746402900001235ALANQZSVO_b6fdcc18f812559e3a87deffe0a7d6a7_19984&search_date=03052025&expected_price_uuid=c5465b63-9c9b-4a74-94b3-60b6c1184a00&expected_price_source=share&expected_price_currency=rub&expected_price=19984', 'origin_airport': 'ALA', 'destination_airport': 'SVO', 'departure_at': '2025-05-04T05:20:00+06:00', 'airline': 'DV', 'destination': 'MOW', 'origin': 'ALA', 'price': 19984, 'return_transfers': 0, 'duration': 1235, 'duration_to': 355, 'duration_back': 0, 'transfers': 1}], 'currency': 'RUB', 'success': True}
2025-05-03 06:11:44,723 - DEBUG - Processed 1 flights from API
2025-05-03 06:11:44,723 - DEBUG - Returning response: {'success': True, 'flights': [{'id': 1, 'airline': 'DV', 'departure': 'Алматы', 'destination': 'Москва', 'actual_destination': 'MOW', 'departure_time': '05:20', 'arrival_time': '00:00', 'class': 'economy', 'price': 19984.0, 'discount': 0, 'available_seats': 1, 'duration': '5ч 55м в пути', 'transfers': '1 пересадок', 'currency': 'RUB'}]}
2025-05-03 06:11:44,723 - DEBUG - Main execution completed
2025-05-03 06:12:01,810 - DEBUG - Starting main execution
2025-05-03 06:12:01,810 - DEBUG - Attempting to get user from session
2025-05-03 06:12:01,810 - DEBUG - User ID: None
2025-05-03 06:12:01,810 - DEBUG - Received form data: {'departure': 'Алматы', 'destination': 'Атырау', 'departure_date': '2025-05-04', 'return_date': '', 'passengers': '1', 'class': 'economy', 'user_id': '1'}
2025-05-03 06:12:01,810 - DEBUG - Request data validated: {'departure': 'Алматы', 'destination': 'Атырау', 'departure_date': '2025-05-04', 'return_date': '', 'passengers': '1', 'class': 'economy'}
2025-05-03 06:12:01,810 - DEBUG - Attempting to log search request: {'departure': 'Алматы', 'destination': 'Атырау', 'departure_date': '2025-05-04', 'return_date': '', 'passengers': '1', 'class': 'economy'}
2025-05-03 06:12:01,810 - DEBUG - Attempting to connect to database: C:\Apache24\htdocs\logs\flight_search.db
2025-05-03 06:12:01,817 - DEBUG - Connected to database, setting WAL mode
2025-05-03 06:12:01,817 - DEBUG - Journal mode set to: wal
2025-05-03 06:12:01,817 - WARNING - Attempt 1/3 failed to log search request due to: table search_requests has no column named class
2025-05-03 06:12:02,818 - DEBUG - Attempting to connect to database: C:\Apache24\htdocs\logs\flight_search.db
2025-05-03 06:12:02,818 - DEBUG - Connected to database, setting WAL mode
2025-05-03 06:12:02,819 - DEBUG - Journal mode set to: wal
2025-05-03 06:12:02,819 - WARNING - Attempt 2/3 failed to log search request due to: table search_requests has no column named class
2025-05-03 06:12:04,820 - DEBUG - Attempting to connect to database: C:\Apache24\htdocs\logs\flight_search.db
2025-05-03 06:12:04,820 - DEBUG - Connected to database, setting WAL mode
2025-05-03 06:12:04,820 - DEBUG - Journal mode set to: wal
2025-05-03 06:12:04,820 - WARNING - Attempt 3/3 failed to log search request due to: table search_requests has no column named class
2025-05-03 06:12:08,821 - ERROR - Max retries reached for logging search request. Skipping. Data: {'departure': 'Алматы', 'destination': 'Атырау', 'departure_date': '2025-05-04', 'return_date': '', 'passengers': '1', 'class': 'economy'}
2025-05-03 06:12:08,821 - DEBUG - Attempting to log audit: search_flight, {'departure': 'Алматы', 'destination': 'Атырау', 'departure_date': '2025-05-04', 'return_date': '', 'passengers': '1', 'class': 'economy'}
2025-05-03 06:12:08,821 - DEBUG - Attempting to connect to database: C:\Apache24\htdocs\logs\flight_search.db
2025-05-03 06:12:08,821 - DEBUG - Connected to database, setting WAL mode
2025-05-03 06:12:08,822 - DEBUG - Journal mode set to: wal
2025-05-03 06:12:08,822 - WARNING - Attempt 1/3 failed to log audit due to: no such table: audit_logs
2025-05-03 06:12:09,823 - DEBUG - Attempting to connect to database: C:\Apache24\htdocs\logs\flight_search.db
2025-05-03 06:12:09,823 - DEBUG - Connected to database, setting WAL mode
2025-05-03 06:12:09,823 - DEBUG - Journal mode set to: wal
2025-05-03 06:12:09,823 - WARNING - Attempt 2/3 failed to log audit due to: no such table: audit_logs
2025-05-03 06:12:11,825 - DEBUG - Attempting to connect to database: C:\Apache24\htdocs\logs\flight_search.db
2025-05-03 06:12:11,825 - DEBUG - Connected to database, setting WAL mode
2025-05-03 06:12:11,825 - DEBUG - Journal mode set to: wal
2025-05-03 06:12:11,825 - WARNING - Attempt 3/3 failed to log audit due to: no such table: audit_logs
2025-05-03 06:12:15,826 - ERROR - Max retries reached for logging audit. Skipping. Details: {'departure': 'Алматы', 'destination': 'Атырау', 'departure_date': '2025-05-04', 'return_date': '', 'passengers': '1', 'class': 'economy'}
2025-05-03 06:12:15,826 - DEBUG - Searching flights via API: departure=Алматы, destination=Атырау, date=2025-05-04, class=economy, passengers=1
2025-05-03 06:12:15,826 - DEBUG - Signature string: ba463465c90bfaee386337e7c62e8a35:currency=RUB:departure_at=2025-05-04:destination=GUW:direct=false:limit=100:market=ru:origin=ALA
2025-05-03 06:12:15,826 - DEBUG - Sending API request to https://api.travelpayouts.com/aviasales/v3/prices_for_dates with params: {'origin': 'ALA', 'destination': 'GUW', 'departure_at': '2025-05-04', 'currency': 'RUB', 'market': 'ru', 'limit': 100, 'direct': 'false', 'token': 'ba463465c90bfaee386337e7c62e8a35', 'signature': 'bcde4def723a665e5ce165cc18f89b6e'}
2025-05-03 06:12:15,832 - DEBUG - Starting new HTTPS connection (1): api.travelpayouts.com:443
2025-05-03 06:12:17,891 - DEBUG - https://api.travelpayouts.com:443 "GET /aviasales/v3/prices_for_dates?origin=ALA&destination=GUW&departure_at=2025-05-04&currency=RUB&market=ru&limit=100&direct=false&token=ba463465c90bfaee386337e7c62e8a35&signature=bcde4def723a665e5ce165cc18f89b6e HTTP/1.1" 200 373
2025-05-03 06:12:17,891 - DEBUG - API response for market ru: {'data': [{'flight_number': '769', 'link': '/search/ALA0405GUW1?t=DV17463495001746360900000190ALAGUW_41cba24fe0e42603add390759cbdbbf5_6895&search_date=01052025&expected_price_uuid=bd7e6d56-60d6-4d1b-84ae-891a76a0da02&expected_price_source=share&expected_price_currency=rub&expected_price=6926', 'origin_airport': 'ALA', 'destination_airport': 'GUW', 'departure_at': '2025-05-04T09:05:00+06:00', 'airline': 'DV', 'destination': 'GUW', 'origin': 'ALA', 'price': 6926, 'return_transfers': 0, 'duration': 190, 'duration_to': 190, 'duration_back': 0, 'transfers': 0}], 'currency': 'RUB', 'success': True}
2025-05-03 06:12:17,896 - DEBUG - Signature string: ba463465c90bfaee386337e7c62e8a35:currency=RUB:departure_at=2025-05-04:destination=GUW:direct=false:limit=100:market=kz:origin=ALA
2025-05-03 06:12:17,896 - DEBUG - Sending API request to https://api.travelpayouts.com/aviasales/v3/prices_for_dates with params: {'origin': 'ALA', 'destination': 'GUW', 'departure_at': '2025-05-04', 'currency': 'RUB', 'market': 'kz', 'limit': 100, 'direct': 'false', 'token': 'ba463465c90bfaee386337e7c62e8a35', 'signature': 'c96953107879a5a34d3747a719f4e42e'}
2025-05-03 06:12:17,896 - DEBUG - Starting new HTTPS connection (1): api.travelpayouts.com:443
2025-05-03 06:12:18,615 - DEBUG - https://api.travelpayouts.com:443 "GET /aviasales/v3/prices_for_dates?origin=ALA&destination=GUW&departure_at=2025-05-04&currency=RUB&market=kz&limit=100&direct=false&token=ba463465c90bfaee386337e7c62e8a35&signature=c96953107879a5a34d3747a719f4e42e HTTP/1.1" 200 369
2025-05-03 06:12:18,615 - DEBUG - API response for market kz: {'data': [{'flight_number': '769', 'link': '/search/ALA0405GUW1?t=DV17463495001746360900000190ALAGUW_41cba24fe0e42603add390759cbdbbf5_9277&search_date=02052025&expected_price_uuid=b530e67a-d66b-416b-a5a5-b3a9fd85cf01&expected_price_source=share&expected_price_currency=rub&expected_price=9277', 'origin_airport': 'ALA', 'destination_airport': 'GUW', 'departure_at': '2025-05-04T09:05:00+06:00', 'airline': 'DV', 'destination': 'GUW', 'origin': 'ALA', 'price': 9277, 'return_transfers': 0, 'duration': 190, 'duration_to': 190, 'duration_back': 0, 'transfers': 0}], 'currency': 'RUB', 'success': True}
2025-05-03 06:12:18,616 - DEBUG - Signature string: ba463465c90bfaee386337e7c62e8a35:currency=RUB:departure_at=2025-05-04:destination=GUW:direct=false:limit=100:market=us:origin=ALA
2025-05-03 06:12:18,616 - DEBUG - Sending API request to https://api.travelpayouts.com/aviasales/v3/prices_for_dates with params: {'origin': 'ALA', 'destination': 'GUW', 'departure_at': '2025-05-04', 'currency': 'RUB', 'market': 'us', 'limit': 100, 'direct': 'false', 'token': 'ba463465c90bfaee386337e7c62e8a35', 'signature': '6c33685751042d0f5cab3c069ce9b67a'}
2025-05-03 06:12:18,616 - DEBUG - Starting new HTTPS connection (1): api.travelpayouts.com:443
2025-05-03 06:12:18,994 - DEBUG - https://api.travelpayouts.com:443 "GET /aviasales/v3/prices_for_dates?origin=ALA&destination=GUW&departure_at=2025-05-04&currency=RUB&market=us&limit=100&direct=false&token=ba463465c90bfaee386337e7c62e8a35&signature=6c33685751042d0f5cab3c069ce9b67a HTTP/1.1" 200 369
2025-05-03 06:12:18,994 - DEBUG - API response for market us: {'data': [{'flight_number': '769', 'link': '/search/ALA0405GUW1?t=DV17463495001746360900000190ALAGUW_41cba24fe0e42603add390759cbdbbf5_9277&search_date=02052025&expected_price_uuid=b530e67a-d66b-416b-a5a5-b3a9fd85cf01&expected_price_source=share&expected_price_currency=rub&expected_price=9277', 'origin_airport': 'ALA', 'destination_airport': 'GUW', 'departure_at': '2025-05-04T09:05:00+06:00', 'airline': 'DV', 'destination': 'GUW', 'origin': 'ALA', 'price': 9277, 'return_transfers': 0, 'duration': 190, 'duration_to': 190, 'duration_back': 0, 'transfers': 0}], 'currency': 'RUB', 'success': True}
2025-05-03 06:12:18,994 - DEBUG - Processed 1 flights from API
2025-05-03 06:12:19,001 - DEBUG - Returning response: {'success': True, 'flights': [{'id': 1, 'airline': 'DV', 'departure': 'Алматы', 'destination': 'Атырау', 'actual_destination': 'GUW', 'departure_time': '09:05', 'arrival_time': '00:00', 'class': 'economy', 'price': 6926.0, 'discount': 0, 'available_seats': 1, 'duration': '3ч 10м в пути', 'transfers': 'прямой', 'currency': 'RUB'}]}
2025-05-03 06:12:19,001 - DEBUG - Main execution completed
2025-05-03 06:13:09,207 - DEBUG - Starting main execution
2025-05-03 06:13:09,207 - DEBUG - Attempting to get user from session
2025-05-03 06:13:09,207 - DEBUG - User ID: None
2025-05-03 06:13:09,207 - DEBUG - Received form data: {'departure': 'Алматы', 'destination': 'Дубай', 'departure_date': '2025-05-04', 'return_date': '', 'passengers': '1', 'class': 'economy', 'user_id': '1'}
2025-05-03 06:13:09,213 - DEBUG - Request data validated: {'departure': 'Алматы', 'destination': 'Дубай', 'departure_date': '2025-05-04', 'return_date': '', 'passengers': '1', 'class': 'economy'}
2025-05-03 06:13:09,213 - DEBUG - Attempting to log search request: {'departure': 'Алматы', 'destination': 'Дубай', 'departure_date': '2025-05-04', 'return_date': '', 'passengers': '1', 'class': 'economy'}
2025-05-03 06:13:09,213 - DEBUG - Attempting to connect to database: C:\Apache24\htdocs\logs\flight_search.db
2025-05-03 06:13:09,213 - DEBUG - Connected to database, setting WAL mode
2025-05-03 06:13:09,213 - DEBUG - Journal mode set to: wal
2025-05-03 06:13:09,213 - WARNING - Attempt 1/3 failed to log search request due to: table search_requests has no column named class
2025-05-03 06:13:10,215 - DEBUG - Attempting to connect to database: C:\Apache24\htdocs\logs\flight_search.db
2025-05-03 06:13:10,215 - DEBUG - Connected to database, setting WAL mode
2025-05-03 06:13:10,215 - DEBUG - Journal mode set to: wal
2025-05-03 06:13:10,215 - WARNING - Attempt 2/3 failed to log search request due to: table search_requests has no column named class
2025-05-03 06:13:12,217 - DEBUG - Attempting to connect to database: C:\Apache24\htdocs\logs\flight_search.db
2025-05-03 06:13:12,217 - DEBUG - Connected to database, setting WAL mode
2025-05-03 06:13:12,217 - DEBUG - Journal mode set to: wal
2025-05-03 06:13:12,217 - WARNING - Attempt 3/3 failed to log search request due to: table search_requests has no column named class
2025-05-03 06:13:16,218 - ERROR - Max retries reached for logging search request. Skipping. Data: {'departure': 'Алматы', 'destination': 'Дубай', 'departure_date': '2025-05-04', 'return_date': '', 'passengers': '1', 'class': 'economy'}
2025-05-03 06:13:16,218 - DEBUG - Attempting to log audit: search_flight, {'departure': 'Алматы', 'destination': 'Дубай', 'departure_date': '2025-05-04', 'return_date': '', 'passengers': '1', 'class': 'economy'}
2025-05-03 06:13:16,218 - DEBUG - Attempting to connect to database: C:\Apache24\htdocs\logs\flight_search.db
2025-05-03 06:13:16,218 - DEBUG - Connected to database, setting WAL mode
2025-05-03 06:13:16,219 - DEBUG - Journal mode set to: wal
2025-05-03 06:13:16,219 - WARNING - Attempt 1/3 failed to log audit due to: no such table: audit_logs
2025-05-03 06:13:17,220 - DEBUG - Attempting to connect to database: C:\Apache24\htdocs\logs\flight_search.db
2025-05-03 06:13:17,220 - DEBUG - Connected to database, setting WAL mode
2025-05-03 06:13:17,220 - DEBUG - Journal mode set to: wal
2025-05-03 06:13:17,220 - WARNING - Attempt 2/3 failed to log audit due to: no such table: audit_logs
2025-05-03 06:13:19,221 - DEBUG - Attempting to connect to database: C:\Apache24\htdocs\logs\flight_search.db
2025-05-03 06:13:19,221 - DEBUG - Connected to database, setting WAL mode
2025-05-03 06:13:19,221 - DEBUG - Journal mode set to: wal
2025-05-03 06:13:19,221 - WARNING - Attempt 3/3 failed to log audit due to: no such table: audit_logs
2025-05-03 06:13:23,223 - ERROR - Max retries reached for logging audit. Skipping. Details: {'departure': 'Алматы', 'destination': 'Дубай', 'departure_date': '2025-05-04', 'return_date': '', 'passengers': '1', 'class': 'economy'}
2025-05-03 06:13:23,223 - DEBUG - Searching flights via API: departure=Алматы, destination=Дубай, date=2025-05-04, class=economy, passengers=1
2025-05-03 06:13:23,223 - DEBUG - Signature string: ba463465c90bfaee386337e7c62e8a35:currency=RUB:departure_at=2025-05-04:destination=DXB:direct=false:limit=100:market=ru:origin=ALA
2025-05-03 06:13:23,223 - DEBUG - Sending API request to https://api.travelpayouts.com/aviasales/v3/prices_for_dates with params: {'origin': 'ALA', 'destination': 'DXB', 'departure_at': '2025-05-04', 'currency': 'RUB', 'market': 'ru', 'limit': 100, 'direct': 'false', 'token': 'ba463465c90bfaee386337e7c62e8a35', 'signature': '036769fd4940ee695cbf1a91a787eb0d'}
2025-05-03 06:13:23,226 - DEBUG - Starting new HTTPS connection (1): api.travelpayouts.com:443
2025-05-03 06:13:25,315 - DEBUG - https://api.travelpayouts.com:443 "GET /aviasales/v3/prices_for_dates?origin=ALA&destination=DXB&departure_at=2025-05-04&currency=RUB&market=ru&limit=100&direct=false&token=ba463465c90bfaee386337e7c62e8a35&signature=036769fd4940ee695cbf1a91a787eb0d HTTP/1.1" 200 382
2025-05-03 06:13:25,321 - DEBUG - API response for market ru: {'data': [{'flight_number': '762', 'link': '/search/ALA0405DXB1?t=HY17463555001746442800001515ALATASDXB_8657f4850cb3932a45af5a14f9d14b0b_23012&search_date=02052025&expected_price_uuid=66fab2cb-65ad-425a-aae9-14fb48151901&expected_price_source=share&expected_price_currency=rub&expected_price=23013', 'origin_airport': 'ALA', 'destination_airport': 'DXB', 'departure_at': '2025-05-04T10:45:00+06:00', 'airline': 'HY', 'destination': 'DXB', 'origin': 'ALA', 'price': 23013, 'return_transfers': 0, 'duration': 1515, 'duration_to': 315, 'duration_back': 0, 'transfers': 1}], 'currency': 'RUB', 'success': True}
2025-05-03 06:13:25,322 - DEBUG - Signature string: ba463465c90bfaee386337e7c62e8a35:currency=RUB:departure_at=2025-05-04:destination=DXB:direct=false:limit=100:market=kz:origin=ALA
2025-05-03 06:13:25,322 - DEBUG - Sending API request to https://api.travelpayouts.com/aviasales/v3/prices_for_dates with params: {'origin': 'ALA', 'destination': 'DXB', 'departure_at': '2025-05-04', 'currency': 'RUB', 'market': 'kz', 'limit': 100, 'direct': 'false', 'token': 'ba463465c90bfaee386337e7c62e8a35', 'signature': '7d2c961bd299eaf2664989ca168487ce'}
2025-05-03 06:13:25,322 - DEBUG - Starting new HTTPS connection (1): api.travelpayouts.com:443
2025-05-03 06:13:26,040 - DEBUG - https://api.travelpayouts.com:443 "GET /aviasales/v3/prices_for_dates?origin=ALA&destination=DXB&departure_at=2025-05-04&currency=RUB&market=kz&limit=100&direct=false&token=ba463465c90bfaee386337e7c62e8a35&signature=7d2c961bd299eaf2664989ca168487ce HTTP/1.1" 200 381
2025-05-03 06:13:26,040 - DEBUG - API response for market kz: {'data': [{'flight_number': '762', 'link': '/search/ALA0405DXB1?t=HY17463555001746442800001515ALATASDXB_8657f4850cb3932a45af5a14f9d14b0b_23401&search_date=02052025&expected_price_uuid=7406e653-9192-4a59-b422-c70cc656a702&expected_price_source=share&expected_price_currency=rub&expected_price=23401', 'origin_airport': 'ALA', 'destination_airport': 'DXB', 'departure_at': '2025-05-04T10:45:00+06:00', 'airline': 'HY', 'destination': 'DXB', 'origin': 'ALA', 'price': 23401, 'return_transfers': 0, 'duration': 1515, 'duration_to': 315, 'duration_back': 0, 'transfers': 1}], 'currency': 'RUB', 'success': True}
2025-05-03 06:13:26,040 - DEBUG - Signature string: ba463465c90bfaee386337e7c62e8a35:currency=RUB:departure_at=2025-05-04:destination=DXB:direct=false:limit=100:market=us:origin=ALA
2025-05-03 06:13:26,040 - DEBUG - Sending API request to https://api.travelpayouts.com/aviasales/v3/prices_for_dates with params: {'origin': 'ALA', 'destination': 'DXB', 'departure_at': '2025-05-04', 'currency': 'RUB', 'market': 'us', 'limit': 100, 'direct': 'false', 'token': 'ba463465c90bfaee386337e7c62e8a35', 'signature': '3f337e7bada442bc694049f1eed051ab'}
2025-05-03 06:13:26,040 - DEBUG - Starting new HTTPS connection (1): api.travelpayouts.com:443
2025-05-03 06:13:26,426 - DEBUG - https://api.travelpayouts.com:443 "GET /aviasales/v3/prices_for_dates?origin=ALA&destination=DXB&departure_at=2025-05-04&currency=RUB&market=us&limit=100&direct=false&token=ba463465c90bfaee386337e7c62e8a35&signature=3f337e7bada442bc694049f1eed051ab HTTP/1.1" 200 380
2025-05-03 06:13:26,426 - DEBUG - API response for market us: {'data': [{'flight_number': '762', 'link': '/search/ALA0405SHJ1?t=G917463555001746377100000420ALATASSHJ_5284afb7bc06423ae5b1f124b65b2dea_21072&search_date=30042025&expected_price_uuid=b8b1bd44-842f-4da9-83ae-4a755bd9f602&expected_price_source=share&expected_price_currency=rub&expected_price=21074', 'origin_airport': 'ALA', 'destination_airport': 'SHJ', 'departure_at': '2025-05-04T10:45:00+06:00', 'airline': 'HY', 'destination': 'SHJ', 'origin': 'ALA', 'price': 21074, 'return_transfers': 0, 'duration': 420, 'duration_to': 305, 'duration_back': 0, 'transfers': 1}], 'currency': 'RUB', 'success': True}
2025-05-03 06:13:26,426 - DEBUG - Processed 1 flights from API
2025-05-03 06:13:26,426 - DEBUG - Returning response: {'success': True, 'flights': [{'id': 1, 'airline': 'HY', 'departure': 'Алматы', 'destination': 'Дубай', 'actual_destination': 'DXB', 'departure_time': '10:45', 'arrival_time': '00:00', 'class': 'economy', 'price': 23013.0, 'discount': 0, 'available_seats': 1, 'duration': '5ч 15м в пути', 'transfers': '1 пересадок', 'currency': 'RUB'}]}
2025-05-03 06:13:26,426 - DEBUG - Main execution completed
2025-05-03 06:17:48,675 - DEBUG - Starting main execution
2025-05-03 06:17:48,675 - DEBUG - Attempting to get user from session
2025-05-03 06:17:48,675 - DEBUG - User ID: None
2025-05-03 06:17:48,675 - DEBUG - Received form data: {'departure': 'Алматы', 'destination': 'Дубай', 'departure_date': '2025-05-03', 'return_date': '', 'passengers': '1', 'class': 'economy', 'user_id': '1'}
2025-05-03 06:17:48,675 - DEBUG - Request data validated: {'departure': 'Алматы', 'destination': 'Дубай', 'departure_date': '2025-05-03', 'return_date': '', 'passengers': '1', 'class': 'economy'}
2025-05-03 06:17:48,675 - DEBUG - Attempting to log search request: {'departure': 'Алматы', 'destination': 'Дубай', 'departure_date': '2025-05-03', 'return_date': '', 'passengers': '1', 'class': 'economy'}
2025-05-03 06:17:48,675 - DEBUG - Attempting to connect to database: C:\Apache24\htdocs\logs\flight_search.db
2025-05-03 06:17:48,680 - DEBUG - Connected to database, setting WAL mode
2025-05-03 06:17:48,680 - DEBUG - Journal mode set to: wal
2025-05-03 06:17:48,680 - WARNING - Attempt 1/3 failed to log search request due to: table search_requests has no column named class
2025-05-03 06:17:49,681 - DEBUG - Attempting to connect to database: C:\Apache24\htdocs\logs\flight_search.db
2025-05-03 06:17:49,681 - DEBUG - Connected to database, setting WAL mode
2025-05-03 06:17:49,683 - DEBUG - Journal mode set to: wal
2025-05-03 06:17:49,683 - WARNING - Attempt 2/3 failed to log search request due to: table search_requests has no column named class
2025-05-03 06:17:51,684 - DEBUG - Attempting to connect to database: C:\Apache24\htdocs\logs\flight_search.db
2025-05-03 06:17:51,684 - DEBUG - Connected to database, setting WAL mode
2025-05-03 06:17:51,684 - DEBUG - Journal mode set to: wal
2025-05-03 06:17:51,684 - WARNING - Attempt 3/3 failed to log search request due to: table search_requests has no column named class
2025-05-03 06:17:55,687 - ERROR - Max retries reached for logging search request. Skipping. Data: {'departure': 'Алматы', 'destination': 'Дубай', 'departure_date': '2025-05-03', 'return_date': '', 'passengers': '1', 'class': 'economy'}
2025-05-03 06:17:55,687 - DEBUG - Attempting to log audit: search_flight, {'departure': 'Алматы', 'destination': 'Дубай', 'departure_date': '2025-05-03', 'return_date': '', 'passengers': '1', 'class': 'economy'}
2025-05-03 06:17:55,687 - DEBUG - Attempting to connect to database: C:\Apache24\htdocs\logs\flight_search.db
2025-05-03 06:17:55,687 - DEBUG - Connected to database, setting WAL mode
2025-05-03 06:17:55,687 - DEBUG - Journal mode set to: wal
2025-05-03 06:17:55,687 - WARNING - Attempt 1/3 failed to log audit due to: no such table: audit_logs
2025-05-03 06:17:56,692 - DEBUG - Attempting to connect to database: C:\Apache24\htdocs\logs\flight_search.db
2025-05-03 06:17:56,692 - DEBUG - Connected to database, setting WAL mode
2025-05-03 06:17:56,692 - DEBUG - Journal mode set to: wal
2025-05-03 06:17:56,692 - WARNING - Attempt 2/3 failed to log audit due to: no such table: audit_logs
2025-05-03 06:17:58,695 - DEBUG - Attempting to connect to database: C:\Apache24\htdocs\logs\flight_search.db
2025-05-03 06:17:58,695 - DEBUG - Connected to database, setting WAL mode
2025-05-03 06:17:58,695 - DEBUG - Journal mode set to: wal
2025-05-03 06:17:58,695 - WARNING - Attempt 3/3 failed to log audit due to: no such table: audit_logs
2025-05-03 06:18:02,698 - ERROR - Max retries reached for logging audit. Skipping. Details: {'departure': 'Алматы', 'destination': 'Дубай', 'departure_date': '2025-05-03', 'return_date': '', 'passengers': '1', 'class': 'economy'}
2025-05-03 06:18:02,698 - DEBUG - Searching flights via API: departure=Алматы, destination=Дубай, date=2025-05-03, class=economy, passengers=1
2025-05-03 06:18:02,698 - DEBUG - Signature string: ba463465c90bfaee386337e7c62e8a35:currency=RUB:departure_at=2025-05-03:destination=DXB:direct=false:limit=100:market=ru:origin=ALA
2025-05-03 06:18:02,698 - DEBUG - Sending API request to https://api.travelpayouts.com/aviasales/v3/prices_for_dates with params: {'origin': 'ALA', 'destination': 'DXB', 'departure_at': '2025-05-03', 'currency': 'RUB', 'market': 'ru', 'limit': 100, 'direct': 'false', 'token': 'ba463465c90bfaee386337e7c62e8a35', 'signature': '7ad81da58faceb5ccf189080c6695a28'}
2025-05-03 06:18:02,698 - DEBUG - Starting new HTTPS connection (1): api.travelpayouts.com:443
2025-05-03 06:18:04,402 - DEBUG - https://api.travelpayouts.com:443 "GET /aviasales/v3/prices_for_dates?origin=ALA&destination=DXB&departure_at=2025-05-03&currency=RUB&market=ru&limit=100&direct=false&token=ba463465c90bfaee386337e7c62e8a35&signature=7ad81da58faceb5ccf189080c6695a28 HTTP/1.1" 200 43
2025-05-03 06:18:04,402 - DEBUG - API response for market ru: {'data': [], 'currency': 'RUB', 'success': True}
2025-05-03 06:18:04,402 - DEBUG - Signature string: ba463465c90bfaee386337e7c62e8a35:currency=RUB:departure_at=2025-05-03:destination=DXB:direct=false:limit=100:market=kz:origin=ALA
2025-05-03 06:18:04,402 - DEBUG - Sending API request to https://api.travelpayouts.com/aviasales/v3/prices_for_dates with params: {'origin': 'ALA', 'destination': 'DXB', 'departure_at': '2025-05-03', 'currency': 'RUB', 'market': 'kz', 'limit': 100, 'direct': 'false', 'token': 'ba463465c90bfaee386337e7c62e8a35', 'signature': 'd239e92c2d9fe666976452d1f2873abc'}
2025-05-03 06:18:04,418 - DEBUG - Starting new HTTPS connection (1): api.travelpayouts.com:443
2025-05-03 06:18:04,789 - DEBUG - https://api.travelpayouts.com:443 "GET /aviasales/v3/prices_for_dates?origin=ALA&destination=DXB&departure_at=2025-05-03&currency=RUB&market=kz&limit=100&direct=false&token=ba463465c90bfaee386337e7c62e8a35&signature=d239e92c2d9fe666976452d1f2873abc HTTP/1.1" 200 366
2025-05-03 06:18:04,789 - DEBUG - API response for market kz: {'data': [{'flight_number': '252', 'link': '/search/ALA0305SHJ1?t=G917462880001746300600000270ALASHJ_edfada2b7466ae6fab8466cdad13d915_23109&search_date=02052025&expected_price_uuid=3dca0657-86a6-4806-b8c9-b1a721979200&expected_price_source=share&expected_price_currency=rub&expected_price=23109', 'origin_airport': 'ALA', 'destination_airport': 'SHJ', 'departure_at': '2025-05-03T16:00:00+06:00', 'airline': 'G9', 'destination': 'SHJ', 'origin': 'ALA', 'price': 23109, 'return_transfers': 0, 'duration': 270, 'duration_to': 270, 'duration_back': 0, 'transfers': 0}], 'currency': 'RUB', 'success': True}
2025-05-03 06:18:04,789 - INFO - Alternative destination returned: SHJ instead of DXB
2025-05-03 06:18:04,802 - DEBUG - Signature string: ba463465c90bfaee386337e7c62e8a35:currency=RUB:departure_at=2025-05-03:destination=DXB:direct=false:limit=100:market=us:origin=ALA
2025-05-03 06:18:04,802 - DEBUG - Sending API request to https://api.travelpayouts.com/aviasales/v3/prices_for_dates with params: {'origin': 'ALA', 'destination': 'DXB', 'departure_at': '2025-05-03', 'currency': 'RUB', 'market': 'us', 'limit': 100, 'direct': 'false', 'token': 'ba463465c90bfaee386337e7c62e8a35', 'signature': 'e71275e914b337b5be9e383adc56c71f'}
2025-05-03 06:18:04,802 - DEBUG - Starting new HTTPS connection (1): api.travelpayouts.com:443
2025-05-03 06:18:05,149 - DEBUG - https://api.travelpayouts.com:443 "GET /aviasales/v3/prices_for_dates?origin=ALA&destination=DXB&departure_at=2025-05-03&currency=RUB&market=us&limit=100&direct=false&token=ba463465c90bfaee386337e7c62e8a35&signature=e71275e914b337b5be9e383adc56c71f HTTP/1.1" 200 366
2025-05-03 06:18:05,149 - DEBUG - API response for market us: {'data': [{'flight_number': '252', 'link': '/search/ALA0305SHJ1?t=G917462880001746300600000270ALASHJ_edfada2b7466ae6fab8466cdad13d915_23109&search_date=02052025&expected_price_uuid=3dca0657-86a6-4806-b8c9-b1a721979200&expected_price_source=share&expected_price_currency=rub&expected_price=23109', 'origin_airport': 'ALA', 'destination_airport': 'SHJ', 'departure_at': '2025-05-03T16:00:00+06:00', 'airline': 'G9', 'destination': 'SHJ', 'origin': 'ALA', 'price': 23109, 'return_transfers': 0, 'duration': 270, 'duration_to': 270, 'duration_back': 0, 'transfers': 0}], 'currency': 'RUB', 'success': True}
2025-05-03 06:18:05,149 - DEBUG - Processed 1 flights from API
2025-05-03 06:18:05,149 - DEBUG - Returning response: {'success': True, 'flights': [{'id': 1, 'airline': 'G9', 'departure': 'Алматы', 'destination': 'Дубай', 'actual_destination': 'SHJ', 'departure_time': '16:00', 'arrival_time': '00:00', 'class': 'economy', 'price': 23109.0, 'discount': 0, 'available_seats': 1, 'duration': '4ч 30м в пути', 'transfers': 'прямой', 'currency': 'RUB'}]}
2025-05-03 06:18:05,149 - DEBUG - Main execution completed
2025-05-03 06:21:06,447 - DEBUG - Starting main execution
2025-05-03 06:21:06,447 - DEBUG - Attempting to get user from session
2025-05-03 06:21:06,447 - DEBUG - User ID: None
2025-05-03 06:21:06,447 - DEBUG - Received form data: {'departure': 'Алматы', 'destination': 'Дубай', 'departure_date': '2025-05-03', 'return_date': '', 'passengers': '1', 'class': 'economy', 'user_id': '1'}
2025-05-03 06:21:06,453 - DEBUG - Request data validated: {'departure': 'Алматы', 'destination': 'Дубай', 'departure_date': '2025-05-03', 'return_date': '', 'passengers': '1', 'class': 'economy'}
2025-05-03 06:21:06,453 - DEBUG - Attempting to log search request: {'departure': 'Алматы', 'destination': 'Дубай', 'departure_date': '2025-05-03', 'return_date': '', 'passengers': '1', 'class': 'economy'}
2025-05-03 06:21:06,453 - DEBUG - Attempting to connect to database: C:\Apache24\htdocs\logs\flight_search.db
2025-05-03 06:21:06,453 - DEBUG - Connected to database, setting WAL mode
2025-05-03 06:21:06,461 - DEBUG - Journal mode set to: wal
2025-05-03 06:21:06,461 - WARNING - Attempt 1/3 failed to log search request due to: table search_requests has no column named class
2025-05-03 06:21:07,463 - DEBUG - Attempting to connect to database: C:\Apache24\htdocs\logs\flight_search.db
2025-05-03 06:21:07,463 - DEBUG - Connected to database, setting WAL mode
2025-05-03 06:21:07,463 - DEBUG - Journal mode set to: wal
2025-05-03 06:21:07,463 - WARNING - Attempt 2/3 failed to log search request due to: table search_requests has no column named class
2025-05-03 06:21:09,464 - DEBUG - Attempting to connect to database: C:\Apache24\htdocs\logs\flight_search.db
2025-05-03 06:21:09,464 - DEBUG - Connected to database, setting WAL mode
2025-05-03 06:21:09,464 - DEBUG - Journal mode set to: wal
2025-05-03 06:21:09,464 - WARNING - Attempt 3/3 failed to log search request due to: table search_requests has no column named class
2025-05-03 06:21:13,466 - ERROR - Max retries reached for logging search request. Skipping. Data: {'departure': 'Алматы', 'destination': 'Дубай', 'departure_date': '2025-05-03', 'return_date': '', 'passengers': '1', 'class': 'economy'}
2025-05-03 06:21:13,466 - DEBUG - Attempting to log audit: search_flight, {'departure': 'Алматы', 'destination': 'Дубай', 'departure_date': '2025-05-03', 'return_date': '', 'passengers': '1', 'class': 'economy'}
2025-05-03 06:21:13,467 - DEBUG - Attempting to connect to database: C:\Apache24\htdocs\logs\flight_search.db
2025-05-03 06:21:13,467 - DEBUG - Connected to database, setting WAL mode
2025-05-03 06:21:13,467 - DEBUG - Journal mode set to: wal
2025-05-03 06:21:13,467 - WARNING - Attempt 1/3 failed to log audit due to: no such table: audit_logs
2025-05-03 06:21:14,470 - DEBUG - Attempting to connect to database: C:\Apache24\htdocs\logs\flight_search.db
2025-05-03 06:21:14,470 - DEBUG - Connected to database, setting WAL mode
2025-05-03 06:21:14,470 - DEBUG - Journal mode set to: wal
2025-05-03 06:21:14,470 - WARNING - Attempt 2/3 failed to log audit due to: no such table: audit_logs
2025-05-03 06:21:16,472 - DEBUG - Attempting to connect to database: C:\Apache24\htdocs\logs\flight_search.db
2025-05-03 06:21:16,472 - DEBUG - Connected to database, setting WAL mode
2025-05-03 06:21:16,472 - DEBUG - Journal mode set to: wal
2025-05-03 06:21:16,472 - WARNING - Attempt 3/3 failed to log audit due to: no such table: audit_logs
2025-05-03 06:21:20,474 - ERROR - Max retries reached for logging audit. Skipping. Details: {'departure': 'Алматы', 'destination': 'Дубай', 'departure_date': '2025-05-03', 'return_date': '', 'passengers': '1', 'class': 'economy'}
2025-05-03 06:21:20,474 - DEBUG - Searching flights via API: departure=Алматы, destination=Дубай, date=2025-05-03, class=economy, passengers=1
2025-05-03 06:21:20,474 - DEBUG - Signature string: ba463465c90bfaee386337e7c62e8a35:currency=RUB:departure_at=2025-05-03:destination=DXB:direct=false:limit=100:market=ru:origin=ALA
2025-05-03 06:21:20,474 - DEBUG - Sending API request to https://api.travelpayouts.com/aviasales/v3/prices_for_dates with params: {'origin': 'ALA', 'destination': 'DXB', 'departure_at': '2025-05-03', 'currency': 'RUB', 'market': 'ru', 'limit': 100, 'direct': 'false', 'token': 'ba463465c90bfaee386337e7c62e8a35', 'signature': '7ad81da58faceb5ccf189080c6695a28'}
2025-05-03 06:21:20,474 - DEBUG - Starting new HTTPS connection (1): api.travelpayouts.com:443
2025-05-03 06:21:20,971 - DEBUG - https://api.travelpayouts.com:443 "GET /aviasales/v3/prices_for_dates?origin=ALA&destination=DXB&departure_at=2025-05-03&currency=RUB&market=ru&limit=100&direct=false&token=ba463465c90bfaee386337e7c62e8a35&signature=7ad81da58faceb5ccf189080c6695a28 HTTP/1.1" 200 43
2025-05-03 06:21:20,971 - DEBUG - API response for market ru: {'data': [], 'currency': 'RUB', 'success': True}
2025-05-03 06:21:20,971 - DEBUG - Signature string: ba463465c90bfaee386337e7c62e8a35:currency=RUB:departure_at=2025-05-03:destination=DXB:direct=false:limit=100:market=kz:origin=ALA
2025-05-03 06:21:20,971 - DEBUG - Sending API request to https://api.travelpayouts.com/aviasales/v3/prices_for_dates with params: {'origin': 'ALA', 'destination': 'DXB', 'departure_at': '2025-05-03', 'currency': 'RUB', 'market': 'kz', 'limit': 100, 'direct': 'false', 'token': 'ba463465c90bfaee386337e7c62e8a35', 'signature': 'd239e92c2d9fe666976452d1f2873abc'}
2025-05-03 06:21:20,971 - DEBUG - Starting new HTTPS connection (1): api.travelpayouts.com:443
2025-05-03 06:21:21,701 - DEBUG - https://api.travelpayouts.com:443 "GET /aviasales/v3/prices_for_dates?origin=ALA&destination=DXB&departure_at=2025-05-03&currency=RUB&market=kz&limit=100&direct=false&token=ba463465c90bfaee386337e7c62e8a35&signature=d239e92c2d9fe666976452d1f2873abc HTTP/1.1" 200 366
2025-05-03 06:21:21,701 - DEBUG - API response for market kz: {'data': [{'flight_number': '252', 'link': '/search/ALA0305SHJ1?t=G917462880001746300600000270ALASHJ_edfada2b7466ae6fab8466cdad13d915_23109&search_date=02052025&expected_price_uuid=3dca0657-86a6-4806-b8c9-b1a721979200&expected_price_source=share&expected_price_currency=rub&expected_price=23109', 'origin_airport': 'ALA', 'destination_airport': 'SHJ', 'departure_at': '2025-05-03T16:00:00+06:00', 'airline': 'G9', 'destination': 'SHJ', 'origin': 'ALA', 'price': 23109, 'return_transfers': 0, 'duration': 270, 'duration_to': 270, 'duration_back': 0, 'transfers': 0}], 'currency': 'RUB', 'success': True}
2025-05-03 06:21:21,701 - INFO - Alternative destination returned: SHJ instead of DXB
2025-05-03 06:21:21,701 - DEBUG - Signature string: ba463465c90bfaee386337e7c62e8a35:currency=RUB:departure_at=2025-05-03:destination=DXB:direct=false:limit=100:market=us:origin=ALA
2025-05-03 06:21:21,701 - DEBUG - Sending API request to https://api.travelpayouts.com/aviasales/v3/prices_for_dates with params: {'origin': 'ALA', 'destination': 'DXB', 'departure_at': '2025-05-03', 'currency': 'RUB', 'market': 'us', 'limit': 100, 'direct': 'false', 'token': 'ba463465c90bfaee386337e7c62e8a35', 'signature': 'e71275e914b337b5be9e383adc56c71f'}
2025-05-03 06:21:21,701 - DEBUG - Starting new HTTPS connection (1): api.travelpayouts.com:443
2025-05-03 06:21:22,075 - DEBUG - https://api.travelpayouts.com:443 "GET /aviasales/v3/prices_for_dates?origin=ALA&destination=DXB&departure_at=2025-05-03&currency=RUB&market=us&limit=100&direct=false&token=ba463465c90bfaee386337e7c62e8a35&signature=e71275e914b337b5be9e383adc56c71f HTTP/1.1" 200 366
2025-05-03 06:21:22,075 - DEBUG - API response for market us: {'data': [{'flight_number': '252', 'link': '/search/ALA0305SHJ1?t=G917462880001746300600000270ALASHJ_edfada2b7466ae6fab8466cdad13d915_23109&search_date=02052025&expected_price_uuid=3dca0657-86a6-4806-b8c9-b1a721979200&expected_price_source=share&expected_price_currency=rub&expected_price=23109', 'origin_airport': 'ALA', 'destination_airport': 'SHJ', 'departure_at': '2025-05-03T16:00:00+06:00', 'airline': 'G9', 'destination': 'SHJ', 'origin': 'ALA', 'price': 23109, 'return_transfers': 0, 'duration': 270, 'duration_to': 270, 'duration_back': 0, 'transfers': 0}], 'currency': 'RUB', 'success': True}
2025-05-03 06:21:22,075 - DEBUG - Processed 1 flights from API
2025-05-03 06:21:22,075 - DEBUG - Returning response: {'success': True, 'flights': [{'id': 1, 'airline': 'G9', 'departure': 'Алматы', 'destination': 'Дубай', 'actual_destination': 'SHJ', 'departure_time': '16:00', 'arrival_time': '00:00', 'class': 'economy', 'price': 23109.0, 'discount': 0, 'available_seats': 1, 'duration': '4ч 30м в пути', 'transfers': 'прямой', 'currency': 'RUB'}]}
2025-05-03 06:21:22,075 - DEBUG - Main execution completed
2025-05-03 06:22:32,396 - DEBUG - Starting main execution
2025-05-03 06:22:32,396 - DEBUG - Attempting to get user from session
2025-05-03 06:22:32,396 - DEBUG - User ID: None
2025-05-03 06:22:32,396 - DEBUG - Received form data: {'departure': 'Алматы', 'destination': 'Атырау', 'departure_date': '2025-05-03', 'return_date': '', 'passengers': '1', 'class': 'economy', 'user_id': '1'}
2025-05-03 06:22:32,402 - DEBUG - Request data validated: {'departure': 'Алматы', 'destination': 'Атырау', 'departure_date': '2025-05-03', 'return_date': '', 'passengers': '1', 'class': 'economy'}
2025-05-03 06:22:32,402 - DEBUG - Attempting to log search request: {'departure': 'Алматы', 'destination': 'Атырау', 'departure_date': '2025-05-03', 'return_date': '', 'passengers': '1', 'class': 'economy'}
2025-05-03 06:22:32,402 - DEBUG - Attempting to connect to database: C:\Apache24\htdocs\logs\flight_search.db
2025-05-03 06:22:32,402 - DEBUG - Connected to database, setting WAL mode
2025-05-03 06:22:32,416 - DEBUG - Journal mode set to: wal
2025-05-03 06:22:32,417 - WARNING - Attempt 1/3 failed to log search request due to: table search_requests has no column named class
2025-05-03 06:22:33,417 - DEBUG - Attempting to connect to database: C:\Apache24\htdocs\logs\flight_search.db
2025-05-03 06:22:33,417 - DEBUG - Connected to database, setting WAL mode
2025-05-03 06:22:33,417 - DEBUG - Journal mode set to: wal
2025-05-03 06:22:33,417 - WARNING - Attempt 2/3 failed to log search request due to: table search_requests has no column named class
2025-05-03 06:22:35,419 - DEBUG - Attempting to connect to database: C:\Apache24\htdocs\logs\flight_search.db
2025-05-03 06:22:35,419 - DEBUG - Connected to database, setting WAL mode
2025-05-03 06:22:35,419 - DEBUG - Journal mode set to: wal
2025-05-03 06:22:35,419 - WARNING - Attempt 3/3 failed to log search request due to: table search_requests has no column named class
2025-05-03 06:22:39,421 - ERROR - Max retries reached for logging search request. Skipping. Data: {'departure': 'Алматы', 'destination': 'Атырау', 'departure_date': '2025-05-03', 'return_date': '', 'passengers': '1', 'class': 'economy'}
2025-05-03 06:22:39,421 - DEBUG - Attempting to log audit: search_flight, {'departure': 'Алматы', 'destination': 'Атырау', 'departure_date': '2025-05-03', 'return_date': '', 'passengers': '1', 'class': 'economy'}
2025-05-03 06:22:39,421 - DEBUG - Attempting to connect to database: C:\Apache24\htdocs\logs\flight_search.db
2025-05-03 06:22:39,421 - DEBUG - Connected to database, setting WAL mode
2025-05-03 06:22:39,422 - DEBUG - Journal mode set to: wal
2025-05-03 06:22:39,422 - WARNING - Attempt 1/3 failed to log audit due to: no such table: audit_logs
2025-05-03 06:22:40,423 - DEBUG - Attempting to connect to database: C:\Apache24\htdocs\logs\flight_search.db
2025-05-03 06:22:40,423 - DEBUG - Connected to database, setting WAL mode
2025-05-03 06:22:40,423 - DEBUG - Journal mode set to: wal
2025-05-03 06:22:40,423 - WARNING - Attempt 2/3 failed to log audit due to: no such table: audit_logs
2025-05-03 06:22:42,424 - DEBUG - Attempting to connect to database: C:\Apache24\htdocs\logs\flight_search.db
2025-05-03 06:22:42,424 - DEBUG - Connected to database, setting WAL mode
2025-05-03 06:22:42,424 - DEBUG - Journal mode set to: wal
2025-05-03 06:22:42,424 - WARNING - Attempt 3/3 failed to log audit due to: no such table: audit_logs
2025-05-03 06:22:46,426 - ERROR - Max retries reached for logging audit. Skipping. Details: {'departure': 'Алматы', 'destination': 'Атырау', 'departure_date': '2025-05-03', 'return_date': '', 'passengers': '1', 'class': 'economy'}
2025-05-03 06:22:46,426 - DEBUG - Searching flights via API: departure=Алматы, destination=Атырау, date=2025-05-03, class=economy, passengers=1
2025-05-03 06:22:46,426 - DEBUG - Signature string: ba463465c90bfaee386337e7c62e8a35:currency=RUB:departure_at=2025-05-03:destination=GUW:direct=false:limit=100:market=ru:origin=ALA
2025-05-03 06:22:46,426 - DEBUG - Sending API request to https://api.travelpayouts.com/aviasales/v3/prices_for_dates with params: {'origin': 'ALA', 'destination': 'GUW', 'departure_at': '2025-05-03', 'currency': 'RUB', 'market': 'ru', 'limit': 100, 'direct': 'false', 'token': 'ba463465c90bfaee386337e7c62e8a35', 'signature': '5fb12f5c3ec081fa20c053d271463129'}
2025-05-03 06:22:46,428 - DEBUG - Starting new HTTPS connection (1): api.travelpayouts.com:443
2025-05-03 06:22:47,267 - DEBUG - https://api.travelpayouts.com:443 "GET /aviasales/v3/prices_for_dates?origin=ALA&destination=GUW&departure_at=2025-05-03&currency=RUB&market=ru&limit=100&direct=false&token=ba463465c90bfaee386337e7c62e8a35&signature=5fb12f5c3ec081fa20c053d271463129 HTTP/1.1" 200 370
2025-05-03 06:22:47,267 - DEBUG - API response for market ru: {'data': [{'flight_number': '877', 'link': '/search/ALA0305GUW1?t=KC17462550001746266700000195ALAGUW_21c95fa533fc7c1c1e4e09c07ad5cbd4_7722&search_date=03052025&expected_price_uuid=b9bbb293-0faa-4e04-9f2f-2d0c67287a03&expected_price_source=share&expected_price_currency=rub&expected_price=7722', 'origin_airport': 'ALA', 'destination_airport': 'GUW', 'departure_at': '2025-05-03T06:50:00+06:00', 'airline': 'KC', 'destination': 'GUW', 'origin': 'ALA', 'price': 7722, 'return_transfers': 0, 'duration': 195, 'duration_to': 195, 'duration_back': 0, 'transfers': 0}], 'currency': 'RUB', 'success': True}
2025-05-03 06:22:47,267 - DEBUG - Signature string: ba463465c90bfaee386337e7c62e8a35:currency=RUB:departure_at=2025-05-03:destination=GUW:direct=false:limit=100:market=kz:origin=ALA
2025-05-03 06:22:47,267 - DEBUG - Sending API request to https://api.travelpayouts.com/aviasales/v3/prices_for_dates with params: {'origin': 'ALA', 'destination': 'GUW', 'departure_at': '2025-05-03', 'currency': 'RUB', 'market': 'kz', 'limit': 100, 'direct': 'false', 'token': 'ba463465c90bfaee386337e7c62e8a35', 'signature': 'ae023f0437022a6d9fe0caace23c4d9e'}
2025-05-03 06:22:47,275 - DEBUG - Starting new HTTPS connection (1): api.travelpayouts.com:443
2025-05-03 06:22:48,017 - DEBUG - https://api.travelpayouts.com:443 "GET /aviasales/v3/prices_for_dates?origin=ALA&destination=GUW&departure_at=2025-05-03&currency=RUB&market=kz&limit=100&direct=false&token=ba463465c90bfaee386337e7c62e8a35&signature=ae023f0437022a6d9fe0caace23c4d9e HTTP/1.1" 200 371
2025-05-03 06:22:48,017 - DEBUG - API response for market kz: {'data': [{'flight_number': '769', 'link': '/search/ALA0305GUW1?t=DV17462631001746274500000190ALAGUW_b194fcb3f329d176312f2cc59efad81a_7088&search_date=03052025&expected_price_uuid=cc9b0860-8d88-4810-ac71-dcdff77b7103&expected_price_source=share&expected_price_currency=rub&expected_price=7088', 'origin_airport': 'ALA', 'destination_airport': 'GUW', 'departure_at': '2025-05-03T09:05:00+06:00', 'airline': 'DV', 'destination': 'GUW', 'origin': 'ALA', 'price': 7088, 'return_transfers': 0, 'duration': 190, 'duration_to': 190, 'duration_back': 0, 'transfers': 0}], 'currency': 'RUB', 'success': True}
2025-05-03 06:22:48,017 - DEBUG - Signature string: ba463465c90bfaee386337e7c62e8a35:currency=RUB:departure_at=2025-05-03:destination=GUW:direct=false:limit=100:market=us:origin=ALA
2025-05-03 06:22:48,017 - DEBUG - Sending API request to https://api.travelpayouts.com/aviasales/v3/prices_for_dates with params: {'origin': 'ALA', 'destination': 'GUW', 'departure_at': '2025-05-03', 'currency': 'RUB', 'market': 'us', 'limit': 100, 'direct': 'false', 'token': 'ba463465c90bfaee386337e7c62e8a35', 'signature': '08327340ac00955195bb73178b18d10a'}
2025-05-03 06:22:48,017 - DEBUG - Starting new HTTPS connection (1): api.travelpayouts.com:443
2025-05-03 06:22:48,385 - DEBUG - https://api.travelpayouts.com:443 "GET /aviasales/v3/prices_for_dates?origin=ALA&destination=GUW&departure_at=2025-05-03&currency=RUB&market=us&limit=100&direct=false&token=ba463465c90bfaee386337e7c62e8a35&signature=08327340ac00955195bb73178b18d10a HTTP/1.1" 200 371
2025-05-03 06:22:48,392 - DEBUG - API response for market us: {'data': [{'flight_number': '769', 'link': '/search/ALA0305GUW1?t=DV17462631001746274500000190ALAGUW_b194fcb3f329d176312f2cc59efad81a_7088&search_date=03052025&expected_price_uuid=cc9b0860-8d88-4810-ac71-dcdff77b7103&expected_price_source=share&expected_price_currency=rub&expected_price=7088', 'origin_airport': 'ALA', 'destination_airport': 'GUW', 'departure_at': '2025-05-03T09:05:00+06:00', 'airline': 'DV', 'destination': 'GUW', 'origin': 'ALA', 'price': 7088, 'return_transfers': 0, 'duration': 190, 'duration_to': 190, 'duration_back': 0, 'transfers': 0}], 'currency': 'RUB', 'success': True}
2025-05-03 06:22:48,392 - DEBUG - Processed 2 flights from API
2025-05-03 06:22:48,392 - DEBUG - Returning response: {'success': True, 'flights': [{'id': 1, 'airline': 'KC', 'departure': 'Алматы', 'destination': 'Атырау', 'actual_destination': 'GUW', 'departure_time': '06:50', 'arrival_time': '00:00', 'class': 'economy', 'price': 7722.0, 'discount': 0, 'available_seats': 1, 'duration': '3ч 15м в пути', 'transfers': 'прямой', 'currency': 'RUB'}, {'id': 2, 'airline': 'DV', 'departure': 'Алматы', 'destination': 'Атырау', 'actual_destination': 'GUW', 'departure_time': '09:05', 'arrival_time': '00:00', 'class': 'economy', 'price': 7088.0, 'discount': 0, 'available_seats': 1, 'duration': '3ч 10м в пути', 'transfers': 'прямой', 'currency': 'RUB'}]}
2025-05-03 06:22:48,392 - DEBUG - Main execution completed
2025-05-03 06:25:51,141 - DEBUG - Starting main execution
2025-05-03 06:25:51,141 - DEBUG - Attempting to get user from session
2025-05-03 06:25:51,141 - DEBUG - User ID: None
2025-05-03 06:25:51,141 - DEBUG - Received form data: {'departure': 'Москва', 'destination': 'Атырау', 'departure_date': '2025-05-03', 'return_date': '', 'passengers': '1', 'class': 'economy', 'user_id': '1'}
2025-05-03 06:25:51,141 - DEBUG - Request data validated: {'departure': 'Москва', 'destination': 'Атырау', 'departure_date': '2025-05-03', 'return_date': '', 'passengers': '1', 'class': 'economy'}
2025-05-03 06:25:51,141 - DEBUG - Attempting to log search request: {'departure': 'Москва', 'destination': 'Атырау', 'departure_date': '2025-05-03', 'return_date': '', 'passengers': '1', 'class': 'economy'}
2025-05-03 06:25:51,141 - DEBUG - Attempting to connect to database: C:\Apache24\htdocs\logs\flight_search.db
2025-05-03 06:25:51,141 - DEBUG - Connected to database, setting WAL mode
2025-05-03 06:25:51,155 - DEBUG - Journal mode set to: wal
2025-05-03 06:25:51,155 - WARNING - Attempt 1/3 failed to log search request due to: table search_requests has no column named class
2025-05-03 06:25:52,157 - DEBUG - Attempting to connect to database: C:\Apache24\htdocs\logs\flight_search.db
2025-05-03 06:25:52,157 - DEBUG - Connected to database, setting WAL mode
2025-05-03 06:25:52,157 - DEBUG - Journal mode set to: wal
2025-05-03 06:25:52,157 - WARNING - Attempt 2/3 failed to log search request due to: table search_requests has no column named class
2025-05-03 06:25:54,158 - DEBUG - Attempting to connect to database: C:\Apache24\htdocs\logs\flight_search.db
2025-05-03 06:25:54,158 - DEBUG - Connected to database, setting WAL mode
2025-05-03 06:25:54,158 - DEBUG - Journal mode set to: wal
2025-05-03 06:25:54,158 - WARNING - Attempt 3/3 failed to log search request due to: table search_requests has no column named class
2025-05-03 06:25:58,161 - ERROR - Max retries reached for logging search request. Skipping. Data: {'departure': 'Москва', 'destination': 'Атырау', 'departure_date': '2025-05-03', 'return_date': '', 'passengers': '1', 'class': 'economy'}
2025-05-03 06:25:58,161 - DEBUG - Attempting to log audit: search_flight, {'departure': 'Москва', 'destination': 'Атырау', 'departure_date': '2025-05-03', 'return_date': '', 'passengers': '1', 'class': 'economy'}
2025-05-03 06:25:58,161 - DEBUG - Attempting to connect to database: C:\Apache24\htdocs\logs\flight_search.db
2025-05-03 06:25:58,161 - DEBUG - Connected to database, setting WAL mode
2025-05-03 06:25:58,161 - DEBUG - Journal mode set to: wal
2025-05-03 06:25:58,161 - WARNING - Attempt 1/3 failed to log audit due to: no such table: audit_logs
2025-05-03 06:25:59,163 - DEBUG - Attempting to connect to database: C:\Apache24\htdocs\logs\flight_search.db
2025-05-03 06:25:59,163 - DEBUG - Connected to database, setting WAL mode
2025-05-03 06:25:59,163 - DEBUG - Journal mode set to: wal
2025-05-03 06:25:59,163 - WARNING - Attempt 2/3 failed to log audit due to: no such table: audit_logs
2025-05-03 06:26:01,164 - DEBUG - Attempting to connect to database: C:\Apache24\htdocs\logs\flight_search.db
2025-05-03 06:26:01,164 - DEBUG - Connected to database, setting WAL mode
2025-05-03 06:26:01,164 - DEBUG - Journal mode set to: wal
2025-05-03 06:26:01,164 - WARNING - Attempt 3/3 failed to log audit due to: no such table: audit_logs
2025-05-03 06:26:05,167 - ERROR - Max retries reached for logging audit. Skipping. Details: {'departure': 'Москва', 'destination': 'Атырау', 'departure_date': '2025-05-03', 'return_date': '', 'passengers': '1', 'class': 'economy'}
2025-05-03 06:26:05,167 - DEBUG - Searching flights via API: departure=Москва, destination=Атырау, date=2025-05-03, class=economy, passengers=1
2025-05-03 06:26:05,167 - DEBUG - Signature string: ba463465c90bfaee386337e7c62e8a35:currency=RUB:departure_at=2025-05-03:destination=GUW:direct=false:limit=100:market=ru:origin=MOW
2025-05-03 06:26:05,167 - DEBUG - Sending API request to https://api.travelpayouts.com/aviasales/v3/prices_for_dates with params: {'origin': 'MOW', 'destination': 'GUW', 'departure_at': '2025-05-03', 'currency': 'RUB', 'market': 'ru', 'limit': 100, 'direct': 'false', 'token': 'ba463465c90bfaee386337e7c62e8a35', 'signature': '66a005a8ffc7c3577e1b88490d9e8381'}
2025-05-03 06:26:05,174 - DEBUG - Starting new HTTPS connection (1): api.travelpayouts.com:443
2025-05-03 06:26:05,993 - DEBUG - https://api.travelpayouts.com:443 "GET /aviasales/v3/prices_for_dates?origin=MOW&destination=GUW&departure_at=2025-05-03&currency=RUB&market=ru&limit=100&direct=false&token=ba463465c90bfaee386337e7c62e8a35&signature=66a005a8ffc7c3577e1b88490d9e8381 HTTP/1.1" 200 387
2025-05-03 06:26:05,999 - DEBUG - API response for market ru: {'data': [{'flight_number': '1956', 'link': '/search/MOW0305GUW1?t=SU17463156001746436200001890SVONQZGUW_7b588656ef9f0bc81dcedb2c239e9f58_30829&search_date=02052025&expected_price_uuid=7dd92924-c992-4e71-a870-50d5449efe03&expected_price_source=share&expected_price_currency=rub&expected_price=30829', 'origin_airport': 'SVO', 'destination_airport': 'GUW', 'departure_at': '2025-05-03T23:40:00+03:00', 'airline': 'SU', 'destination': 'GUW', 'origin': 'MOW', 'price': 30829, 'return_transfers': 0, 'duration': 1890, 'duration_to': 355, 'duration_back': 0, 'transfers': 1}], 'currency': 'RUB', 'success': True}
2025-05-03 06:26:06,000 - DEBUG - Signature string: ba463465c90bfaee386337e7c62e8a35:currency=RUB:departure_at=2025-05-03:destination=GUW:direct=false:limit=100:market=kz:origin=MOW
2025-05-03 06:26:06,000 - DEBUG - Sending API request to https://api.travelpayouts.com/aviasales/v3/prices_for_dates with params: {'origin': 'MOW', 'destination': 'GUW', 'departure_at': '2025-05-03', 'currency': 'RUB', 'market': 'kz', 'limit': 100, 'direct': 'false', 'token': 'ba463465c90bfaee386337e7c62e8a35', 'signature': '8e790165d40e839873118f523a260e39'}
2025-05-03 06:26:06,000 - DEBUG - Starting new HTTPS connection (1): api.travelpayouts.com:443
2025-05-03 06:26:06,374 - DEBUG - https://api.travelpayouts.com:443 "GET /aviasales/v3/prices_for_dates?origin=MOW&destination=GUW&departure_at=2025-05-03&currency=RUB&market=kz&limit=100&direct=false&token=ba463465c90bfaee386337e7c62e8a35&signature=8e790165d40e839873118f523a260e39 HTTP/1.1" 200 43
2025-05-03 06:26:06,374 - DEBUG - API response for market kz: {'data': [], 'currency': 'RUB', 'success': True}
2025-05-03 06:26:06,374 - DEBUG - Signature string: ba463465c90bfaee386337e7c62e8a35:currency=RUB:departure_at=2025-05-03:destination=GUW:direct=false:limit=100:market=us:origin=MOW
2025-05-03 06:26:06,374 - DEBUG - Sending API request to https://api.travelpayouts.com/aviasales/v3/prices_for_dates with params: {'origin': 'MOW', 'destination': 'GUW', 'departure_at': '2025-05-03', 'currency': 'RUB', 'market': 'us', 'limit': 100, 'direct': 'false', 'token': 'ba463465c90bfaee386337e7c62e8a35', 'signature': '868bacb3da74b5d5db937bb5752a563c'}
2025-05-03 06:26:06,374 - DEBUG - Starting new HTTPS connection (1): api.travelpayouts.com:443
2025-05-03 06:26:06,777 - DEBUG - https://api.travelpayouts.com:443 "GET /aviasales/v3/prices_for_dates?origin=MOW&destination=GUW&departure_at=2025-05-03&currency=RUB&market=us&limit=100&direct=false&token=ba463465c90bfaee386337e7c62e8a35&signature=868bacb3da74b5d5db937bb5752a563c HTTP/1.1" 200 387
2025-05-03 06:26:06,778 - DEBUG - API response for market us: {'data': [{'flight_number': '1956', 'link': '/search/MOW0305GUW1?t=SU17463156001746436200001890SVONQZGUW_7b588656ef9f0bc81dcedb2c239e9f58_30829&search_date=02052025&expected_price_uuid=7dd92924-c992-4e71-a870-50d5449efe03&expected_price_source=share&expected_price_currency=rub&expected_price=30829', 'origin_airport': 'SVO', 'destination_airport': 'GUW', 'departure_at': '2025-05-03T23:40:00+03:00', 'airline': 'SU', 'destination': 'GUW', 'origin': 'MOW', 'price': 30829, 'return_transfers': 0, 'duration': 1890, 'duration_to': 355, 'duration_back': 0, 'transfers': 1}], 'currency': 'RUB', 'success': True}
2025-05-03 06:26:06,778 - DEBUG - Processed 1 flights from API
2025-05-03 06:26:06,778 - DEBUG - Returning response: {'success': True, 'flights': [{'id': 1, 'airline': 'Aeroflot', 'departure': 'Москва', 'destination': 'Атырау', 'actual_destination': 'GUW', 'departure_time': '23:40', 'arrival_time': '00:00', 'class': 'economy', 'price': 30829.0, 'discount': 0, 'available_seats': 1, 'duration': '5ч 55м в пути', 'transfers': '1 пересадок', 'currency': 'RUB'}]}
2025-05-03 06:26:06,778 - DEBUG - Main execution completed
2025-05-03 06:32:27,584 - DEBUG - Starting main execution
2025-05-03 06:32:27,584 - DEBUG - Attempting to get user from session
2025-05-03 06:32:27,584 - DEBUG - User ID: None
2025-05-03 06:32:27,584 - DEBUG - Received form data: {'departure': 'Москва', 'destination': 'Дубай', 'departure_date': '2025-05-03', 'return_date': '', 'passengers': '1', 'class': 'economy', 'user_id': '1'}
2025-05-03 06:32:27,591 - DEBUG - Request data validated: {'departure': 'Москва', 'destination': 'Дубай', 'departure_date': '2025-05-03', 'return_date': '', 'passengers': '1', 'class': 'economy'}
2025-05-03 06:32:27,591 - DEBUG - Attempting to log search request: {'departure': 'Москва', 'destination': 'Дубай', 'departure_date': '2025-05-03', 'return_date': '', 'passengers': '1', 'class': 'economy'}
2025-05-03 06:32:27,591 - DEBUG - Attempting to connect to database: C:\Apache24\htdocs\logs\flight_search.db
2025-05-03 06:32:27,591 - DEBUG - Connected to database, setting WAL mode
2025-05-03 06:32:27,598 - DEBUG - Journal mode set to: wal
2025-05-03 06:32:27,598 - WARNING - Attempt 1/3 failed to log search request due to: table search_requests has no column named class
2025-05-03 06:32:28,605 - DEBUG - Attempting to connect to database: C:\Apache24\htdocs\logs\flight_search.db
2025-05-03 06:32:28,606 - DEBUG - Connected to database, setting WAL mode
2025-05-03 06:32:28,606 - DEBUG - Journal mode set to: wal
2025-05-03 06:32:28,606 - WARNING - Attempt 2/3 failed to log search request due to: table search_requests has no column named class
2025-05-03 06:32:30,608 - DEBUG - Attempting to connect to database: C:\Apache24\htdocs\logs\flight_search.db
2025-05-03 06:32:30,608 - DEBUG - Connected to database, setting WAL mode
2025-05-03 06:32:30,608 - DEBUG - Journal mode set to: wal
2025-05-03 06:32:30,608 - WARNING - Attempt 3/3 failed to log search request due to: table search_requests has no column named class
2025-05-03 06:32:34,610 - ERROR - Max retries reached for logging search request. Skipping. Data: {'departure': 'Москва', 'destination': 'Дубай', 'departure_date': '2025-05-03', 'return_date': '', 'passengers': '1', 'class': 'economy'}
2025-05-03 06:32:34,610 - DEBUG - Attempting to log audit: search_flight, {'departure': 'Москва', 'destination': 'Дубай', 'departure_date': '2025-05-03', 'return_date': '', 'passengers': '1', 'class': 'economy'}
2025-05-03 06:32:34,610 - DEBUG - Attempting to connect to database: C:\Apache24\htdocs\logs\flight_search.db
2025-05-03 06:32:34,611 - DEBUG - Connected to database, setting WAL mode
2025-05-03 06:32:34,612 - DEBUG - Journal mode set to: wal
2025-05-03 06:32:34,612 - WARNING - Attempt 1/3 failed to log audit due to: no such table: audit_logs
2025-05-03 06:32:35,613 - DEBUG - Attempting to connect to database: C:\Apache24\htdocs\logs\flight_search.db
2025-05-03 06:32:35,613 - DEBUG - Connected to database, setting WAL mode
2025-05-03 06:32:35,613 - DEBUG - Journal mode set to: wal
2025-05-03 06:32:35,613 - WARNING - Attempt 2/3 failed to log audit due to: no such table: audit_logs
2025-05-03 06:32:37,617 - DEBUG - Attempting to connect to database: C:\Apache24\htdocs\logs\flight_search.db
2025-05-03 06:32:37,617 - DEBUG - Connected to database, setting WAL mode
2025-05-03 06:32:37,624 - DEBUG - Journal mode set to: wal
2025-05-03 06:32:37,624 - WARNING - Attempt 3/3 failed to log audit due to: no such table: audit_logs
2025-05-03 06:32:41,625 - ERROR - Max retries reached for logging audit. Skipping. Details: {'departure': 'Москва', 'destination': 'Дубай', 'departure_date': '2025-05-03', 'return_date': '', 'passengers': '1', 'class': 'economy'}
2025-05-03 06:32:41,625 - DEBUG - Searching flights via API: departure=Москва, destination=Дубай, date=2025-05-03, class=economy, passengers=1
2025-05-03 06:32:41,625 - DEBUG - Signature string: ba463465c90bfaee386337e7c62e8a35:currency=RUB:departure_at=2025-05-03:destination=DXB:direct=false:limit=100:market=ru:origin=MOW
2025-05-03 06:32:41,625 - DEBUG - Sending API request to https://api.travelpayouts.com/aviasales/v3/prices_for_dates with params: {'origin': 'MOW', 'destination': 'DXB', 'departure_at': '2025-05-03', 'currency': 'RUB', 'market': 'ru', 'limit': 100, 'direct': 'false', 'token': 'ba463465c90bfaee386337e7c62e8a35', 'signature': '0e10fa706d13043ed6e18cf7c50f945b'}
2025-05-03 06:32:41,625 - DEBUG - Starting new HTTPS connection (1): api.travelpayouts.com:443
2025-05-03 06:32:43,673 - DEBUG - https://api.travelpayouts.com:443 "GET /aviasales/v3/prices_for_dates?origin=MOW&destination=DXB&departure_at=2025-05-03&currency=RUB&market=ru&limit=100&direct=false&token=ba463465c90bfaee386337e7c62e8a35&signature=0e10fa706d13043ed6e18cf7c50f945b HTTP/1.1" 200 388
2025-05-03 06:32:43,673 - DEBUG - API response for market ru: {'data': [{'flight_number': '702', 'link': '/search/MOW0305SHJ1?t=HH17463048001746377100001145DMETASSHJ_d7c786a3d960e67e68852e8da786c859_20965&search_date=03052025&expected_price_uuid=69200591-2a8d-4d61-bae7-28134f256101&expected_price_source=share&expected_price_currency=rub&expected_price=20965', 'origin_airport': 'DME', 'destination_airport': 'SHJ', 'departure_at': '2025-05-03T20:40:00+03:00', 'airline': 'HH', 'destination': 'SHJ', 'origin': 'MOW', 'price': 20965, 'return_transfers': 0, 'duration': 1145, 'duration_to': 435, 'duration_back': 0, 'transfers': 1}], 'currency': 'RUB', 'success': True}
2025-05-03 06:32:43,673 - INFO - Alternative destination returned: SHJ instead of DXB
2025-05-03 06:32:43,673 - DEBUG - Signature string: ba463465c90bfaee386337e7c62e8a35:currency=RUB:departure_at=2025-05-03:destination=DXB:direct=false:limit=100:market=kz:origin=MOW
2025-05-03 06:32:43,673 - DEBUG - Sending API request to https://api.travelpayouts.com/aviasales/v3/prices_for_dates with params: {'origin': 'MOW', 'destination': 'DXB', 'departure_at': '2025-05-03', 'currency': 'RUB', 'market': 'kz', 'limit': 100, 'direct': 'false', 'token': 'ba463465c90bfaee386337e7c62e8a35', 'signature': '352e9ba605be5f248b9b203b5964ae0f'}
2025-05-03 06:32:43,679 - DEBUG - Starting new HTTPS connection (1): api.travelpayouts.com:443
2025-05-03 06:32:44,401 - DEBUG - https://api.travelpayouts.com:443 "GET /aviasales/v3/prices_for_dates?origin=MOW&destination=DXB&departure_at=2025-05-03&currency=RUB&market=kz&limit=100&direct=false&token=ba463465c90bfaee386337e7c62e8a35&signature=352e9ba605be5f248b9b203b5964ae0f HTTP/1.1" 200 385
2025-05-03 06:32:44,401 - DEBUG - API response for market kz: {'data': [{'flight_number': '278', 'link': '/search/MOW0305DXB1?t=VF17462835001746325800000645VKOSAWDXB_e2b23d54363571b9ff207c157efa0a90_21758&search_date=02052025&expected_price_uuid=073e4b98-a2c4-49f1-8025-14473d766802&expected_price_source=share&expected_price_currency=rub&expected_price=21758', 'origin_airport': 'VKO', 'destination_airport': 'DXB', 'departure_at': '2025-05-03T14:45:00+03:00', 'airline': 'VF', 'destination': 'DXB', 'origin': 'MOW', 'price': 21758, 'return_transfers': 0, 'duration': 645, 'duration_to': 515, 'duration_back': 0, 'transfers': 1}], 'currency': 'RUB', 'success': True}
2025-05-03 06:32:44,401 - DEBUG - Signature string: ba463465c90bfaee386337e7c62e8a35:currency=RUB:departure_at=2025-05-03:destination=DXB:direct=false:limit=100:market=us:origin=MOW
2025-05-03 06:32:44,401 - DEBUG - Sending API request to https://api.travelpayouts.com/aviasales/v3/prices_for_dates with params: {'origin': 'MOW', 'destination': 'DXB', 'departure_at': '2025-05-03', 'currency': 'RUB', 'market': 'us', 'limit': 100, 'direct': 'false', 'token': 'ba463465c90bfaee386337e7c62e8a35', 'signature': '49932fdae9d15a294df2712dae72cc38'}
2025-05-03 06:32:44,401 - DEBUG - Starting new HTTPS connection (1): api.travelpayouts.com:443
2025-05-03 06:32:44,874 - DEBUG - https://api.travelpayouts.com:443 "GET /aviasales/v3/prices_for_dates?origin=MOW&destination=DXB&departure_at=2025-05-03&currency=RUB&market=us&limit=100&direct=false&token=ba463465c90bfaee386337e7c62e8a35&signature=49932fdae9d15a294df2712dae72cc38 HTTP/1.1" 200 388
2025-05-03 06:32:44,874 - DEBUG - API response for market us: {'data': [{'flight_number': '278', 'link': '/search/MOW0305DXB1?t=VF17462835001746325800000645VKOSAWDXB_e2b23d54363571b9ff207c157efa0a90_21875&search_date=02052025&expected_price_uuid=ca1b3998-8c95-4a6b-83f1-eddafa5b1d00&expected_price_source=share&expected_price_currency=rub&expected_price=21845', 'origin_airport': 'VKO', 'destination_airport': 'DXB', 'departure_at': '2025-05-03T14:45:00+03:00', 'airline': 'VF', 'destination': 'DXB', 'origin': 'MOW', 'price': 21845, 'return_transfers': 0, 'duration': 645, 'duration_to': 515, 'duration_back': 0, 'transfers': 1}], 'currency': 'RUB', 'success': True}
2025-05-03 06:32:44,874 - DEBUG - Processed 2 flights from API
2025-05-03 06:32:44,874 - DEBUG - Returning response: {'success': True, 'flights': [{'id': 1, 'airline': 'AtlasGlobal', 'departure': 'Москва', 'destination': 'Дубай', 'actual_destination': 'SHJ', 'departure_time': '20:40', 'arrival_time': '00:00', 'class': 'economy', 'price': 20965.0, 'discount': 0, 'available_seats': 1, 'duration': '7ч 15м в пути', 'transfers': '1 пересадок', 'currency': 'RUB'}, {'id': 2, 'airline': 'Valuair', 'departure': 'Москва', 'destination': 'Дубай', 'actual_destination': 'DXB', 'departure_time': '14:45', 'arrival_time': '00:00', 'class': 'economy', 'price': 21758.0, 'discount': 0, 'available_seats': 1, 'duration': '8ч 35м в пути', 'transfers': '1 пересадок', 'currency': 'RUB'}]}
2025-05-03 06:32:44,874 - DEBUG - Main execution completed
2025-05-03 06:34:15,734 - DEBUG - Starting main execution
2025-05-03 06:34:15,734 - DEBUG - Attempting to get user from session
2025-05-03 06:34:15,750 - DEBUG - User ID: None
2025-05-03 06:34:15,750 - DEBUG - Received form data: {'departure': 'Москва', 'destination': 'Атырау', 'departure_date': '2025-05-04', 'return_date': '', 'passengers': '1', 'class': 'economy', 'user_id': '1'}
2025-05-03 06:34:15,750 - DEBUG - Request data validated: {'departure': 'Москва', 'destination': 'Атырау', 'departure_date': '2025-05-04', 'return_date': '', 'passengers': '1', 'class': 'economy'}
2025-05-03 06:34:15,750 - DEBUG - Attempting to log search request: {'departure': 'Москва', 'destination': 'Атырау', 'departure_date': '2025-05-04', 'return_date': '', 'passengers': '1', 'class': 'economy'}
2025-05-03 06:34:15,750 - DEBUG - Attempting to connect to database: C:\Apache24\htdocs\logs\flight_search.db
2025-05-03 06:34:15,750 - DEBUG - Connected to database, setting WAL mode
2025-05-03 06:34:15,750 - DEBUG - Journal mode set to: wal
2025-05-03 06:34:15,750 - WARNING - Attempt 1/3 failed to log search request due to: table search_requests has no column named class
2025-05-03 06:34:16,764 - DEBUG - Attempting to connect to database: C:\Apache24\htdocs\logs\flight_search.db
2025-05-03 06:34:16,764 - DEBUG - Connected to database, setting WAL mode
2025-05-03 06:34:16,764 - DEBUG - Journal mode set to: wal
2025-05-03 06:34:16,764 - WARNING - Attempt 2/3 failed to log search request due to: table search_requests has no column named class
2025-05-03 06:34:18,766 - DEBUG - Attempting to connect to database: C:\Apache24\htdocs\logs\flight_search.db
2025-05-03 06:34:18,766 - DEBUG - Connected to database, setting WAL mode
2025-05-03 06:34:18,766 - DEBUG - Journal mode set to: wal
2025-05-03 06:34:18,766 - WARNING - Attempt 3/3 failed to log search request due to: table search_requests has no column named class
2025-05-03 06:34:22,769 - ERROR - Max retries reached for logging search request. Skipping. Data: {'departure': 'Москва', 'destination': 'Атырау', 'departure_date': '2025-05-04', 'return_date': '', 'passengers': '1', 'class': 'economy'}
2025-05-03 06:34:22,769 - DEBUG - Attempting to log audit: search_flight, {'departure': 'Москва', 'destination': 'Атырау', 'departure_date': '2025-05-04', 'return_date': '', 'passengers': '1', 'class': 'economy'}
2025-05-03 06:34:22,769 - DEBUG - Attempting to connect to database: C:\Apache24\htdocs\logs\flight_search.db
2025-05-03 06:34:22,769 - DEBUG - Connected to database, setting WAL mode
2025-05-03 06:34:22,769 - DEBUG - Journal mode set to: wal
2025-05-03 06:34:22,769 - WARNING - Attempt 1/3 failed to log audit due to: no such table: audit_logs
2025-05-03 06:34:23,773 - DEBUG - Attempting to connect to database: C:\Apache24\htdocs\logs\flight_search.db
2025-05-03 06:34:23,773 - DEBUG - Connected to database, setting WAL mode
2025-05-03 06:34:23,773 - DEBUG - Journal mode set to: wal
2025-05-03 06:34:23,773 - WARNING - Attempt 2/3 failed to log audit due to: no such table: audit_logs
2025-05-03 06:34:25,774 - DEBUG - Attempting to connect to database: C:\Apache24\htdocs\logs\flight_search.db
2025-05-03 06:34:25,774 - DEBUG - Connected to database, setting WAL mode
2025-05-03 06:34:25,774 - DEBUG - Journal mode set to: wal
2025-05-03 06:34:25,774 - WARNING - Attempt 3/3 failed to log audit due to: no such table: audit_logs
2025-05-03 06:34:29,776 - ERROR - Max retries reached for logging audit. Skipping. Details: {'departure': 'Москва', 'destination': 'Атырау', 'departure_date': '2025-05-04', 'return_date': '', 'passengers': '1', 'class': 'economy'}
2025-05-03 06:34:29,776 - DEBUG - Searching flights via API: departure=Москва, destination=Атырау, date=2025-05-04, class=economy, passengers=1
2025-05-03 06:34:29,776 - DEBUG - Signature string: ba463465c90bfaee386337e7c62e8a35:currency=RUB:departure_at=2025-05-04:destination=GUW:direct=false:limit=100:market=ru:origin=MOW
2025-05-03 06:34:29,776 - DEBUG - Sending API request to https://api.travelpayouts.com/aviasales/v3/prices_for_dates with params: {'origin': 'MOW', 'destination': 'GUW', 'departure_at': '2025-05-04', 'currency': 'RUB', 'market': 'ru', 'limit': 100, 'direct': 'false', 'token': 'ba463465c90bfaee386337e7c62e8a35', 'signature': 'a97058673d1ae1303edaa359d5ed0ba1'}
2025-05-03 06:34:29,780 - DEBUG - Starting new HTTPS connection (1): api.travelpayouts.com:443
2025-05-03 06:34:30,654 - DEBUG - https://api.travelpayouts.com:443 "GET /aviasales/v3/prices_for_dates?origin=MOW&destination=GUW&departure_at=2025-05-04&currency=RUB&market=ru&limit=100&direct=false&token=ba463465c90bfaee386337e7c62e8a35&signature=a97058673d1ae1303edaa359d5ed0ba1 HTTP/1.1" 200 386
2025-05-03 06:34:30,654 - DEBUG - API response for market ru: {'data': [{'flight_number': '1954', 'link': '/search/MOW0405GUW1?t=SU17463606001746510600002380SVOSCOGUW_6a3cbf166cbd997483e4f6f9a3bee405_20120&search_date=02052025&expected_price_uuid=4ed28cbe-181b-4f1e-9ded-6a42d3857903&expected_price_source=share&expected_price_currency=rub&expected_price=20117', 'origin_airport': 'SVO', 'destination_airport': 'GUW', 'departure_at': '2025-05-04T12:10:00+03:00', 'airline': 'SU', 'destination': 'GUW', 'origin': 'MOW', 'price': 20117, 'return_transfers': 0, 'duration': 2380, 'duration_to': 235, 'duration_back': 0, 'transfers': 1}], 'currency': 'RUB', 'success': True}
2025-05-03 06:34:30,654 - DEBUG - Signature string: ba463465c90bfaee386337e7c62e8a35:currency=RUB:departure_at=2025-05-04:destination=GUW:direct=false:limit=100:market=kz:origin=MOW
2025-05-03 06:34:30,654 - DEBUG - Sending API request to https://api.travelpayouts.com/aviasales/v3/prices_for_dates with params: {'origin': 'MOW', 'destination': 'GUW', 'departure_at': '2025-05-04', 'currency': 'RUB', 'market': 'kz', 'limit': 100, 'direct': 'false', 'token': 'ba463465c90bfaee386337e7c62e8a35', 'signature': '5824d29e3f16560346079c8cf7a632f9'}
2025-05-03 06:34:30,654 - DEBUG - Starting new HTTPS connection (1): api.travelpayouts.com:443
2025-05-03 06:34:31,056 - DEBUG - https://api.travelpayouts.com:443 "GET /aviasales/v3/prices_for_dates?origin=MOW&destination=GUW&departure_at=2025-05-04&currency=RUB&market=kz&limit=100&direct=false&token=ba463465c90bfaee386337e7c62e8a35&signature=5824d29e3f16560346079c8cf7a632f9 HTTP/1.1" 200 387
2025-05-03 06:34:31,056 - DEBUG - API response for market kz: {'data': [{'flight_number': '1940', 'link': '/search/MOW0405GUW1?t=SU17463987001746447300000690SVOALAGUW_f57e8f202c659af1a96e2fe29f3a4a2d_22602&search_date=01052025&expected_price_uuid=f4e87852-8ce8-4ddf-86cd-f131dad59b01&expected_price_source=share&expected_price_currency=rub&expected_price=22615', 'origin_airport': 'SVO', 'destination_airport': 'GUW', 'departure_at': '2025-05-04T22:45:00+03:00', 'airline': 'SU', 'destination': 'GUW', 'origin': 'MOW', 'price': 22615, 'return_transfers': 0, 'duration': 690, 'duration_to': 460, 'duration_back': 0, 'transfers': 1}], 'currency': 'RUB', 'success': True}
2025-05-03 06:34:31,056 - DEBUG - Signature string: ba463465c90bfaee386337e7c62e8a35:currency=RUB:departure_at=2025-05-04:destination=GUW:direct=false:limit=100:market=us:origin=MOW
2025-05-03 06:34:31,056 - DEBUG - Sending API request to https://api.travelpayouts.com/aviasales/v3/prices_for_dates with params: {'origin': 'MOW', 'destination': 'GUW', 'departure_at': '2025-05-04', 'currency': 'RUB', 'market': 'us', 'limit': 100, 'direct': 'false', 'token': 'ba463465c90bfaee386337e7c62e8a35', 'signature': '5f6e0e898967b0553807ef2d2dfd7827'}
2025-05-03 06:34:31,056 - DEBUG - Starting new HTTPS connection (1): api.travelpayouts.com:443
2025-05-03 06:34:31,817 - DEBUG - https://api.travelpayouts.com:443 "GET /aviasales/v3/prices_for_dates?origin=MOW&destination=GUW&departure_at=2025-05-04&currency=RUB&market=us&limit=100&direct=false&token=ba463465c90bfaee386337e7c62e8a35&signature=5f6e0e898967b0553807ef2d2dfd7827 HTTP/1.1" 200 386
2025-05-03 06:34:31,817 - DEBUG - API response for market us: {'data': [{'flight_number': '1954', 'link': '/search/MOW0405GUW1?t=SU17463606001746510600002380SVOSCOGUW_6a3cbf166cbd997483e4f6f9a3bee405_20120&search_date=02052025&expected_price_uuid=4ed28cbe-181b-4f1e-9ded-6a42d3857903&expected_price_source=share&expected_price_currency=rub&expected_price=20117', 'origin_airport': 'SVO', 'destination_airport': 'GUW', 'departure_at': '2025-05-04T12:10:00+03:00', 'airline': 'SU', 'destination': 'GUW', 'origin': 'MOW', 'price': 20117, 'return_transfers': 0, 'duration': 2380, 'duration_to': 235, 'duration_back': 0, 'transfers': 1}], 'currency': 'RUB', 'success': True}
2025-05-03 06:34:31,817 - DEBUG - Processed 2 flights from API
2025-05-03 06:34:31,817 - DEBUG - Returning response: {'success': True, 'flights': [{'id': 1, 'airline': 'Aeroflot', 'departure': 'Москва', 'destination': 'Атырау', 'actual_destination': 'GUW', 'departure_time': '12:10', 'arrival_time': '00:00', 'class': 'economy', 'price': 20117.0, 'discount': 0, 'available_seats': 1, 'duration': '3ч 55м в пути', 'transfers': '1 пересадок', 'currency': 'RUB'}, {'id': 2, 'airline': 'Aeroflot', 'departure': 'Москва', 'destination': 'Атырау', 'actual_destination': 'GUW', 'departure_time': '22:45', 'arrival_time': '00:00', 'class': 'economy', 'price': 22615.0, 'discount': 0, 'available_seats': 1, 'duration': '7ч 40м в пути', 'transfers': '1 пересадок', 'currency': 'RUB'}]}
2025-05-03 06:34:31,817 - DEBUG - Main execution completed
2025-05-03 06:35:48,351 - DEBUG - Starting main execution
2025-05-03 06:35:48,351 - DEBUG - Attempting to get user from session
2025-05-03 06:35:48,351 - DEBUG - User ID: None
2025-05-03 06:35:48,351 - DEBUG - Received form data: {'departure': 'Алматы', 'destination': 'Тбилиси', 'departure_date': '2025-05-03', 'return_date': '', 'passengers': '1', 'class': 'economy', 'user_id': '1'}
2025-05-03 06:35:48,351 - DEBUG - Request data validated: {'departure': 'Алматы', 'destination': 'Тбилиси', 'departure_date': '2025-05-03', 'return_date': '', 'passengers': '1', 'class': 'economy'}
2025-05-03 06:35:48,351 - DEBUG - Attempting to log search request: {'departure': 'Алматы', 'destination': 'Тбилиси', 'departure_date': '2025-05-03', 'return_date': '', 'passengers': '1', 'class': 'economy'}
2025-05-03 06:35:48,351 - DEBUG - Attempting to connect to database: C:\Apache24\htdocs\logs\flight_search.db
2025-05-03 06:35:48,358 - DEBUG - Connected to database, setting WAL mode
2025-05-03 06:35:48,365 - DEBUG - Journal mode set to: wal
2025-05-03 06:35:48,365 - WARNING - Attempt 1/3 failed to log search request due to: table search_requests has no column named class
2025-05-03 06:35:49,368 - DEBUG - Attempting to connect to database: C:\Apache24\htdocs\logs\flight_search.db
2025-05-03 06:35:49,368 - DEBUG - Connected to database, setting WAL mode
2025-05-03 06:35:49,368 - DEBUG - Journal mode set to: wal
2025-05-03 06:35:49,368 - WARNING - Attempt 2/3 failed to log search request due to: table search_requests has no column named class
2025-05-03 06:35:51,370 - DEBUG - Attempting to connect to database: C:\Apache24\htdocs\logs\flight_search.db
2025-05-03 06:35:51,370 - DEBUG - Connected to database, setting WAL mode
2025-05-03 06:35:51,370 - DEBUG - Journal mode set to: wal
2025-05-03 06:35:51,370 - WARNING - Attempt 3/3 failed to log search request due to: table search_requests has no column named class
2025-05-03 06:35:55,372 - ERROR - Max retries reached for logging search request. Skipping. Data: {'departure': 'Алматы', 'destination': 'Тбилиси', 'departure_date': '2025-05-03', 'return_date': '', 'passengers': '1', 'class': 'economy'}
2025-05-03 06:35:55,372 - DEBUG - Attempting to log audit: search_flight, {'departure': 'Алматы', 'destination': 'Тбилиси', 'departure_date': '2025-05-03', 'return_date': '', 'passengers': '1', 'class': 'economy'}
2025-05-03 06:35:55,372 - DEBUG - Attempting to connect to database: C:\Apache24\htdocs\logs\flight_search.db
2025-05-03 06:35:55,372 - DEBUG - Connected to database, setting WAL mode
2025-05-03 06:35:55,372 - DEBUG - Journal mode set to: wal
2025-05-03 06:35:55,372 - WARNING - Attempt 1/3 failed to log audit due to: no such table: audit_logs
2025-05-03 06:35:56,373 - DEBUG - Attempting to connect to database: C:\Apache24\htdocs\logs\flight_search.db
2025-05-03 06:35:56,373 - DEBUG - Connected to database, setting WAL mode
2025-05-03 06:35:56,373 - DEBUG - Journal mode set to: wal
2025-05-03 06:35:56,373 - WARNING - Attempt 2/3 failed to log audit due to: no such table: audit_logs
2025-05-03 06:35:58,375 - DEBUG - Attempting to connect to database: C:\Apache24\htdocs\logs\flight_search.db
2025-05-03 06:35:58,375 - DEBUG - Connected to database, setting WAL mode
2025-05-03 06:35:58,375 - DEBUG - Journal mode set to: wal
2025-05-03 06:35:58,375 - WARNING - Attempt 3/3 failed to log audit due to: no such table: audit_logs
2025-05-03 06:36:02,376 - ERROR - Max retries reached for logging audit. Skipping. Details: {'departure': 'Алматы', 'destination': 'Тбилиси', 'departure_date': '2025-05-03', 'return_date': '', 'passengers': '1', 'class': 'economy'}
2025-05-03 06:36:02,376 - DEBUG - Searching flights via API: departure=Алматы, destination=Тбилиси, date=2025-05-03, class=economy, passengers=1
2025-05-03 06:36:02,376 - DEBUG - Signature string: ba463465c90bfaee386337e7c62e8a35:currency=RUB:departure_at=2025-05-03:destination=TBS:direct=false:limit=100:market=ru:origin=ALA
2025-05-03 06:36:02,376 - DEBUG - Sending API request to https://api.travelpayouts.com/aviasales/v3/prices_for_dates with params: {'origin': 'ALA', 'destination': 'TBS', 'departure_at': '2025-05-03', 'currency': 'RUB', 'market': 'ru', 'limit': 100, 'direct': 'false', 'token': 'ba463465c90bfaee386337e7c62e8a35', 'signature': 'fcfbb44940c91f4e65039b66305b07e9'}
2025-05-03 06:36:02,376 - DEBUG - Starting new HTTPS connection (1): api.travelpayouts.com:443
2025-05-03 06:36:03,223 - DEBUG - https://api.travelpayouts.com:443 "GET /aviasales/v3/prices_for_dates?origin=ALA&destination=TBS&departure_at=2025-05-03&currency=RUB&market=ru&limit=100&direct=false&token=ba463465c90bfaee386337e7c62e8a35&signature=fcfbb44940c91f4e65039b66305b07e9 HTTP/1.1" 200 43
2025-05-03 06:36:03,223 - DEBUG - API response for market ru: {'data': [], 'currency': 'RUB', 'success': True}
2025-05-03 06:36:03,223 - DEBUG - Signature string: ba463465c90bfaee386337e7c62e8a35:currency=RUB:departure_at=2025-05-03:destination=TBS:direct=false:limit=100:market=kz:origin=ALA
2025-05-03 06:36:03,223 - DEBUG - Sending API request to https://api.travelpayouts.com/aviasales/v3/prices_for_dates with params: {'origin': 'ALA', 'destination': 'TBS', 'departure_at': '2025-05-03', 'currency': 'RUB', 'market': 'kz', 'limit': 100, 'direct': 'false', 'token': 'ba463465c90bfaee386337e7c62e8a35', 'signature': '60b513e0db55536ec0b30b09642278d5'}
2025-05-03 06:36:03,223 - DEBUG - Starting new HTTPS connection (1): api.travelpayouts.com:443
2025-05-03 06:36:04,035 - DEBUG - https://api.travelpayouts.com:443 "GET /aviasales/v3/prices_for_dates?origin=ALA&destination=TBS&departure_at=2025-05-03&currency=RUB&market=kz&limit=100&direct=false&token=ba463465c90bfaee386337e7c62e8a35&signature=60b513e0db55536ec0b30b09642278d5 HTTP/1.1" 200 377
2025-05-03 06:36:04,035 - DEBUG - API response for market kz: {'data': [{'flight_number': '6142', 'link': '/search/ALA0305TBS1?t=A417462556001746353400001690ALAMRVTBS_86209ab4e272abeb20111ac8b9a8f5ce_27743&search_date=02052025&expected_price_uuid=c59ac2ff-a1ef-49dc-986f-632c5b326d00&expected_price_source=share&expected_price_currency=rub&expected_price=27743', 'origin_airport': 'ALA', 'destination_airport': 'TBS', 'departure_at': '2025-05-03T07:00:00+06:00', 'airline': 'A4', 'destination': 'TBS', 'origin': 'ALA', 'price': 27743, 'return_transfers': 0, 'duration': 1690, 'duration_to': 305, 'duration_back': 0, 'transfers': 1}], 'currency': 'RUB', 'success': True}
2025-05-03 06:36:04,035 - DEBUG - Signature string: ba463465c90bfaee386337e7c62e8a35:currency=RUB:departure_at=2025-05-03:destination=TBS:direct=false:limit=100:market=us:origin=ALA
2025-05-03 06:36:04,035 - DEBUG - Sending API request to https://api.travelpayouts.com/aviasales/v3/prices_for_dates with params: {'origin': 'ALA', 'destination': 'TBS', 'departure_at': '2025-05-03', 'currency': 'RUB', 'market': 'us', 'limit': 100, 'direct': 'false', 'token': 'ba463465c90bfaee386337e7c62e8a35', 'signature': '59135260350d8e6a3875ebe5574c11a3'}
2025-05-03 06:36:04,035 - DEBUG - Starting new HTTPS connection (1): api.travelpayouts.com:443
2025-05-03 06:36:04,438 - DEBUG - https://api.travelpayouts.com:443 "GET /aviasales/v3/prices_for_dates?origin=ALA&destination=TBS&departure_at=2025-05-03&currency=RUB&market=us&limit=100&direct=false&token=ba463465c90bfaee386337e7c62e8a35&signature=59135260350d8e6a3875ebe5574c11a3 HTTP/1.1" 200 43
2025-05-03 06:36:04,445 - DEBUG - API response for market us: {'data': [], 'currency': 'RUB', 'success': True}
2025-05-03 06:36:04,445 - DEBUG - Processed 1 flights from API
2025-05-03 06:36:04,445 - DEBUG - Returning response: {'success': True, 'flights': [{'id': 1, 'airline': 'A4', 'departure': 'Алматы', 'destination': 'Тбилиси', 'actual_destination': 'TBS', 'departure_time': '07:00', 'arrival_time': '00:00', 'class': 'economy', 'price': 27743.0, 'discount': 0, 'available_seats': 1, 'duration': '5ч 5м в пути', 'transfers': '1 пересадок', 'currency': 'RUB'}]}
2025-05-03 06:36:04,445 - DEBUG - Main execution completed
2025-05-03 06:40:40,051 - DEBUG - Starting main execution
2025-05-03 06:40:40,051 - DEBUG - Attempting to get user from session
2025-05-03 06:40:40,051 - DEBUG - User ID: None
2025-05-03 06:40:40,051 - DEBUG - Received form data: {'departure': 'Москва', 'destination': 'Дубай', 'departure_date': '2025-05-03', 'return_date': '', 'passengers': '1', 'class': 'economy', 'user_id': '1'}
2025-05-03 06:40:40,051 - DEBUG - Request data validated: {'departure': 'Москва', 'destination': 'Дубай', 'departure_date': '2025-05-03', 'return_date': '', 'passengers': '1', 'class': 'economy'}
2025-05-03 06:40:40,051 - DEBUG - Attempting to log search request: {'departure': 'Москва', 'destination': 'Дубай', 'departure_date': '2025-05-03', 'return_date': '', 'passengers': '1', 'class': 'economy'}
2025-05-03 06:40:40,051 - DEBUG - Attempting to connect to database: C:\Apache24\htdocs\logs\flight_search.db
2025-05-03 06:40:40,051 - DEBUG - Connected to database, setting WAL mode
2025-05-03 06:40:40,058 - DEBUG - Journal mode set to: wal
2025-05-03 06:40:40,058 - WARNING - Attempt 1/3 failed to log search request due to: table search_requests has no column named class
2025-05-03 06:40:41,065 - DEBUG - Attempting to connect to database: C:\Apache24\htdocs\logs\flight_search.db
2025-05-03 06:40:41,065 - DEBUG - Connected to database, setting WAL mode
2025-05-03 06:40:41,065 - DEBUG - Journal mode set to: wal
2025-05-03 06:40:41,065 - WARNING - Attempt 2/3 failed to log search request due to: table search_requests has no column named class
2025-05-03 06:40:43,068 - DEBUG - Attempting to connect to database: C:\Apache24\htdocs\logs\flight_search.db
2025-05-03 06:40:43,068 - DEBUG - Connected to database, setting WAL mode
2025-05-03 06:40:43,068 - DEBUG - Journal mode set to: wal
2025-05-03 06:40:43,068 - WARNING - Attempt 3/3 failed to log search request due to: table search_requests has no column named class
2025-05-03 06:40:47,069 - ERROR - Max retries reached for logging search request. Skipping. Data: {'departure': 'Москва', 'destination': 'Дубай', 'departure_date': '2025-05-03', 'return_date': '', 'passengers': '1', 'class': 'economy'}
2025-05-03 06:40:47,069 - DEBUG - Attempting to log audit: search_flight, {'departure': 'Москва', 'destination': 'Дубай', 'departure_date': '2025-05-03', 'return_date': '', 'passengers': '1', 'class': 'economy'}
2025-05-03 06:40:47,069 - DEBUG - Attempting to connect to database: C:\Apache24\htdocs\logs\flight_search.db
2025-05-03 06:40:47,070 - DEBUG - Connected to database, setting WAL mode
2025-05-03 06:40:47,070 - DEBUG - Journal mode set to: wal
2025-05-03 06:40:47,071 - WARNING - Attempt 1/3 failed to log audit due to: no such table: audit_logs
2025-05-03 06:40:48,071 - DEBUG - Attempting to connect to database: C:\Apache24\htdocs\logs\flight_search.db
2025-05-03 06:40:48,071 - DEBUG - Connected to database, setting WAL mode
2025-05-03 06:40:48,071 - DEBUG - Journal mode set to: wal
2025-05-03 06:40:48,071 - WARNING - Attempt 2/3 failed to log audit due to: no such table: audit_logs
2025-05-03 06:40:50,073 - DEBUG - Attempting to connect to database: C:\Apache24\htdocs\logs\flight_search.db
2025-05-03 06:40:50,073 - DEBUG - Connected to database, setting WAL mode
2025-05-03 06:40:50,073 - DEBUG - Journal mode set to: wal
2025-05-03 06:40:50,073 - WARNING - Attempt 3/3 failed to log audit due to: no such table: audit_logs
2025-05-03 06:40:54,076 - ERROR - Max retries reached for logging audit. Skipping. Details: {'departure': 'Москва', 'destination': 'Дубай', 'departure_date': '2025-05-03', 'return_date': '', 'passengers': '1', 'class': 'economy'}
2025-05-03 06:40:54,076 - DEBUG - Searching flights via API: departure=Москва, destination=Дубай, date=2025-05-03, class=economy, passengers=1
2025-05-03 06:40:54,077 - DEBUG - Signature string: ba463465c90bfaee386337e7c62e8a35:currency=RUB:departure_at=2025-05-03:destination=DXB:direct=false:limit=100:market=ru:origin=MOW
2025-05-03 06:40:54,077 - DEBUG - Sending API request to https://api.travelpayouts.com/aviasales/v3/prices_for_dates with params: {'origin': 'MOW', 'destination': 'DXB', 'departure_at': '2025-05-03', 'currency': 'RUB', 'market': 'ru', 'limit': 100, 'direct': 'false', 'token': 'ba463465c90bfaee386337e7c62e8a35', 'signature': '0e10fa706d13043ed6e18cf7c50f945b'}
2025-05-03 06:40:54,077 - DEBUG - Starting new HTTPS connection (1): api.travelpayouts.com:443
2025-05-03 06:40:54,944 - DEBUG - https://api.travelpayouts.com:443 "GET /aviasales/v3/prices_for_dates?origin=MOW&destination=DXB&departure_at=2025-05-03&currency=RUB&market=ru&limit=100&direct=false&token=ba463465c90bfaee386337e7c62e8a35&signature=0e10fa706d13043ed6e18cf7c50f945b HTTP/1.1" 200 384
2025-05-03 06:40:54,944 - DEBUG - API response for market ru: {'data': [{'flight_number': '702', 'link': '/search/MOW0305SHJ1?t=HH17463048001746377100001145DMETASSHJ_d7c786a3d960e67e68852e8da786c859_21328&search_date=03052025&expected_price_uuid=bd870d56-3008-4e03-bb9a-a056cb37c200&expected_price_source=share&expected_price_currency=rub&expected_price=21328', 'origin_airport': 'DME', 'destination_airport': 'SHJ', 'departure_at': '2025-05-03T20:40:00+03:00', 'airline': 'HH', 'destination': 'SHJ', 'origin': 'MOW', 'price': 21328, 'return_transfers': 0, 'duration': 1145, 'duration_to': 435, 'duration_back': 0, 'transfers': 1}], 'currency': 'RUB', 'success': True}
2025-05-03 06:40:54,944 - INFO - Alternative destination returned: SHJ instead of DXB
2025-05-03 06:40:54,944 - DEBUG - Signature string: ba463465c90bfaee386337e7c62e8a35:currency=RUB:departure_at=2025-05-03:destination=DXB:direct=false:limit=100:market=kz:origin=MOW
2025-05-03 06:40:54,944 - DEBUG - Sending API request to https://api.travelpayouts.com/aviasales/v3/prices_for_dates with params: {'origin': 'MOW', 'destination': 'DXB', 'departure_at': '2025-05-03', 'currency': 'RUB', 'market': 'kz', 'limit': 100, 'direct': 'false', 'token': 'ba463465c90bfaee386337e7c62e8a35', 'signature': '352e9ba605be5f248b9b203b5964ae0f'}
2025-05-03 06:40:54,951 - DEBUG - Starting new HTTPS connection (1): api.travelpayouts.com:443
2025-05-03 06:40:55,674 - DEBUG - https://api.travelpayouts.com:443 "GET /aviasales/v3/prices_for_dates?origin=MOW&destination=DXB&departure_at=2025-05-03&currency=RUB&market=kz&limit=100&direct=false&token=ba463465c90bfaee386337e7c62e8a35&signature=352e9ba605be5f248b9b203b5964ae0f HTTP/1.1" 200 385
2025-05-03 06:40:55,674 - DEBUG - API response for market kz: {'data': [{'flight_number': '278', 'link': '/search/MOW0305DXB1?t=VF17462835001746325800000645VKOSAWDXB_e2b23d54363571b9ff207c157efa0a90_21758&search_date=02052025&expected_price_uuid=073e4b98-a2c4-49f1-8025-14473d766802&expected_price_source=share&expected_price_currency=rub&expected_price=21758', 'origin_airport': 'VKO', 'destination_airport': 'DXB', 'departure_at': '2025-05-03T14:45:00+03:00', 'airline': 'VF', 'destination': 'DXB', 'origin': 'MOW', 'price': 21758, 'return_transfers': 0, 'duration': 645, 'duration_to': 515, 'duration_back': 0, 'transfers': 1}], 'currency': 'RUB', 'success': True}
2025-05-03 06:40:55,674 - DEBUG - Signature string: ba463465c90bfaee386337e7c62e8a35:currency=RUB:departure_at=2025-05-03:destination=DXB:direct=false:limit=100:market=us:origin=MOW
2025-05-03 06:40:55,674 - DEBUG - Sending API request to https://api.travelpayouts.com/aviasales/v3/prices_for_dates with params: {'origin': 'MOW', 'destination': 'DXB', 'departure_at': '2025-05-03', 'currency': 'RUB', 'market': 'us', 'limit': 100, 'direct': 'false', 'token': 'ba463465c90bfaee386337e7c62e8a35', 'signature': '49932fdae9d15a294df2712dae72cc38'}
2025-05-03 06:40:55,674 - DEBUG - Starting new HTTPS connection (1): api.travelpayouts.com:443
2025-05-03 06:40:56,062 - DEBUG - https://api.travelpayouts.com:443 "GET /aviasales/v3/prices_for_dates?origin=MOW&destination=DXB&departure_at=2025-05-03&currency=RUB&market=us&limit=100&direct=false&token=ba463465c90bfaee386337e7c62e8a35&signature=49932fdae9d15a294df2712dae72cc38 HTTP/1.1" 200 388
2025-05-03 06:40:56,069 - DEBUG - API response for market us: {'data': [{'flight_number': '278', 'link': '/search/MOW0305DXB1?t=VF17462835001746325800000645VKOSAWDXB_e2b23d54363571b9ff207c157efa0a90_21875&search_date=02052025&expected_price_uuid=ca1b3998-8c95-4a6b-83f1-eddafa5b1d00&expected_price_source=share&expected_price_currency=rub&expected_price=21845', 'origin_airport': 'VKO', 'destination_airport': 'DXB', 'departure_at': '2025-05-03T14:45:00+03:00', 'airline': 'VF', 'destination': 'DXB', 'origin': 'MOW', 'price': 21845, 'return_transfers': 0, 'duration': 645, 'duration_to': 515, 'duration_back': 0, 'transfers': 1}], 'currency': 'RUB', 'success': True}
2025-05-03 06:40:56,069 - DEBUG - Processed 2 flights from API
2025-05-03 06:40:56,070 - DEBUG - Returning response: {'success': True, 'flights': [{'id': 1, 'airline': 'AtlasGlobal', 'departure': 'Москва', 'destination': 'Дубай', 'actual_destination': 'SHJ', 'departure_time': '20:40', 'arrival_time': '00:00', 'class': 'economy', 'price': 21328.0, 'discount': 0, 'available_seats': 1, 'duration': '7ч 15м в пути', 'transfers': '1 пересадок', 'currency': 'RUB'}, {'id': 2, 'airline': 'Valuair', 'departure': 'Москва', 'destination': 'Дубай', 'actual_destination': 'DXB', 'departure_time': '14:45', 'arrival_time': '00:00', 'class': 'economy', 'price': 21758.0, 'discount': 0, 'available_seats': 1, 'duration': '8ч 35м в пути', 'transfers': '1 пересадок', 'currency': 'RUB'}]}
2025-05-03 06:40:56,070 - DEBUG - Main execution completed
2025-05-03 06:51:08,333 - DEBUG - Starting main execution
2025-05-03 06:51:08,333 - DEBUG - Attempting to get user from session
2025-05-03 06:51:08,333 - DEBUG - User ID: None
2025-05-03 06:51:08,333 - DEBUG - Received form data: {'departure': 'Алматы', 'destination': 'Атырау', 'departure_date': '2025-05-03', 'return_date': '', 'passengers': '1', 'class': 'economy', 'user_id': '1'}
2025-05-03 06:51:08,333 - DEBUG - Request data validated: {'departure': 'Алматы', 'destination': 'Атырау', 'departure_date': '2025-05-03', 'return_date': '', 'passengers': '1', 'class': 'economy'}
2025-05-03 06:51:08,333 - DEBUG - Attempting to log search request: {'departure': 'Алматы', 'destination': 'Атырау', 'departure_date': '2025-05-03', 'return_date': '', 'passengers': '1', 'class': 'economy'}
2025-05-03 06:51:08,333 - DEBUG - Attempting to connect to database: C:\Apache24\htdocs\logs\flight_search.db
2025-05-03 06:51:08,333 - DEBUG - Connected to database, setting WAL mode
2025-05-03 06:51:08,349 - DEBUG - Journal mode set to: wal
2025-05-03 06:51:08,349 - WARNING - Attempt 1/3 failed to log search request due to: table search_requests has no column named class
2025-05-03 06:51:09,357 - DEBUG - Attempting to connect to database: C:\Apache24\htdocs\logs\flight_search.db
2025-05-03 06:51:09,357 - DEBUG - Connected to database, setting WAL mode
2025-05-03 06:51:09,359 - DEBUG - Journal mode set to: wal
2025-05-03 06:51:09,359 - WARNING - Attempt 2/3 failed to log search request due to: table search_requests has no column named class
2025-05-03 06:51:11,361 - DEBUG - Attempting to connect to database: C:\Apache24\htdocs\logs\flight_search.db
2025-05-03 06:51:11,361 - DEBUG - Connected to database, setting WAL mode
2025-05-03 06:51:11,363 - DEBUG - Journal mode set to: wal
2025-05-03 06:51:11,363 - WARNING - Attempt 3/3 failed to log search request due to: table search_requests has no column named class
2025-05-03 06:51:15,364 - ERROR - Max retries reached for logging search request. Skipping. Data: {'departure': 'Алматы', 'destination': 'Атырау', 'departure_date': '2025-05-03', 'return_date': '', 'passengers': '1', 'class': 'economy'}
2025-05-03 06:51:15,364 - DEBUG - Attempting to log audit: search_flight, {'departure': 'Алматы', 'destination': 'Атырау', 'departure_date': '2025-05-03', 'return_date': '', 'passengers': '1', 'class': 'economy'}
2025-05-03 06:51:15,364 - DEBUG - Attempting to connect to database: C:\Apache24\htdocs\logs\flight_search.db
2025-05-03 06:51:15,366 - DEBUG - Connected to database, setting WAL mode
2025-05-03 06:51:15,366 - DEBUG - Journal mode set to: wal
2025-05-03 06:51:15,366 - WARNING - Attempt 1/3 failed to log audit due to: no such table: audit_logs
2025-05-03 06:51:16,368 - DEBUG - Attempting to connect to database: C:\Apache24\htdocs\logs\flight_search.db
2025-05-03 06:51:16,368 - DEBUG - Connected to database, setting WAL mode
2025-05-03 06:51:16,368 - DEBUG - Journal mode set to: wal
2025-05-03 06:51:16,368 - WARNING - Attempt 2/3 failed to log audit due to: no such table: audit_logs
2025-05-03 06:51:18,371 - DEBUG - Attempting to connect to database: C:\Apache24\htdocs\logs\flight_search.db
2025-05-03 06:51:18,371 - DEBUG - Connected to database, setting WAL mode
2025-05-03 06:51:18,371 - DEBUG - Journal mode set to: wal
2025-05-03 06:51:18,371 - WARNING - Attempt 3/3 failed to log audit due to: no such table: audit_logs
2025-05-03 06:51:22,372 - ERROR - Max retries reached for logging audit. Skipping. Details: {'departure': 'Алматы', 'destination': 'Атырау', 'departure_date': '2025-05-03', 'return_date': '', 'passengers': '1', 'class': 'economy'}
2025-05-03 06:51:22,372 - DEBUG - Searching flights via API: departure=Алматы, destination=Атырау, date=2025-05-03, class=economy, passengers=1
2025-05-03 06:51:22,372 - DEBUG - Signature string: ba463465c90bfaee386337e7c62e8a35:currency=RUB:departure_at=2025-05-03:destination=GUW:direct=false:limit=100:market=ru:origin=ALA
2025-05-03 06:51:22,372 - DEBUG - Sending API request to https://api.travelpayouts.com/aviasales/v3/prices_for_dates with params: {'origin': 'ALA', 'destination': 'GUW', 'departure_at': '2025-05-03', 'currency': 'RUB', 'market': 'ru', 'limit': 100, 'direct': 'false', 'token': 'ba463465c90bfaee386337e7c62e8a35', 'signature': '5fb12f5c3ec081fa20c053d271463129'}
2025-05-03 06:51:22,372 - DEBUG - Starting new HTTPS connection (1): api.travelpayouts.com:443
2025-05-03 06:51:23,252 - DEBUG - https://api.travelpayouts.com:443 "GET /aviasales/v3/prices_for_dates?origin=ALA&destination=GUW&departure_at=2025-05-03&currency=RUB&market=ru&limit=100&direct=false&token=ba463465c90bfaee386337e7c62e8a35&signature=5fb12f5c3ec081fa20c053d271463129 HTTP/1.1" 200 370
2025-05-03 06:51:23,252 - DEBUG - API response for market ru: {'data': [{'flight_number': '877', 'link': '/search/ALA0305GUW1?t=KC17462550001746266700000195ALAGUW_21c95fa533fc7c1c1e4e09c07ad5cbd4_7722&search_date=03052025&expected_price_uuid=b9bbb293-0faa-4e04-9f2f-2d0c67287a03&expected_price_source=share&expected_price_currency=rub&expected_price=7722', 'origin_airport': 'ALA', 'destination_airport': 'GUW', 'departure_at': '2025-05-03T06:50:00+06:00', 'airline': 'KC', 'destination': 'GUW', 'origin': 'ALA', 'price': 7722, 'return_transfers': 0, 'duration': 195, 'duration_to': 195, 'duration_back': 0, 'transfers': 0}], 'currency': 'RUB', 'success': True}
2025-05-03 06:51:23,252 - DEBUG - Signature string: ba463465c90bfaee386337e7c62e8a35:currency=RUB:departure_at=2025-05-03:destination=GUW:direct=false:limit=100:market=kz:origin=ALA
2025-05-03 06:51:23,252 - DEBUG - Sending API request to https://api.travelpayouts.com/aviasales/v3/prices_for_dates with params: {'origin': 'ALA', 'destination': 'GUW', 'departure_at': '2025-05-03', 'currency': 'RUB', 'market': 'kz', 'limit': 100, 'direct': 'false', 'token': 'ba463465c90bfaee386337e7c62e8a35', 'signature': 'ae023f0437022a6d9fe0caace23c4d9e'}
2025-05-03 06:51:23,252 - DEBUG - Starting new HTTPS connection (1): api.travelpayouts.com:443
2025-05-03 06:51:23,613 - DEBUG - https://api.travelpayouts.com:443 "GET /aviasales/v3/prices_for_dates?origin=ALA&destination=GUW&departure_at=2025-05-03&currency=RUB&market=kz&limit=100&direct=false&token=ba463465c90bfaee386337e7c62e8a35&signature=ae023f0437022a6d9fe0caace23c4d9e HTTP/1.1" 200 371
2025-05-03 06:51:23,613 - DEBUG - API response for market kz: {'data': [{'flight_number': '769', 'link': '/search/ALA0305GUW1?t=DV17462631001746274500000190ALAGUW_b194fcb3f329d176312f2cc59efad81a_7088&search_date=03052025&expected_price_uuid=cc9b0860-8d88-4810-ac71-dcdff77b7103&expected_price_source=share&expected_price_currency=rub&expected_price=7088', 'origin_airport': 'ALA', 'destination_airport': 'GUW', 'departure_at': '2025-05-03T09:05:00+06:00', 'airline': 'DV', 'destination': 'GUW', 'origin': 'ALA', 'price': 7088, 'return_transfers': 0, 'duration': 190, 'duration_to': 190, 'duration_back': 0, 'transfers': 0}], 'currency': 'RUB', 'success': True}
2025-05-03 06:51:23,613 - DEBUG - Signature string: ba463465c90bfaee386337e7c62e8a35:currency=RUB:departure_at=2025-05-03:destination=GUW:direct=false:limit=100:market=us:origin=ALA
2025-05-03 06:51:23,613 - DEBUG - Sending API request to https://api.travelpayouts.com/aviasales/v3/prices_for_dates with params: {'origin': 'ALA', 'destination': 'GUW', 'departure_at': '2025-05-03', 'currency': 'RUB', 'market': 'us', 'limit': 100, 'direct': 'false', 'token': 'ba463465c90bfaee386337e7c62e8a35', 'signature': '08327340ac00955195bb73178b18d10a'}
2025-05-03 06:51:23,627 - DEBUG - Starting new HTTPS connection (1): api.travelpayouts.com:443
2025-05-03 06:51:24,023 - DEBUG - https://api.travelpayouts.com:443 "GET /aviasales/v3/prices_for_dates?origin=ALA&destination=GUW&departure_at=2025-05-03&currency=RUB&market=us&limit=100&direct=false&token=ba463465c90bfaee386337e7c62e8a35&signature=08327340ac00955195bb73178b18d10a HTTP/1.1" 200 371
2025-05-03 06:51:24,023 - DEBUG - API response for market us: {'data': [{'flight_number': '769', 'link': '/search/ALA0305GUW1?t=DV17462631001746274500000190ALAGUW_b194fcb3f329d176312f2cc59efad81a_7088&search_date=03052025&expected_price_uuid=cc9b0860-8d88-4810-ac71-dcdff77b7103&expected_price_source=share&expected_price_currency=rub&expected_price=7088', 'origin_airport': 'ALA', 'destination_airport': 'GUW', 'departure_at': '2025-05-03T09:05:00+06:00', 'airline': 'DV', 'destination': 'GUW', 'origin': 'ALA', 'price': 7088, 'return_transfers': 0, 'duration': 190, 'duration_to': 190, 'duration_back': 0, 'transfers': 0}], 'currency': 'RUB', 'success': True}
2025-05-03 06:51:24,023 - DEBUG - Processed 2 flights from API
2025-05-03 06:51:24,023 - DEBUG - Returning response: {'success': True, 'flights': [{'id': 1, 'airline': 'KC', 'departure': 'Алматы', 'destination': 'Атырау', 'actual_destination': 'GUW', 'departure_time': '06:50', 'arrival_time': '00:00', 'class': 'economy', 'price': 7722.0, 'discount': 0, 'available_seats': 1, 'duration': '3ч 15м в пути', 'transfers': 'прямой', 'currency': 'RUB'}, {'id': 2, 'airline': 'DV', 'departure': 'Алматы', 'destination': 'Атырау', 'actual_destination': 'GUW', 'departure_time': '09:05', 'arrival_time': '00:00', 'class': 'economy', 'price': 7088.0, 'discount': 0, 'available_seats': 1, 'duration': '3ч 10м в пути', 'transfers': 'прямой', 'currency': 'RUB'}]}
2025-05-03 06:51:24,023 - DEBUG - Main execution completed
2025-05-03 06:53:42,482 - DEBUG - Starting main execution
2025-05-03 06:53:42,482 - DEBUG - Attempting to get user from session
2025-05-03 06:53:42,482 - DEBUG - User ID: None
2025-05-03 06:53:42,482 - DEBUG - Received form data: {'departure': 'Москва', 'destination': 'Атырау', 'departure_date': '2025-05-03', 'return_date': '', 'passengers': '1', 'class': 'economy', 'user_id': '1'}
2025-05-03 06:53:42,489 - DEBUG - Request data validated: {'departure': 'Москва', 'destination': 'Атырау', 'departure_date': '2025-05-03', 'return_date': '', 'passengers': '1', 'class': 'economy'}
2025-05-03 06:53:42,489 - DEBUG - Attempting to log search request: {'departure': 'Москва', 'destination': 'Атырау', 'departure_date': '2025-05-03', 'return_date': '', 'passengers': '1', 'class': 'economy'}
2025-05-03 06:53:42,489 - DEBUG - Attempting to connect to database: C:\Apache24\htdocs\logs\flight_search.db
2025-05-03 06:53:42,489 - DEBUG - Connected to database, setting WAL mode
2025-05-03 06:53:42,496 - DEBUG - Journal mode set to: wal
2025-05-03 06:53:42,496 - WARNING - Attempt 1/3 failed to log search request due to: table search_requests has no column named class
2025-05-03 06:53:43,498 - DEBUG - Attempting to connect to database: C:\Apache24\htdocs\logs\flight_search.db
2025-05-03 06:53:43,498 - DEBUG - Connected to database, setting WAL mode
2025-05-03 06:53:43,498 - DEBUG - Journal mode set to: wal
2025-05-03 06:53:43,498 - WARNING - Attempt 2/3 failed to log search request due to: table search_requests has no column named class
2025-05-03 06:53:45,500 - DEBUG - Attempting to connect to database: C:\Apache24\htdocs\logs\flight_search.db
2025-05-03 06:53:45,500 - DEBUG - Connected to database, setting WAL mode
2025-05-03 06:53:45,500 - DEBUG - Journal mode set to: wal
2025-05-03 06:53:45,500 - WARNING - Attempt 3/3 failed to log search request due to: table search_requests has no column named class
2025-05-03 06:53:49,502 - ERROR - Max retries reached for logging search request. Skipping. Data: {'departure': 'Москва', 'destination': 'Атырау', 'departure_date': '2025-05-03', 'return_date': '', 'passengers': '1', 'class': 'economy'}
2025-05-03 06:53:49,502 - DEBUG - Attempting to log audit: search_flight, {'departure': 'Москва', 'destination': 'Атырау', 'departure_date': '2025-05-03', 'return_date': '', 'passengers': '1', 'class': 'economy'}
2025-05-03 06:53:49,502 - DEBUG - Attempting to connect to database: C:\Apache24\htdocs\logs\flight_search.db
2025-05-03 06:53:49,502 - DEBUG - Connected to database, setting WAL mode
2025-05-03 06:53:49,502 - DEBUG - Journal mode set to: wal
2025-05-03 06:53:49,502 - WARNING - Attempt 1/3 failed to log audit due to: no such table: audit_logs
2025-05-03 06:53:50,503 - DEBUG - Attempting to connect to database: C:\Apache24\htdocs\logs\flight_search.db
2025-05-03 06:53:50,503 - DEBUG - Connected to database, setting WAL mode
2025-05-03 06:53:50,503 - DEBUG - Journal mode set to: wal
2025-05-03 06:53:50,503 - WARNING - Attempt 2/3 failed to log audit due to: no such table: audit_logs
2025-05-03 06:53:52,505 - DEBUG - Attempting to connect to database: C:\Apache24\htdocs\logs\flight_search.db
2025-05-03 06:53:52,505 - DEBUG - Connected to database, setting WAL mode
2025-05-03 06:53:52,505 - DEBUG - Journal mode set to: wal
2025-05-03 06:53:52,505 - WARNING - Attempt 3/3 failed to log audit due to: no such table: audit_logs
2025-05-03 06:53:56,507 - ERROR - Max retries reached for logging audit. Skipping. Details: {'departure': 'Москва', 'destination': 'Атырау', 'departure_date': '2025-05-03', 'return_date': '', 'passengers': '1', 'class': 'economy'}
2025-05-03 06:53:56,507 - DEBUG - Searching flights via API: departure=Москва, destination=Атырау, date=2025-05-03, class=economy, passengers=1
2025-05-03 06:53:56,508 - DEBUG - Signature string: ba463465c90bfaee386337e7c62e8a35:currency=RUB:departure_at=2025-05-03:destination=GUW:direct=false:limit=100:market=ru:origin=MOW
2025-05-03 06:53:56,508 - DEBUG - Sending API request to https://api.travelpayouts.com/aviasales/v3/prices_for_dates with params: {'origin': 'MOW', 'destination': 'GUW', 'departure_at': '2025-05-03', 'currency': 'RUB', 'market': 'ru', 'limit': 100, 'direct': 'false', 'token': 'ba463465c90bfaee386337e7c62e8a35', 'signature': '66a005a8ffc7c3577e1b88490d9e8381'}
2025-05-03 06:53:56,514 - DEBUG - Starting new HTTPS connection (1): api.travelpayouts.com:443
2025-05-03 06:53:57,368 - DEBUG - https://api.travelpayouts.com:443 "GET /aviasales/v3/prices_for_dates?origin=MOW&destination=GUW&departure_at=2025-05-03&currency=RUB&market=ru&limit=100&direct=false&token=ba463465c90bfaee386337e7c62e8a35&signature=66a005a8ffc7c3577e1b88490d9e8381 HTTP/1.1" 200 387
2025-05-03 06:53:57,375 - DEBUG - API response for market ru: {'data': [{'flight_number': '1956', 'link': '/search/MOW0305GUW1?t=SU17463156001746436200001890SVONQZGUW_7b588656ef9f0bc81dcedb2c239e9f58_30829&search_date=02052025&expected_price_uuid=7dd92924-c992-4e71-a870-50d5449efe03&expected_price_source=share&expected_price_currency=rub&expected_price=30829', 'origin_airport': 'SVO', 'destination_airport': 'GUW', 'departure_at': '2025-05-03T23:40:00+03:00', 'airline': 'SU', 'destination': 'GUW', 'origin': 'MOW', 'price': 30829, 'return_transfers': 0, 'duration': 1890, 'duration_to': 355, 'duration_back': 0, 'transfers': 1}], 'currency': 'RUB', 'success': True}
2025-05-03 06:53:57,375 - DEBUG - Signature string: ba463465c90bfaee386337e7c62e8a35:currency=RUB:departure_at=2025-05-03:destination=GUW:direct=false:limit=100:market=kz:origin=MOW
2025-05-03 06:53:57,375 - DEBUG - Sending API request to https://api.travelpayouts.com/aviasales/v3/prices_for_dates with params: {'origin': 'MOW', 'destination': 'GUW', 'departure_at': '2025-05-03', 'currency': 'RUB', 'market': 'kz', 'limit': 100, 'direct': 'false', 'token': 'ba463465c90bfaee386337e7c62e8a35', 'signature': '8e790165d40e839873118f523a260e39'}
2025-05-03 06:53:57,375 - DEBUG - Starting new HTTPS connection (1): api.travelpayouts.com:443
2025-05-03 06:53:57,756 - DEBUG - https://api.travelpayouts.com:443 "GET /aviasales/v3/prices_for_dates?origin=MOW&destination=GUW&departure_at=2025-05-03&currency=RUB&market=kz&limit=100&direct=false&token=ba463465c90bfaee386337e7c62e8a35&signature=8e790165d40e839873118f523a260e39 HTTP/1.1" 200 43
2025-05-03 06:53:57,756 - DEBUG - API response for market kz: {'data': [], 'currency': 'RUB', 'success': True}
2025-05-03 06:53:57,756 - DEBUG - Signature string: ba463465c90bfaee386337e7c62e8a35:currency=RUB:departure_at=2025-05-03:destination=GUW:direct=false:limit=100:market=us:origin=MOW
2025-05-03 06:53:57,756 - DEBUG - Sending API request to https://api.travelpayouts.com/aviasales/v3/prices_for_dates with params: {'origin': 'MOW', 'destination': 'GUW', 'departure_at': '2025-05-03', 'currency': 'RUB', 'market': 'us', 'limit': 100, 'direct': 'false', 'token': 'ba463465c90bfaee386337e7c62e8a35', 'signature': '868bacb3da74b5d5db937bb5752a563c'}
2025-05-03 06:53:57,756 - DEBUG - Starting new HTTPS connection (1): api.travelpayouts.com:443
2025-05-03 06:53:58,152 - DEBUG - https://api.travelpayouts.com:443 "GET /aviasales/v3/prices_for_dates?origin=MOW&destination=GUW&departure_at=2025-05-03&currency=RUB&market=us&limit=100&direct=false&token=ba463465c90bfaee386337e7c62e8a35&signature=868bacb3da74b5d5db937bb5752a563c HTTP/1.1" 200 387
2025-05-03 06:53:58,152 - DEBUG - API response for market us: {'data': [{'flight_number': '1956', 'link': '/search/MOW0305GUW1?t=SU17463156001746436200001890SVONQZGUW_7b588656ef9f0bc81dcedb2c239e9f58_30829&search_date=02052025&expected_price_uuid=7dd92924-c992-4e71-a870-50d5449efe03&expected_price_source=share&expected_price_currency=rub&expected_price=30829', 'origin_airport': 'SVO', 'destination_airport': 'GUW', 'departure_at': '2025-05-03T23:40:00+03:00', 'airline': 'SU', 'destination': 'GUW', 'origin': 'MOW', 'price': 30829, 'return_transfers': 0, 'duration': 1890, 'duration_to': 355, 'duration_back': 0, 'transfers': 1}], 'currency': 'RUB', 'success': True}
2025-05-03 06:53:58,152 - DEBUG - Processed 1 flights from API
2025-05-03 06:53:58,152 - DEBUG - Returning response: {'success': True, 'flights': [{'id': 1, 'airline': 'Aeroflot', 'departure': 'Москва', 'destination': 'Атырау', 'actual_destination': 'GUW', 'departure_time': '23:40', 'arrival_time': '00:00', 'class': 'economy', 'price': 30829.0, 'discount': 0, 'available_seats': 1, 'duration': '5ч 55м в пути', 'transfers': '1 пересадок', 'currency': 'RUB'}]}
2025-05-03 06:53:58,152 - DEBUG - Main execution completed
2025-05-03 06:56:05,228 - DEBUG - Starting main execution
2025-05-03 06:56:05,228 - DEBUG - Attempting to get user from session
2025-05-03 06:56:05,228 - DEBUG - User ID: None
2025-05-03 06:56:05,228 - DEBUG - Received form data: {'departure': 'Алматы', 'destination': 'Тбилиси', 'departure_date': '2025-05-03', 'return_date': '', 'passengers': '3', 'class': 'economy', 'user_id': '1'}
2025-05-03 06:56:05,228 - DEBUG - Request data validated: {'departure': 'Алматы', 'destination': 'Тбилиси', 'departure_date': '2025-05-03', 'return_date': '', 'passengers': '3', 'class': 'economy'}
2025-05-03 06:56:05,228 - DEBUG - Attempting to log search request: {'departure': 'Алматы', 'destination': 'Тбилиси', 'departure_date': '2025-05-03', 'return_date': '', 'passengers': '3', 'class': 'economy'}
2025-05-03 06:56:05,228 - DEBUG - Attempting to connect to database: C:\Apache24\htdocs\logs\flight_search.db
2025-05-03 06:56:05,228 - DEBUG - Connected to database, setting WAL mode
2025-05-03 06:56:05,232 - DEBUG - Journal mode set to: wal
2025-05-03 06:56:05,232 - WARNING - Attempt 1/3 failed to log search request due to: table search_requests has no column named class
2025-05-03 06:56:06,243 - DEBUG - Attempting to connect to database: C:\Apache24\htdocs\logs\flight_search.db
2025-05-03 06:56:06,243 - DEBUG - Connected to database, setting WAL mode
2025-05-03 06:56:06,244 - DEBUG - Journal mode set to: wal
2025-05-03 06:56:06,244 - WARNING - Attempt 2/3 failed to log search request due to: table search_requests has no column named class
2025-05-03 06:56:08,246 - DEBUG - Attempting to connect to database: C:\Apache24\htdocs\logs\flight_search.db
2025-05-03 06:56:08,246 - DEBUG - Connected to database, setting WAL mode
2025-05-03 06:56:08,246 - DEBUG - Journal mode set to: wal
2025-05-03 06:56:08,246 - WARNING - Attempt 3/3 failed to log search request due to: table search_requests has no column named class
2025-05-03 06:56:12,248 - ERROR - Max retries reached for logging search request. Skipping. Data: {'departure': 'Алматы', 'destination': 'Тбилиси', 'departure_date': '2025-05-03', 'return_date': '', 'passengers': '3', 'class': 'economy'}
2025-05-03 06:56:12,248 - DEBUG - Attempting to log audit: search_flight, {'departure': 'Алматы', 'destination': 'Тбилиси', 'departure_date': '2025-05-03', 'return_date': '', 'passengers': '3', 'class': 'economy'}
2025-05-03 06:56:12,248 - DEBUG - Attempting to connect to database: C:\Apache24\htdocs\logs\flight_search.db
2025-05-03 06:56:12,248 - DEBUG - Connected to database, setting WAL mode
2025-05-03 06:56:12,248 - DEBUG - Journal mode set to: wal
2025-05-03 06:56:12,248 - WARNING - Attempt 1/3 failed to log audit due to: no such table: audit_logs
2025-05-03 06:56:13,183 - DEBUG - Starting main execution
2025-05-03 06:56:13,183 - DEBUG - Attempting to get user from session
2025-05-03 06:56:13,183 - DEBUG - User ID: None
2025-05-03 06:56:13,183 - DEBUG - Received form data: {'departure': 'Алматы', 'destination': 'Атырау', 'departure_date': '2025-05-03', 'return_date': '', 'passengers': '3', 'class': 'economy', 'user_id': '1'}
2025-05-03 06:56:13,188 - DEBUG - Request data validated: {'departure': 'Алматы', 'destination': 'Атырау', 'departure_date': '2025-05-03', 'return_date': '', 'passengers': '3', 'class': 'economy'}
2025-05-03 06:56:13,188 - DEBUG - Attempting to log search request: {'departure': 'Алматы', 'destination': 'Атырау', 'departure_date': '2025-05-03', 'return_date': '', 'passengers': '3', 'class': 'economy'}
2025-05-03 06:56:13,188 - DEBUG - Attempting to connect to database: C:\Apache24\htdocs\logs\flight_search.db
2025-05-03 06:56:13,188 - DEBUG - Connected to database, setting WAL mode
2025-05-03 06:56:13,188 - DEBUG - Journal mode set to: wal
2025-05-03 06:56:13,188 - WARNING - Attempt 1/3 failed to log search request due to: table search_requests has no column named class
2025-05-03 06:56:13,249 - DEBUG - Attempting to connect to database: C:\Apache24\htdocs\logs\flight_search.db
2025-05-03 06:56:13,249 - DEBUG - Connected to database, setting WAL mode
2025-05-03 06:56:13,249 - DEBUG - Journal mode set to: wal
2025-05-03 06:56:13,249 - WARNING - Attempt 2/3 failed to log audit due to: no such table: audit_logs
2025-05-03 06:56:13,556 - DEBUG - Starting main execution
2025-05-03 06:56:13,556 - DEBUG - Attempting to get user from session
2025-05-03 06:56:13,556 - DEBUG - User ID: None
2025-05-03 06:56:13,556 - DEBUG - Received form data: {'departure': 'Алматы', 'destination': 'Атырау', 'departure_date': '2025-05-03', 'return_date': '', 'passengers': '3', 'class': 'economy', 'user_id': '1'}
2025-05-03 06:56:13,572 - DEBUG - Request data validated: {'departure': 'Алматы', 'destination': 'Атырау', 'departure_date': '2025-05-03', 'return_date': '', 'passengers': '3', 'class': 'economy'}
2025-05-03 06:56:13,572 - DEBUG - Attempting to log search request: {'departure': 'Алматы', 'destination': 'Атырау', 'departure_date': '2025-05-03', 'return_date': '', 'passengers': '3', 'class': 'economy'}
2025-05-03 06:56:13,572 - DEBUG - Attempting to connect to database: C:\Apache24\htdocs\logs\flight_search.db
2025-05-03 06:56:13,572 - DEBUG - Connected to database, setting WAL mode
2025-05-03 06:56:13,572 - DEBUG - Journal mode set to: wal
2025-05-03 06:56:13,572 - WARNING - Attempt 1/3 failed to log search request due to: table search_requests has no column named class
2025-05-03 06:56:14,199 - DEBUG - Attempting to connect to database: C:\Apache24\htdocs\logs\flight_search.db
2025-05-03 06:56:14,199 - DEBUG - Connected to database, setting WAL mode
2025-05-03 06:56:14,201 - DEBUG - Journal mode set to: wal
2025-05-03 06:56:14,201 - WARNING - Attempt 2/3 failed to log search request due to: table search_requests has no column named class
2025-05-03 06:56:14,575 - DEBUG - Attempting to connect to database: C:\Apache24\htdocs\logs\flight_search.db
2025-05-03 06:56:14,575 - DEBUG - Connected to database, setting WAL mode
2025-05-03 06:56:14,575 - DEBUG - Journal mode set to: wal
2025-05-03 06:56:14,575 - WARNING - Attempt 2/3 failed to log search request due to: table search_requests has no column named class
2025-05-03 06:56:15,251 - DEBUG - Attempting to connect to database: C:\Apache24\htdocs\logs\flight_search.db
2025-05-03 06:56:15,251 - DEBUG - Connected to database, setting WAL mode
2025-05-03 06:56:15,251 - DEBUG - Journal mode set to: wal
2025-05-03 06:56:15,251 - WARNING - Attempt 3/3 failed to log audit due to: no such table: audit_logs
2025-05-03 06:56:16,203 - DEBUG - Attempting to connect to database: C:\Apache24\htdocs\logs\flight_search.db
2025-05-03 06:56:16,203 - DEBUG - Connected to database, setting WAL mode
2025-05-03 06:56:16,203 - DEBUG - Journal mode set to: wal
2025-05-03 06:56:16,203 - WARNING - Attempt 3/3 failed to log search request due to: table search_requests has no column named class
2025-05-03 06:56:16,577 - DEBUG - Attempting to connect to database: C:\Apache24\htdocs\logs\flight_search.db
2025-05-03 06:56:16,577 - DEBUG - Connected to database, setting WAL mode
2025-05-03 06:56:16,577 - DEBUG - Journal mode set to: wal
2025-05-03 06:56:16,577 - WARNING - Attempt 3/3 failed to log search request due to: table search_requests has no column named class
2025-05-03 06:56:19,252 - ERROR - Max retries reached for logging audit. Skipping. Details: {'departure': 'Алматы', 'destination': 'Тбилиси', 'departure_date': '2025-05-03', 'return_date': '', 'passengers': '3', 'class': 'economy'}
2025-05-03 06:56:19,252 - DEBUG - Searching flights via API: departure=Алматы, destination=Тбилиси, date=2025-05-03, class=economy, passengers=3
2025-05-03 06:56:19,252 - DEBUG - Signature string: ba463465c90bfaee386337e7c62e8a35:currency=RUB:departure_at=2025-05-03:destination=TBS:direct=false:limit=100:market=ru:origin=ALA
2025-05-03 06:56:19,252 - DEBUG - Sending API request to https://api.travelpayouts.com/aviasales/v3/prices_for_dates with params: {'origin': 'ALA', 'destination': 'TBS', 'departure_at': '2025-05-03', 'currency': 'RUB', 'market': 'ru', 'limit': 100, 'direct': 'false', 'token': 'ba463465c90bfaee386337e7c62e8a35', 'signature': 'fcfbb44940c91f4e65039b66305b07e9'}
2025-05-03 06:56:19,252 - DEBUG - Starting new HTTPS connection (1): api.travelpayouts.com:443
2025-05-03 06:56:19,727 - DEBUG - https://api.travelpayouts.com:443 "GET /aviasales/v3/prices_for_dates?origin=ALA&destination=TBS&departure_at=2025-05-03&currency=RUB&market=ru&limit=100&direct=false&token=ba463465c90bfaee386337e7c62e8a35&signature=fcfbb44940c91f4e65039b66305b07e9 HTTP/1.1" 200 43
2025-05-03 06:56:19,727 - DEBUG - API response for market ru: {'data': [], 'currency': 'RUB', 'success': True}
2025-05-03 06:56:19,727 - DEBUG - Signature string: ba463465c90bfaee386337e7c62e8a35:currency=RUB:departure_at=2025-05-03:destination=TBS:direct=false:limit=100:market=kz:origin=ALA
2025-05-03 06:56:19,727 - DEBUG - Sending API request to https://api.travelpayouts.com/aviasales/v3/prices_for_dates with params: {'origin': 'ALA', 'destination': 'TBS', 'departure_at': '2025-05-03', 'currency': 'RUB', 'market': 'kz', 'limit': 100, 'direct': 'false', 'token': 'ba463465c90bfaee386337e7c62e8a35', 'signature': '60b513e0db55536ec0b30b09642278d5'}
2025-05-03 06:56:19,727 - DEBUG - Starting new HTTPS connection (1): api.travelpayouts.com:443
2025-05-03 06:56:20,204 - ERROR - Max retries reached for logging search request. Skipping. Data: {'departure': 'Алматы', 'destination': 'Атырау', 'departure_date': '2025-05-03', 'return_date': '', 'passengers': '3', 'class': 'economy'}
2025-05-03 06:56:20,204 - DEBUG - Attempting to log audit: search_flight, {'departure': 'Алматы', 'destination': 'Атырау', 'departure_date': '2025-05-03', 'return_date': '', 'passengers': '3', 'class': 'economy'}
2025-05-03 06:56:20,204 - DEBUG - Attempting to connect to database: C:\Apache24\htdocs\logs\flight_search.db
2025-05-03 06:56:20,204 - DEBUG - Connected to database, setting WAL mode
2025-05-03 06:56:20,204 - DEBUG - Journal mode set to: wal
2025-05-03 06:56:20,204 - WARNING - Attempt 1/3 failed to log audit due to: no such table: audit_logs
2025-05-03 06:56:20,445 - DEBUG - https://api.travelpayouts.com:443 "GET /aviasales/v3/prices_for_dates?origin=ALA&destination=TBS&departure_at=2025-05-03&currency=RUB&market=kz&limit=100&direct=false&token=ba463465c90bfaee386337e7c62e8a35&signature=60b513e0db55536ec0b30b09642278d5 HTTP/1.1" 200 377
2025-05-03 06:56:20,461 - DEBUG - API response for market kz: {'data': [{'flight_number': '6142', 'link': '/search/ALA0305TBS1?t=A417462556001746353400001690ALAMRVTBS_86209ab4e272abeb20111ac8b9a8f5ce_27743&search_date=02052025&expected_price_uuid=c59ac2ff-a1ef-49dc-986f-632c5b326d00&expected_price_source=share&expected_price_currency=rub&expected_price=27743', 'origin_airport': 'ALA', 'destination_airport': 'TBS', 'departure_at': '2025-05-03T07:00:00+06:00', 'airline': 'A4', 'destination': 'TBS', 'origin': 'ALA', 'price': 27743, 'return_transfers': 0, 'duration': 1690, 'duration_to': 305, 'duration_back': 0, 'transfers': 1}], 'currency': 'RUB', 'success': True}
2025-05-03 06:56:20,461 - DEBUG - Signature string: ba463465c90bfaee386337e7c62e8a35:currency=RUB:departure_at=2025-05-03:destination=TBS:direct=false:limit=100:market=us:origin=ALA
2025-05-03 06:56:20,461 - DEBUG - Sending API request to https://api.travelpayouts.com/aviasales/v3/prices_for_dates with params: {'origin': 'ALA', 'destination': 'TBS', 'departure_at': '2025-05-03', 'currency': 'RUB', 'market': 'us', 'limit': 100, 'direct': 'false', 'token': 'ba463465c90bfaee386337e7c62e8a35', 'signature': '59135260350d8e6a3875ebe5574c11a3'}
2025-05-03 06:56:20,461 - DEBUG - Starting new HTTPS connection (1): api.travelpayouts.com:443
2025-05-03 06:56:20,580 - ERROR - Max retries reached for logging search request. Skipping. Data: {'departure': 'Алматы', 'destination': 'Атырау', 'departure_date': '2025-05-03', 'return_date': '', 'passengers': '3', 'class': 'economy'}
2025-05-03 06:56:20,580 - DEBUG - Attempting to log audit: search_flight, {'departure': 'Алматы', 'destination': 'Атырау', 'departure_date': '2025-05-03', 'return_date': '', 'passengers': '3', 'class': 'economy'}
2025-05-03 06:56:20,580 - DEBUG - Attempting to connect to database: C:\Apache24\htdocs\logs\flight_search.db
2025-05-03 06:56:20,580 - DEBUG - Connected to database, setting WAL mode
2025-05-03 06:56:20,580 - DEBUG - Journal mode set to: wal
2025-05-03 06:56:20,580 - WARNING - Attempt 1/3 failed to log audit due to: no such table: audit_logs
2025-05-03 06:56:20,853 - DEBUG - https://api.travelpayouts.com:443 "GET /aviasales/v3/prices_for_dates?origin=ALA&destination=TBS&departure_at=2025-05-03&currency=RUB&market=us&limit=100&direct=false&token=ba463465c90bfaee386337e7c62e8a35&signature=59135260350d8e6a3875ebe5574c11a3 HTTP/1.1" 200 43
2025-05-03 06:56:20,867 - DEBUG - API response for market us: {'data': [], 'currency': 'RUB', 'success': True}
2025-05-03 06:56:20,867 - DEBUG - Processed 1 flights from API
2025-05-03 06:56:20,867 - DEBUG - Returning response: {'success': True, 'flights': [{'id': 1, 'airline': 'A4', 'departure': 'Алматы', 'destination': 'Тбилиси', 'actual_destination': 'TBS', 'departure_time': '07:00', 'arrival_time': '00:00', 'class': 'economy', 'price': 27743.0, 'discount': 0, 'available_seats': 3, 'duration': '5ч 5м в пути', 'transfers': '1 пересадок', 'currency': 'RUB'}]}
2025-05-03 06:56:20,867 - DEBUG - Main execution completed
2025-05-03 06:56:21,205 - DEBUG - Attempting to connect to database: C:\Apache24\htdocs\logs\flight_search.db
2025-05-03 06:56:21,205 - DEBUG - Connected to database, setting WAL mode
2025-05-03 06:56:21,208 - DEBUG - Journal mode set to: wal
2025-05-03 06:56:21,208 - WARNING - Attempt 2/3 failed to log audit due to: no such table: audit_logs
2025-05-03 06:56:21,581 - DEBUG - Attempting to connect to database: C:\Apache24\htdocs\logs\flight_search.db
2025-05-03 06:56:21,582 - DEBUG - Connected to database, setting WAL mode
2025-05-03 06:56:21,582 - DEBUG - Journal mode set to: wal
2025-05-03 06:56:21,583 - WARNING - Attempt 2/3 failed to log audit due to: no such table: audit_logs
2025-05-03 06:56:23,209 - DEBUG - Attempting to connect to database: C:\Apache24\htdocs\logs\flight_search.db
2025-05-03 06:56:23,209 - DEBUG - Connected to database, setting WAL mode
2025-05-03 06:56:23,211 - DEBUG - Journal mode set to: wal
2025-05-03 06:56:23,211 - WARNING - Attempt 3/3 failed to log audit due to: no such table: audit_logs
2025-05-03 06:56:23,583 - DEBUG - Attempting to connect to database: C:\Apache24\htdocs\logs\flight_search.db
2025-05-03 06:56:23,583 - DEBUG - Connected to database, setting WAL mode
2025-05-03 06:56:23,583 - DEBUG - Journal mode set to: wal
2025-05-03 06:56:23,584 - WARNING - Attempt 3/3 failed to log audit due to: no such table: audit_logs
2025-05-03 06:56:27,212 - ERROR - Max retries reached for logging audit. Skipping. Details: {'departure': 'Алматы', 'destination': 'Атырау', 'departure_date': '2025-05-03', 'return_date': '', 'passengers': '3', 'class': 'economy'}
2025-05-03 06:56:27,212 - DEBUG - Searching flights via API: departure=Алматы, destination=Атырау, date=2025-05-03, class=economy, passengers=3
2025-05-03 06:56:27,212 - DEBUG - Signature string: ba463465c90bfaee386337e7c62e8a35:currency=RUB:departure_at=2025-05-03:destination=GUW:direct=false:limit=100:market=ru:origin=ALA
2025-05-03 06:56:27,212 - DEBUG - Sending API request to https://api.travelpayouts.com/aviasales/v3/prices_for_dates with params: {'origin': 'ALA', 'destination': 'GUW', 'departure_at': '2025-05-03', 'currency': 'RUB', 'market': 'ru', 'limit': 100, 'direct': 'false', 'token': 'ba463465c90bfaee386337e7c62e8a35', 'signature': '5fb12f5c3ec081fa20c053d271463129'}
2025-05-03 06:56:27,213 - DEBUG - Starting new HTTPS connection (1): api.travelpayouts.com:443
2025-05-03 06:56:27,584 - ERROR - Max retries reached for logging audit. Skipping. Details: {'departure': 'Алматы', 'destination': 'Атырау', 'departure_date': '2025-05-03', 'return_date': '', 'passengers': '3', 'class': 'economy'}
2025-05-03 06:56:27,584 - DEBUG - Searching flights via API: departure=Алматы, destination=Атырау, date=2025-05-03, class=economy, passengers=3
2025-05-03 06:56:27,584 - DEBUG - Signature string: ba463465c90bfaee386337e7c62e8a35:currency=RUB:departure_at=2025-05-03:destination=GUW:direct=false:limit=100:market=ru:origin=ALA
2025-05-03 06:56:27,584 - DEBUG - Sending API request to https://api.travelpayouts.com/aviasales/v3/prices_for_dates with params: {'origin': 'ALA', 'destination': 'GUW', 'departure_at': '2025-05-03', 'currency': 'RUB', 'market': 'ru', 'limit': 100, 'direct': 'false', 'token': 'ba463465c90bfaee386337e7c62e8a35', 'signature': '5fb12f5c3ec081fa20c053d271463129'}
2025-05-03 06:56:27,587 - DEBUG - Starting new HTTPS connection (1): api.travelpayouts.com:443
2025-05-03 06:56:27,971 - DEBUG - https://api.travelpayouts.com:443 "GET /aviasales/v3/prices_for_dates?origin=ALA&destination=GUW&departure_at=2025-05-03&currency=RUB&market=ru&limit=100&direct=false&token=ba463465c90bfaee386337e7c62e8a35&signature=5fb12f5c3ec081fa20c053d271463129 HTTP/1.1" 200 370
2025-05-03 06:56:27,977 - DEBUG - API response for market ru: {'data': [{'flight_number': '877', 'link': '/search/ALA0305GUW1?t=KC17462550001746266700000195ALAGUW_21c95fa533fc7c1c1e4e09c07ad5cbd4_7722&search_date=03052025&expected_price_uuid=b9bbb293-0faa-4e04-9f2f-2d0c67287a03&expected_price_source=share&expected_price_currency=rub&expected_price=7722', 'origin_airport': 'ALA', 'destination_airport': 'GUW', 'departure_at': '2025-05-03T06:50:00+06:00', 'airline': 'KC', 'destination': 'GUW', 'origin': 'ALA', 'price': 7722, 'return_transfers': 0, 'duration': 195, 'duration_to': 195, 'duration_back': 0, 'transfers': 0}], 'currency': 'RUB', 'success': True}
2025-05-03 06:56:27,977 - DEBUG - Signature string: ba463465c90bfaee386337e7c62e8a35:currency=RUB:departure_at=2025-05-03:destination=GUW:direct=false:limit=100:market=kz:origin=ALA
2025-05-03 06:56:27,979 - DEBUG - Sending API request to https://api.travelpayouts.com/aviasales/v3/prices_for_dates with params: {'origin': 'ALA', 'destination': 'GUW', 'departure_at': '2025-05-03', 'currency': 'RUB', 'market': 'kz', 'limit': 100, 'direct': 'false', 'token': 'ba463465c90bfaee386337e7c62e8a35', 'signature': 'ae023f0437022a6d9fe0caace23c4d9e'}
2025-05-03 06:56:27,979 - DEBUG - Starting new HTTPS connection (1): api.travelpayouts.com:443
2025-05-03 06:56:28,319 - DEBUG - https://api.travelpayouts.com:443 "GET /aviasales/v3/prices_for_dates?origin=ALA&destination=GUW&departure_at=2025-05-03&currency=RUB&market=ru&limit=100&direct=false&token=ba463465c90bfaee386337e7c62e8a35&signature=5fb12f5c3ec081fa20c053d271463129 HTTP/1.1" 200 370
2025-05-03 06:56:28,320 - DEBUG - API response for market ru: {'data': [{'flight_number': '877', 'link': '/search/ALA0305GUW1?t=KC17462550001746266700000195ALAGUW_21c95fa533fc7c1c1e4e09c07ad5cbd4_7722&search_date=03052025&expected_price_uuid=b9bbb293-0faa-4e04-9f2f-2d0c67287a03&expected_price_source=share&expected_price_currency=rub&expected_price=7722', 'origin_airport': 'ALA', 'destination_airport': 'GUW', 'departure_at': '2025-05-03T06:50:00+06:00', 'airline': 'KC', 'destination': 'GUW', 'origin': 'ALA', 'price': 7722, 'return_transfers': 0, 'duration': 195, 'duration_to': 195, 'duration_back': 0, 'transfers': 0}], 'currency': 'RUB', 'success': True}
2025-05-03 06:56:28,320 - DEBUG - Signature string: ba463465c90bfaee386337e7c62e8a35:currency=RUB:departure_at=2025-05-03:destination=GUW:direct=false:limit=100:market=kz:origin=ALA
2025-05-03 06:56:28,321 - DEBUG - Sending API request to https://api.travelpayouts.com/aviasales/v3/prices_for_dates with params: {'origin': 'ALA', 'destination': 'GUW', 'departure_at': '2025-05-03', 'currency': 'RUB', 'market': 'kz', 'limit': 100, 'direct': 'false', 'token': 'ba463465c90bfaee386337e7c62e8a35', 'signature': 'ae023f0437022a6d9fe0caace23c4d9e'}
2025-05-03 06:56:28,321 - DEBUG - Starting new HTTPS connection (1): api.travelpayouts.com:443
2025-05-03 06:56:28,730 - DEBUG - https://api.travelpayouts.com:443 "GET /aviasales/v3/prices_for_dates?origin=ALA&destination=GUW&departure_at=2025-05-03&currency=RUB&market=kz&limit=100&direct=false&token=ba463465c90bfaee386337e7c62e8a35&signature=ae023f0437022a6d9fe0caace23c4d9e HTTP/1.1" 200 371
2025-05-03 06:56:28,731 - DEBUG - API response for market kz: {'data': [{'flight_number': '769', 'link': '/search/ALA0305GUW1?t=DV17462631001746274500000190ALAGUW_b194fcb3f329d176312f2cc59efad81a_7088&search_date=03052025&expected_price_uuid=cc9b0860-8d88-4810-ac71-dcdff77b7103&expected_price_source=share&expected_price_currency=rub&expected_price=7088', 'origin_airport': 'ALA', 'destination_airport': 'GUW', 'departure_at': '2025-05-03T09:05:00+06:00', 'airline': 'DV', 'destination': 'GUW', 'origin': 'ALA', 'price': 7088, 'return_transfers': 0, 'duration': 190, 'duration_to': 190, 'duration_back': 0, 'transfers': 0}], 'currency': 'RUB', 'success': True}
2025-05-03 06:56:28,731 - DEBUG - Signature string: ba463465c90bfaee386337e7c62e8a35:currency=RUB:departure_at=2025-05-03:destination=GUW:direct=false:limit=100:market=us:origin=ALA
2025-05-03 06:56:28,731 - DEBUG - Sending API request to https://api.travelpayouts.com/aviasales/v3/prices_for_dates with params: {'origin': 'ALA', 'destination': 'GUW', 'departure_at': '2025-05-03', 'currency': 'RUB', 'market': 'us', 'limit': 100, 'direct': 'false', 'token': 'ba463465c90bfaee386337e7c62e8a35', 'signature': '08327340ac00955195bb73178b18d10a'}
2025-05-03 06:56:28,731 - DEBUG - Starting new HTTPS connection (1): api.travelpayouts.com:443
2025-05-03 06:56:29,035 - DEBUG - https://api.travelpayouts.com:443 "GET /aviasales/v3/prices_for_dates?origin=ALA&destination=GUW&departure_at=2025-05-03&currency=RUB&market=kz&limit=100&direct=false&token=ba463465c90bfaee386337e7c62e8a35&signature=ae023f0437022a6d9fe0caace23c4d9e HTTP/1.1" 200 371
2025-05-03 06:56:29,035 - DEBUG - API response for market kz: {'data': [{'flight_number': '769', 'link': '/search/ALA0305GUW1?t=DV17462631001746274500000190ALAGUW_b194fcb3f329d176312f2cc59efad81a_7088&search_date=03052025&expected_price_uuid=cc9b0860-8d88-4810-ac71-dcdff77b7103&expected_price_source=share&expected_price_currency=rub&expected_price=7088', 'origin_airport': 'ALA', 'destination_airport': 'GUW', 'departure_at': '2025-05-03T09:05:00+06:00', 'airline': 'DV', 'destination': 'GUW', 'origin': 'ALA', 'price': 7088, 'return_transfers': 0, 'duration': 190, 'duration_to': 190, 'duration_back': 0, 'transfers': 0}], 'currency': 'RUB', 'success': True}
2025-05-03 06:56:29,035 - DEBUG - Signature string: ba463465c90bfaee386337e7c62e8a35:currency=RUB:departure_at=2025-05-03:destination=GUW:direct=false:limit=100:market=us:origin=ALA
2025-05-03 06:56:29,036 - DEBUG - Sending API request to https://api.travelpayouts.com/aviasales/v3/prices_for_dates with params: {'origin': 'ALA', 'destination': 'GUW', 'departure_at': '2025-05-03', 'currency': 'RUB', 'market': 'us', 'limit': 100, 'direct': 'false', 'token': 'ba463465c90bfaee386337e7c62e8a35', 'signature': '08327340ac00955195bb73178b18d10a'}
2025-05-03 06:56:29,036 - DEBUG - Starting new HTTPS connection (1): api.travelpayouts.com:443
2025-05-03 06:56:29,096 - DEBUG - https://api.travelpayouts.com:443 "GET /aviasales/v3/prices_for_dates?origin=ALA&destination=GUW&departure_at=2025-05-03&currency=RUB&market=us&limit=100&direct=false&token=ba463465c90bfaee386337e7c62e8a35&signature=08327340ac00955195bb73178b18d10a HTTP/1.1" 200 371
2025-05-03 06:56:29,100 - DEBUG - API response for market us: {'data': [{'flight_number': '769', 'link': '/search/ALA0305GUW1?t=DV17462631001746274500000190ALAGUW_b194fcb3f329d176312f2cc59efad81a_7088&search_date=03052025&expected_price_uuid=cc9b0860-8d88-4810-ac71-dcdff77b7103&expected_price_source=share&expected_price_currency=rub&expected_price=7088', 'origin_airport': 'ALA', 'destination_airport': 'GUW', 'departure_at': '2025-05-03T09:05:00+06:00', 'airline': 'DV', 'destination': 'GUW', 'origin': 'ALA', 'price': 7088, 'return_transfers': 0, 'duration': 190, 'duration_to': 190, 'duration_back': 0, 'transfers': 0}], 'currency': 'RUB', 'success': True}
2025-05-03 06:56:29,100 - DEBUG - Processed 2 flights from API
2025-05-03 06:56:29,100 - DEBUG - Returning response: {'success': True, 'flights': [{'id': 1, 'airline': 'KC', 'departure': 'Алматы', 'destination': 'Атырау', 'actual_destination': 'GUW', 'departure_time': '06:50', 'arrival_time': '00:00', 'class': 'economy', 'price': 7722.0, 'discount': 0, 'available_seats': 3, 'duration': '3ч 15м в пути', 'transfers': 'прямой', 'currency': 'RUB'}, {'id': 2, 'airline': 'DV', 'departure': 'Алматы', 'destination': 'Атырау', 'actual_destination': 'GUW', 'departure_time': '09:05', 'arrival_time': '00:00', 'class': 'economy', 'price': 7088.0, 'discount': 0, 'available_seats': 3, 'duration': '3ч 10м в пути', 'transfers': 'прямой', 'currency': 'RUB'}]}
2025-05-03 06:56:29,100 - DEBUG - Main execution completed
2025-05-03 06:56:29,765 - DEBUG - https://api.travelpayouts.com:443 "GET /aviasales/v3/prices_for_dates?origin=ALA&destination=GUW&departure_at=2025-05-03&currency=RUB&market=us&limit=100&direct=false&token=ba463465c90bfaee386337e7c62e8a35&signature=08327340ac00955195bb73178b18d10a HTTP/1.1" 200 371
2025-05-03 06:56:29,765 - DEBUG - API response for market us: {'data': [{'flight_number': '769', 'link': '/search/ALA0305GUW1?t=DV17462631001746274500000190ALAGUW_b194fcb3f329d176312f2cc59efad81a_7088&search_date=03052025&expected_price_uuid=cc9b0860-8d88-4810-ac71-dcdff77b7103&expected_price_source=share&expected_price_currency=rub&expected_price=7088', 'origin_airport': 'ALA', 'destination_airport': 'GUW', 'departure_at': '2025-05-03T09:05:00+06:00', 'airline': 'DV', 'destination': 'GUW', 'origin': 'ALA', 'price': 7088, 'return_transfers': 0, 'duration': 190, 'duration_to': 190, 'duration_back': 0, 'transfers': 0}], 'currency': 'RUB', 'success': True}
2025-05-03 06:56:29,765 - DEBUG - Processed 2 flights from API
2025-05-03 06:56:29,766 - DEBUG - Returning response: {'success': True, 'flights': [{'id': 1, 'airline': 'KC', 'departure': 'Алматы', 'destination': 'Атырау', 'actual_destination': 'GUW', 'departure_time': '06:50', 'arrival_time': '00:00', 'class': 'economy', 'price': 7722.0, 'discount': 0, 'available_seats': 3, 'duration': '3ч 15м в пути', 'transfers': 'прямой', 'currency': 'RUB'}, {'id': 2, 'airline': 'DV', 'departure': 'Алматы', 'destination': 'Атырау', 'actual_destination': 'GUW', 'departure_time': '09:05', 'arrival_time': '00:00', 'class': 'economy', 'price': 7088.0, 'discount': 0, 'available_seats': 3, 'duration': '3ч 10м в пути', 'transfers': 'прямой', 'currency': 'RUB'}]}
2025-05-03 06:56:29,766 - DEBUG - Main execution completed
2025-05-03 07:10:33,645 - DEBUG - Starting main execution
2025-05-03 07:10:33,645 - DEBUG - Attempting to get user from session
2025-05-03 07:10:33,645 - DEBUG - User ID: None
2025-05-03 07:10:33,645 - DEBUG - Received form data: {'departure': 'Алматы', 'destination': 'Дубай', 'departure_date': '2025-05-11', 'return_date': '', 'passengers': '1', 'class': 'economy', 'user_id': '1'}
2025-05-03 07:10:33,645 - DEBUG - Request data validated: {'departure': 'Алматы', 'destination': 'Дубай', 'departure_date': '2025-05-11', 'return_date': '', 'passengers': '1', 'class': 'economy'}
2025-05-03 07:10:33,645 - DEBUG - Attempting to log search request: {'departure': 'Алматы', 'destination': 'Дубай', 'departure_date': '2025-05-11', 'return_date': '', 'passengers': '1', 'class': 'economy'}
2025-05-03 07:10:33,645 - DEBUG - Attempting to connect to database: C:\Apache24\htdocs\logs\flight_search.db
2025-05-03 07:10:33,645 - DEBUG - Connected to database, setting WAL mode
2025-05-03 07:10:33,661 - DEBUG - Journal mode set to: wal
2025-05-03 07:10:33,661 - WARNING - Attempt 1/3 failed to log search request due to: table search_requests has no column named class
2025-05-03 07:10:34,662 - DEBUG - Attempting to connect to database: C:\Apache24\htdocs\logs\flight_search.db
2025-05-03 07:10:34,662 - DEBUG - Connected to database, setting WAL mode
2025-05-03 07:10:34,662 - DEBUG - Journal mode set to: wal
2025-05-03 07:10:34,662 - WARNING - Attempt 2/3 failed to log search request due to: table search_requests has no column named class
2025-05-03 07:10:36,666 - DEBUG - Attempting to connect to database: C:\Apache24\htdocs\logs\flight_search.db
2025-05-03 07:10:36,666 - DEBUG - Connected to database, setting WAL mode
2025-05-03 07:10:36,668 - DEBUG - Journal mode set to: wal
2025-05-03 07:10:36,668 - WARNING - Attempt 3/3 failed to log search request due to: table search_requests has no column named class
2025-05-03 07:10:40,669 - ERROR - Max retries reached for logging search request. Skipping. Data: {'departure': 'Алматы', 'destination': 'Дубай', 'departure_date': '2025-05-11', 'return_date': '', 'passengers': '1', 'class': 'economy'}
2025-05-03 07:10:40,669 - DEBUG - Attempting to log audit: search_flight, {'departure': 'Алматы', 'destination': 'Дубай', 'departure_date': '2025-05-11', 'return_date': '', 'passengers': '1', 'class': 'economy'}
2025-05-03 07:10:40,669 - DEBUG - Attempting to connect to database: C:\Apache24\htdocs\logs\flight_search.db
2025-05-03 07:10:40,669 - DEBUG - Connected to database, setting WAL mode
2025-05-03 07:10:40,669 - DEBUG - Journal mode set to: wal
2025-05-03 07:10:40,669 - WARNING - Attempt 1/3 failed to log audit due to: no such table: audit_logs
2025-05-03 07:10:41,673 - DEBUG - Attempting to connect to database: C:\Apache24\htdocs\logs\flight_search.db
2025-05-03 07:10:41,673 - DEBUG - Connected to database, setting WAL mode
2025-05-03 07:10:41,673 - DEBUG - Journal mode set to: wal
2025-05-03 07:10:41,673 - WARNING - Attempt 2/3 failed to log audit due to: no such table: audit_logs
2025-05-03 07:10:43,676 - DEBUG - Attempting to connect to database: C:\Apache24\htdocs\logs\flight_search.db
2025-05-03 07:10:43,676 - DEBUG - Connected to database, setting WAL mode
2025-05-03 07:10:43,676 - DEBUG - Journal mode set to: wal
2025-05-03 07:10:43,676 - WARNING - Attempt 3/3 failed to log audit due to: no such table: audit_logs
2025-05-03 07:10:47,680 - ERROR - Max retries reached for logging audit. Skipping. Details: {'departure': 'Алматы', 'destination': 'Дубай', 'departure_date': '2025-05-11', 'return_date': '', 'passengers': '1', 'class': 'economy'}
2025-05-03 07:10:47,680 - DEBUG - Searching flights via API: departure=Алматы, destination=Дубай, date=2025-05-11, class=economy, passengers=1
2025-05-03 07:10:47,680 - DEBUG - Signature string: ba463465c90bfaee386337e7c62e8a35:currency=RUB:departure_at=2025-05-11:destination=DXB:direct=false:limit=100:market=ru:origin=ALA
2025-05-03 07:10:47,680 - DEBUG - Sending API request to https://api.travelpayouts.com/aviasales/v3/prices_for_dates with params: {'origin': 'ALA', 'destination': 'DXB', 'departure_at': '2025-05-11', 'currency': 'RUB', 'market': 'ru', 'limit': 100, 'direct': 'false', 'token': 'ba463465c90bfaee386337e7c62e8a35', 'signature': '5108af8d27aea35908705d9dc692fd31'}
2025-05-03 07:10:47,680 - DEBUG - Starting new HTTPS connection (1): api.travelpayouts.com:443
2025-05-03 07:10:49,750 - DEBUG - https://api.travelpayouts.com:443 "GET /aviasales/v3/prices_for_dates?origin=ALA&destination=DXB&departure_at=2025-05-11&currency=RUB&market=ru&limit=100&direct=false&token=ba463465c90bfaee386337e7c62e8a35&signature=5108af8d27aea35908705d9dc692fd31 HTTP/1.1" 200 388
2025-05-03 07:10:49,750 - DEBUG - API response for market ru: {'data': [{'flight_number': '730', 'link': '/search/ALA1105DXB1?t=DV17469240001747050900002175ALASCOGYDDXB_dd886204f238911acbd9d5dd10965b33_18447&search_date=27042025&expected_price_uuid=011101ad-e12d-42fa-b14a-2e836a535002&expected_price_source=share&expected_price_currency=rub&expected_price=18547', 'origin_airport': 'ALA', 'destination_airport': 'DXB', 'departure_at': '2025-05-11T00:40:00+06:00', 'airline': 'DV', 'destination': 'DXB', 'origin': 'ALA', 'price': 18547, 'return_transfers': 0, 'duration': 2175, 'duration_to': 420, 'duration_back': 0, 'transfers': 2}], 'currency': 'RUB', 'success': True}
2025-05-03 07:10:49,750 - DEBUG - Signature string: ba463465c90bfaee386337e7c62e8a35:currency=RUB:departure_at=2025-05-11:destination=DXB:direct=false:limit=100:market=kz:origin=ALA
2025-05-03 07:10:49,750 - DEBUG - Sending API request to https://api.travelpayouts.com/aviasales/v3/prices_for_dates with params: {'origin': 'ALA', 'destination': 'DXB', 'departure_at': '2025-05-11', 'currency': 'RUB', 'market': 'kz', 'limit': 100, 'direct': 'false', 'token': 'ba463465c90bfaee386337e7c62e8a35', 'signature': 'aaedc091d3bd52a07595e0fd5d77ba71'}
2025-05-03 07:10:49,755 - DEBUG - Starting new HTTPS connection (1): api.travelpayouts.com:443
2025-05-03 07:10:50,109 - DEBUG - https://api.travelpayouts.com:443 "GET /aviasales/v3/prices_for_dates?origin=ALA&destination=DXB&departure_at=2025-05-11&currency=RUB&market=kz&limit=100&direct=false&token=ba463465c90bfaee386337e7c62e8a35&signature=aaedc091d3bd52a07595e0fd5d77ba71 HTTP/1.1" 200 386
2025-05-03 07:10:50,109 - DEBUG - API response for market kz: {'data': [{'flight_number': '121', 'link': '/search/ALA1105SHJ1?t=PC17469306001747058400002190ALAESBIKASHJ_0f16af8cc4ed955a33ae7fb42bc02d98_17517&search_date=01052025&expected_price_uuid=7e07c3b8-9ed6-42d9-8bfa-1f38b1c73702&expected_price_source=share&expected_price_currency=rub&expected_price=17551', 'origin_airport': 'ALA', 'destination_airport': 'SHJ', 'departure_at': '2025-05-11T02:30:00+06:00', 'airline': 'PC', 'destination': 'SHJ', 'origin': 'ALA', 'price': 17551, 'return_transfers': 0, 'duration': 2190, 'duration_to': 610, 'duration_back': 0, 'transfers': 2}], 'currency': 'RUB', 'success': True}
2025-05-03 07:10:50,109 - INFO - Alternative destination returned: SHJ instead of DXB
2025-05-03 07:10:50,109 - DEBUG - Signature string: ba463465c90bfaee386337e7c62e8a35:currency=RUB:departure_at=2025-05-11:destination=DXB:direct=false:limit=100:market=us:origin=ALA
2025-05-03 07:10:50,109 - DEBUG - Sending API request to https://api.travelpayouts.com/aviasales/v3/prices_for_dates with params: {'origin': 'ALA', 'destination': 'DXB', 'departure_at': '2025-05-11', 'currency': 'RUB', 'market': 'us', 'limit': 100, 'direct': 'false', 'token': 'ba463465c90bfaee386337e7c62e8a35', 'signature': 'f9b5ee88407a8a0d8a646f71fccf5cda'}
2025-05-03 07:10:50,109 - DEBUG - Starting new HTTPS connection (1): api.travelpayouts.com:443
2025-05-03 07:10:50,940 - DEBUG - https://api.travelpayouts.com:443 "GET /aviasales/v3/prices_for_dates?origin=ALA&destination=DXB&departure_at=2025-05-11&currency=RUB&market=us&limit=100&direct=false&token=ba463465c90bfaee386337e7c62e8a35&signature=f9b5ee88407a8a0d8a646f71fccf5cda HTTP/1.1" 200 386
2025-05-03 07:10:50,952 - DEBUG - API response for market us: {'data': [{'flight_number': '121', 'link': '/search/ALA1105SHJ1?t=PC17469306001747058400002190ALAESBIKASHJ_0f16af8cc4ed955a33ae7fb42bc02d98_17517&search_date=01052025&expected_price_uuid=7e07c3b8-9ed6-42d9-8bfa-1f38b1c73702&expected_price_source=share&expected_price_currency=rub&expected_price=17551', 'origin_airport': 'ALA', 'destination_airport': 'SHJ', 'departure_at': '2025-05-11T02:30:00+06:00', 'airline': 'PC', 'destination': 'SHJ', 'origin': 'ALA', 'price': 17551, 'return_transfers': 0, 'duration': 2190, 'duration_to': 610, 'duration_back': 0, 'transfers': 2}], 'currency': 'RUB', 'success': True}
2025-05-03 07:10:50,952 - DEBUG - Processed 2 flights from API
2025-05-03 07:10:50,952 - DEBUG - Returning response: {'success': True, 'flights': [{'id': 1, 'airline': 'DV', 'departure': 'Алматы', 'destination': 'Дубай', 'actual_destination': 'DXB', 'departure_time': '00:40', 'arrival_time': '00:00', 'class': 'economy', 'price': 18547.0, 'discount': 0, 'available_seats': 1, 'duration': '7ч 0м в пути', 'transfers': '2 пересадок', 'currency': 'RUB'}, {'id': 2, 'airline': 'PC', 'departure': 'Алматы', 'destination': 'Дубай', 'actual_destination': 'SHJ', 'departure_time': '02:30', 'arrival_time': '00:00', 'class': 'economy', 'price': 17551.0, 'discount': 0, 'available_seats': 1, 'duration': '10ч 10м в пути', 'transfers': '2 пересадок', 'currency': 'RUB'}]}
2025-05-03 07:10:50,952 - DEBUG - Main execution completed
2025-05-03 07:14:21,698 - DEBUG - Starting main execution
2025-05-03 07:14:21,698 - DEBUG - Attempting to get user from session
2025-05-03 07:14:21,698 - DEBUG - User ID: None
2025-05-03 07:14:21,698 - DEBUG - Received form data: {'departure': 'Москва', 'destination': 'Дубай', 'departure_date': '2025-05-03', 'return_date': '', 'passengers': '1', 'class': 'economy', 'user_id': '1'}
2025-05-03 07:14:21,698 - DEBUG - Request data validated: {'departure': 'Москва', 'destination': 'Дубай', 'departure_date': '2025-05-03', 'return_date': '', 'passengers': '1', 'class': 'economy'}
2025-05-03 07:14:21,698 - DEBUG - Attempting to log search request: {'departure': 'Москва', 'destination': 'Дубай', 'departure_date': '2025-05-03', 'return_date': '', 'passengers': '1', 'class': 'economy'}
2025-05-03 07:14:21,698 - DEBUG - Attempting to connect to database: C:\Apache24\htdocs\logs\flight_search.db
2025-05-03 07:14:21,714 - DEBUG - Connected to database, setting WAL mode
2025-05-03 07:14:21,714 - DEBUG - Journal mode set to: wal
2025-05-03 07:14:21,714 - WARNING - Attempt 1/3 failed to log search request due to: table search_requests has no column named class
2025-05-03 07:14:22,725 - DEBUG - Attempting to connect to database: C:\Apache24\htdocs\logs\flight_search.db
2025-05-03 07:14:22,725 - DEBUG - Connected to database, setting WAL mode
2025-05-03 07:14:22,725 - DEBUG - Journal mode set to: wal
2025-05-03 07:14:22,725 - WARNING - Attempt 2/3 failed to log search request due to: table search_requests has no column named class
2025-05-03 07:14:24,729 - DEBUG - Attempting to connect to database: C:\Apache24\htdocs\logs\flight_search.db
2025-05-03 07:14:24,729 - DEBUG - Connected to database, setting WAL mode
2025-05-03 07:14:24,731 - DEBUG - Journal mode set to: wal
2025-05-03 07:14:24,731 - WARNING - Attempt 3/3 failed to log search request due to: table search_requests has no column named class
2025-05-03 07:14:28,732 - ERROR - Max retries reached for logging search request. Skipping. Data: {'departure': 'Москва', 'destination': 'Дубай', 'departure_date': '2025-05-03', 'return_date': '', 'passengers': '1', 'class': 'economy'}
2025-05-03 07:14:28,732 - DEBUG - Attempting to log audit: search_flight, {'departure': 'Москва', 'destination': 'Дубай', 'departure_date': '2025-05-03', 'return_date': '', 'passengers': '1', 'class': 'economy'}
2025-05-03 07:14:28,732 - DEBUG - Attempting to connect to database: C:\Apache24\htdocs\logs\flight_search.db
2025-05-03 07:14:28,732 - DEBUG - Connected to database, setting WAL mode
2025-05-03 07:14:28,732 - DEBUG - Journal mode set to: wal
2025-05-03 07:14:28,732 - WARNING - Attempt 1/3 failed to log audit due to: no such table: audit_logs
2025-05-03 07:14:29,736 - DEBUG - Attempting to connect to database: C:\Apache24\htdocs\logs\flight_search.db
2025-05-03 07:14:29,736 - DEBUG - Connected to database, setting WAL mode
2025-05-03 07:14:29,736 - DEBUG - Journal mode set to: wal
2025-05-03 07:14:29,736 - WARNING - Attempt 2/3 failed to log audit due to: no such table: audit_logs
2025-05-03 07:14:31,739 - DEBUG - Attempting to connect to database: C:\Apache24\htdocs\logs\flight_search.db
2025-05-03 07:14:31,739 - DEBUG - Connected to database, setting WAL mode
2025-05-03 07:14:31,739 - DEBUG - Journal mode set to: wal
2025-05-03 07:14:31,739 - WARNING - Attempt 3/3 failed to log audit due to: no such table: audit_logs
2025-05-03 07:14:35,742 - ERROR - Max retries reached for logging audit. Skipping. Details: {'departure': 'Москва', 'destination': 'Дубай', 'departure_date': '2025-05-03', 'return_date': '', 'passengers': '1', 'class': 'economy'}
2025-05-03 07:14:35,742 - DEBUG - Searching flights via API: departure=Москва, destination=Дубай, date=2025-05-03, class=economy, passengers=1
2025-05-03 07:14:35,742 - DEBUG - Signature string: ba463465c90bfaee386337e7c62e8a35:currency=RUB:departure_at=2025-05-03:destination=DXB:direct=false:limit=100:market=ru:origin=MOW
2025-05-03 07:14:35,742 - DEBUG - Sending API request to https://api.travelpayouts.com/aviasales/v3/prices_for_dates with params: {'origin': 'MOW', 'destination': 'DXB', 'departure_at': '2025-05-03', 'currency': 'RUB', 'market': 'ru', 'limit': 100, 'direct': 'false', 'token': 'ba463465c90bfaee386337e7c62e8a35', 'signature': '0e10fa706d13043ed6e18cf7c50f945b'}
2025-05-03 07:14:35,742 - DEBUG - Starting new HTTPS connection (1): api.travelpayouts.com:443
2025-05-03 07:14:36,236 - DEBUG - https://api.travelpayouts.com:443 "GET /aviasales/v3/prices_for_dates?origin=MOW&destination=DXB&departure_at=2025-05-03&currency=RUB&market=ru&limit=100&direct=false&token=ba463465c90bfaee386337e7c62e8a35&signature=0e10fa706d13043ed6e18cf7c50f945b HTTP/1.1" 200 381
2025-05-03 07:14:36,240 - DEBUG - API response for market ru: {'data': [{'flight_number': '702', 'link': '/search/MOW0305SHJ1?t=HH17463048001746377100001145DMETASSHJ_d7c786a3d960e67e68852e8da786c859_20754&search_date=03052025&expected_price_uuid=ed27573d-6f07-4ead-8852-94a2c2ef5302&expected_price_source=share&expected_price_currency=rub&expected_price=20754', 'origin_airport': 'DME', 'destination_airport': 'SHJ', 'departure_at': '2025-05-03T20:40:00+03:00', 'airline': 'HH', 'destination': 'SHJ', 'origin': 'MOW', 'price': 20754, 'return_transfers': 0, 'duration': 1145, 'duration_to': 435, 'duration_back': 0, 'transfers': 1}], 'currency': 'RUB', 'success': True}
2025-05-03 07:14:36,240 - INFO - Alternative destination returned: SHJ instead of DXB
2025-05-03 07:14:36,242 - DEBUG - Signature string: ba463465c90bfaee386337e7c62e8a35:currency=RUB:departure_at=2025-05-03:destination=DXB:direct=false:limit=100:market=kz:origin=MOW
2025-05-03 07:14:36,242 - DEBUG - Sending API request to https://api.travelpayouts.com/aviasales/v3/prices_for_dates with params: {'origin': 'MOW', 'destination': 'DXB', 'departure_at': '2025-05-03', 'currency': 'RUB', 'market': 'kz', 'limit': 100, 'direct': 'false', 'token': 'ba463465c90bfaee386337e7c62e8a35', 'signature': '352e9ba605be5f248b9b203b5964ae0f'}
2025-05-03 07:14:36,244 - DEBUG - Starting new HTTPS connection (1): api.travelpayouts.com:443
2025-05-03 07:14:36,610 - DEBUG - https://api.travelpayouts.com:443 "GET /aviasales/v3/prices_for_dates?origin=MOW&destination=DXB&departure_at=2025-05-03&currency=RUB&market=kz&limit=100&direct=false&token=ba463465c90bfaee386337e7c62e8a35&signature=352e9ba605be5f248b9b203b5964ae0f HTTP/1.1" 200 385
2025-05-03 07:14:36,610 - DEBUG - API response for market kz: {'data': [{'flight_number': '278', 'link': '/search/MOW0305DXB1?t=VF17462835001746325800000645VKOSAWDXB_e2b23d54363571b9ff207c157efa0a90_21758&search_date=02052025&expected_price_uuid=073e4b98-a2c4-49f1-8025-14473d766802&expected_price_source=share&expected_price_currency=rub&expected_price=21758', 'origin_airport': 'VKO', 'destination_airport': 'DXB', 'departure_at': '2025-05-03T14:45:00+03:00', 'airline': 'VF', 'destination': 'DXB', 'origin': 'MOW', 'price': 21758, 'return_transfers': 0, 'duration': 645, 'duration_to': 515, 'duration_back': 0, 'transfers': 1}], 'currency': 'RUB', 'success': True}
2025-05-03 07:14:36,610 - DEBUG - Signature string: ba463465c90bfaee386337e7c62e8a35:currency=RUB:departure_at=2025-05-03:destination=DXB:direct=false:limit=100:market=us:origin=MOW
2025-05-03 07:14:36,610 - DEBUG - Sending API request to https://api.travelpayouts.com/aviasales/v3/prices_for_dates with params: {'origin': 'MOW', 'destination': 'DXB', 'departure_at': '2025-05-03', 'currency': 'RUB', 'market': 'us', 'limit': 100, 'direct': 'false', 'token': 'ba463465c90bfaee386337e7c62e8a35', 'signature': '49932fdae9d15a294df2712dae72cc38'}
2025-05-03 07:14:36,625 - DEBUG - Starting new HTTPS connection (1): api.travelpayouts.com:443
2025-05-03 07:14:36,982 - DEBUG - https://api.travelpayouts.com:443 "GET /aviasales/v3/prices_for_dates?origin=MOW&destination=DXB&departure_at=2025-05-03&currency=RUB&market=us&limit=100&direct=false&token=ba463465c90bfaee386337e7c62e8a35&signature=49932fdae9d15a294df2712dae72cc38 HTTP/1.1" 200 388
2025-05-03 07:14:36,982 - DEBUG - API response for market us: {'data': [{'flight_number': '278', 'link': '/search/MOW0305DXB1?t=VF17462835001746325800000645VKOSAWDXB_e2b23d54363571b9ff207c157efa0a90_21875&search_date=02052025&expected_price_uuid=ca1b3998-8c95-4a6b-83f1-eddafa5b1d00&expected_price_source=share&expected_price_currency=rub&expected_price=21845', 'origin_airport': 'VKO', 'destination_airport': 'DXB', 'departure_at': '2025-05-03T14:45:00+03:00', 'airline': 'VF', 'destination': 'DXB', 'origin': 'MOW', 'price': 21845, 'return_transfers': 0, 'duration': 645, 'duration_to': 515, 'duration_back': 0, 'transfers': 1}], 'currency': 'RUB', 'success': True}
2025-05-03 07:14:36,982 - DEBUG - Processed 2 flights from API
2025-05-03 07:14:36,982 - DEBUG - Returning response: {'success': True, 'flights': [{'id': 1, 'airline': 'AtlasGlobal', 'departure': 'Москва', 'destination': 'Дубай', 'actual_destination': 'SHJ', 'departure_time': '20:40', 'arrival_time': '00:00', 'class': 'economy', 'price': 20754.0, 'discount': 0, 'available_seats': 1, 'duration': '7ч 15м в пути', 'transfers': '1 пересадок', 'currency': 'RUB'}, {'id': 2, 'airline': 'Valuair', 'departure': 'Москва', 'destination': 'Дубай', 'actual_destination': 'DXB', 'departure_time': '14:45', 'arrival_time': '00:00', 'class': 'economy', 'price': 21758.0, 'discount': 0, 'available_seats': 1, 'duration': '8ч 35м в пути', 'transfers': '1 пересадок', 'currency': 'RUB'}]}
2025-05-03 07:14:36,982 - DEBUG - Main execution completed
2025-05-03 07:33:09,582 - DEBUG - Starting main execution
2025-05-03 07:33:09,582 - DEBUG - Attempting to get user from session
2025-05-03 07:33:09,582 - DEBUG - User ID: None
2025-05-03 07:33:09,582 - DEBUG - Received form data: {'departure': 'Алматы', 'destination': 'Тбилиси', 'departure_date': '2025-05-03', 'return_date': '', 'passengers': '1', 'class': 'economy', 'user_id': '1'}
2025-05-03 07:33:09,589 - DEBUG - Request data validated: {'departure': 'Алматы', 'destination': 'Тбилиси', 'departure_date': '2025-05-03', 'return_date': '', 'passengers': '1', 'class': 'economy'}
2025-05-03 07:33:09,589 - DEBUG - Attempting to log search request: {'departure': 'Алматы', 'destination': 'Тбилиси', 'departure_date': '2025-05-03', 'return_date': '', 'passengers': '1', 'class': 'economy'}
2025-05-03 07:33:09,589 - DEBUG - Attempting to connect to database: C:\Apache24\htdocs\logs\flight_search.db
2025-05-03 07:33:09,589 - DEBUG - Connected to database, setting WAL mode
2025-05-03 07:33:09,589 - DEBUG - Journal mode set to: wal
2025-05-03 07:33:09,589 - WARNING - Attempt 1/3 failed to log search request due to: table search_requests has no column named class
2025-05-03 07:33:10,593 - DEBUG - Attempting to connect to database: C:\Apache24\htdocs\logs\flight_search.db
2025-05-03 07:33:10,593 - DEBUG - Connected to database, setting WAL mode
2025-05-03 07:33:10,593 - DEBUG - Journal mode set to: wal
2025-05-03 07:33:10,595 - WARNING - Attempt 2/3 failed to log search request due to: table search_requests has no column named class
2025-05-03 07:33:12,595 - DEBUG - Attempting to connect to database: C:\Apache24\htdocs\logs\flight_search.db
2025-05-03 07:33:12,595 - DEBUG - Connected to database, setting WAL mode
2025-05-03 07:33:12,595 - DEBUG - Journal mode set to: wal
2025-05-03 07:33:12,595 - WARNING - Attempt 3/3 failed to log search request due to: table search_requests has no column named class
2025-05-03 07:33:16,598 - ERROR - Max retries reached for logging search request. Skipping. Data: {'departure': 'Алматы', 'destination': 'Тбилиси', 'departure_date': '2025-05-03', 'return_date': '', 'passengers': '1', 'class': 'economy'}
2025-05-03 07:33:16,598 - DEBUG - Attempting to log audit: search_flight, {'departure': 'Алматы', 'destination': 'Тбилиси', 'departure_date': '2025-05-03', 'return_date': '', 'passengers': '1', 'class': 'economy'}
2025-05-03 07:33:16,598 - DEBUG - Attempting to connect to database: C:\Apache24\htdocs\logs\flight_search.db
2025-05-03 07:33:16,598 - DEBUG - Connected to database, setting WAL mode
2025-05-03 07:33:16,602 - DEBUG - Journal mode set to: wal
2025-05-03 07:33:16,602 - WARNING - Attempt 1/3 failed to log audit due to: no such table: audit_logs
2025-05-03 07:33:17,603 - DEBUG - Attempting to connect to database: C:\Apache24\htdocs\logs\flight_search.db
2025-05-03 07:33:17,603 - DEBUG - Connected to database, setting WAL mode
2025-05-03 07:33:17,603 - DEBUG - Journal mode set to: wal
2025-05-03 07:33:17,603 - WARNING - Attempt 2/3 failed to log audit due to: no such table: audit_logs
2025-05-03 07:33:19,605 - DEBUG - Attempting to connect to database: C:\Apache24\htdocs\logs\flight_search.db
2025-05-03 07:33:19,608 - DEBUG - Connected to database, setting WAL mode
2025-05-03 07:33:19,608 - DEBUG - Journal mode set to: wal
2025-05-03 07:33:19,608 - WARNING - Attempt 3/3 failed to log audit due to: no such table: audit_logs
2025-05-03 07:33:23,610 - ERROR - Max retries reached for logging audit. Skipping. Details: {'departure': 'Алматы', 'destination': 'Тбилиси', 'departure_date': '2025-05-03', 'return_date': '', 'passengers': '1', 'class': 'economy'}
2025-05-03 07:33:23,610 - DEBUG - Searching flights via API: departure=Алматы, destination=Тбилиси, date=2025-05-03, class=economy, passengers=1
2025-05-03 07:33:23,610 - DEBUG - Signature string: ba463465c90bfaee386337e7c62e8a35:currency=RUB:departure_at=2025-05-03:destination=TBS:direct=false:limit=100:market=ru:origin=ALA
2025-05-03 07:33:23,610 - DEBUG - Sending API request to https://api.travelpayouts.com/aviasales/v3/prices_for_dates with params: {'origin': 'ALA', 'destination': 'TBS', 'departure_at': '2025-05-03', 'currency': 'RUB', 'market': 'ru', 'limit': 100, 'direct': 'false', 'token': 'ba463465c90bfaee386337e7c62e8a35', 'signature': 'fcfbb44940c91f4e65039b66305b07e9'}
2025-05-03 07:33:23,615 - DEBUG - Starting new HTTPS connection (1): api.travelpayouts.com:443
2025-05-03 07:33:24,455 - DEBUG - https://api.travelpayouts.com:443 "GET /aviasales/v3/prices_for_dates?origin=ALA&destination=TBS&departure_at=2025-05-03&currency=RUB&market=ru&limit=100&direct=false&token=ba463465c90bfaee386337e7c62e8a35&signature=fcfbb44940c91f4e65039b66305b07e9 HTTP/1.1" 200 43
2025-05-03 07:33:24,455 - DEBUG - API response for market ru: {'data': [], 'currency': 'RUB', 'success': True}
2025-05-03 07:33:24,455 - DEBUG - Signature string: ba463465c90bfaee386337e7c62e8a35:currency=RUB:departure_at=2025-05-03:destination=TBS:direct=false:limit=100:market=kz:origin=ALA
2025-05-03 07:33:24,455 - DEBUG - Sending API request to https://api.travelpayouts.com/aviasales/v3/prices_for_dates with params: {'origin': 'ALA', 'destination': 'TBS', 'departure_at': '2025-05-03', 'currency': 'RUB', 'market': 'kz', 'limit': 100, 'direct': 'false', 'token': 'ba463465c90bfaee386337e7c62e8a35', 'signature': '60b513e0db55536ec0b30b09642278d5'}
2025-05-03 07:33:24,455 - DEBUG - Starting new HTTPS connection (1): api.travelpayouts.com:443
2025-05-03 07:33:24,885 - DEBUG - https://api.travelpayouts.com:443 "GET /aviasales/v3/prices_for_dates?origin=ALA&destination=TBS&departure_at=2025-05-03&currency=RUB&market=kz&limit=100&direct=false&token=ba463465c90bfaee386337e7c62e8a35&signature=60b513e0db55536ec0b30b09642278d5 HTTP/1.1" 200 383
2025-05-03 07:33:24,885 - DEBUG - API response for market kz: {'data': [{'flight_number': '7333', 'link': '/search/ALA0305TBS1?t=PC17463141001746431700002020ALANQZAYTTBS_5ef742062eba1087d29f7ab0835c5c57_30062&search_date=03052025&expected_price_uuid=545293f7-3ce3-43aa-81bd-9b8559015a00&expected_price_source=share&expected_price_currency=rub&expected_price=30062', 'origin_airport': 'ALA', 'destination_airport': 'TBS', 'departure_at': '2025-05-03T23:15:00+06:00', 'airline': 'FS', 'destination': 'TBS', 'origin': 'ALA', 'price': 30062, 'return_transfers': 0, 'duration': 2020, 'duration_to': 565, 'duration_back': 0, 'transfers': 2}], 'currency': 'RUB', 'success': True}
2025-05-03 07:33:24,892 - DEBUG - Signature string: ba463465c90bfaee386337e7c62e8a35:currency=RUB:departure_at=2025-05-03:destination=TBS:direct=false:limit=100:market=us:origin=ALA
2025-05-03 07:33:24,892 - DEBUG - Sending API request to https://api.travelpayouts.com/aviasales/v3/prices_for_dates with params: {'origin': 'ALA', 'destination': 'TBS', 'departure_at': '2025-05-03', 'currency': 'RUB', 'market': 'us', 'limit': 100, 'direct': 'false', 'token': 'ba463465c90bfaee386337e7c62e8a35', 'signature': '59135260350d8e6a3875ebe5574c11a3'}
2025-05-03 07:33:24,892 - DEBUG - Starting new HTTPS connection (1): api.travelpayouts.com:443
2025-05-03 07:33:25,656 - DEBUG - https://api.travelpayouts.com:443 "GET /aviasales/v3/prices_for_dates?origin=ALA&destination=TBS&departure_at=2025-05-03&currency=RUB&market=us&limit=100&direct=false&token=ba463465c90bfaee386337e7c62e8a35&signature=59135260350d8e6a3875ebe5574c11a3 HTTP/1.1" 200 43
2025-05-03 07:33:25,656 - DEBUG - API response for market us: {'data': [], 'currency': 'RUB', 'success': True}
2025-05-03 07:33:25,656 - DEBUG - Processed 1 flights from API
2025-05-03 07:33:25,656 - DEBUG - Returning response: {'success': True, 'flights': [{'id': 1, 'airline': 'FS', 'departure': 'Алматы', 'destination': 'Тбилиси', 'actual_destination': 'TBS', 'departure_time': '23:15', 'arrival_time': '00:00', 'class': 'economy', 'price': 30062.0, 'discount': 0, 'available_seats': 1, 'duration': '9ч 25м в пути', 'transfers': '2 пересадок', 'currency': 'RUB'}]}
2025-05-03 07:33:25,656 - DEBUG - Main execution completed
2025-05-03 07:41:46,349 - DEBUG - Starting main execution
2025-05-03 07:41:46,349 - DEBUG - Attempting to get user from session
2025-05-03 07:41:46,349 - DEBUG - User ID: None
2025-05-03 07:41:46,349 - DEBUG - Received form data: {'departure': 'Москва', 'destination': 'Дубай', 'departure_date': '2025-05-03', 'return_date': '', 'passengers': '1', 'class': 'economy', 'user_id': '1'}
2025-05-03 07:41:46,349 - DEBUG - Request data validated: {'departure': 'Москва', 'destination': 'Дубай', 'departure_date': '2025-05-03', 'return_date': '', 'passengers': '1', 'class': 'economy'}
2025-05-03 07:41:46,349 - DEBUG - Attempting to log search request: {'departure': 'Москва', 'destination': 'Дубай', 'departure_date': '2025-05-03', 'return_date': '', 'passengers': '1', 'class': 'economy'}
2025-05-03 07:41:46,349 - DEBUG - Attempting to connect to database: C:\Apache24\htdocs\logs\flight_search.db
2025-05-03 07:41:46,349 - DEBUG - Connected to database, setting WAL mode
2025-05-03 07:41:46,349 - DEBUG - Journal mode set to: wal
2025-05-03 07:41:46,349 - WARNING - Attempt 1/3 failed to log search request due to: table search_requests has no column named class
2025-05-03 07:41:47,356 - DEBUG - Attempting to connect to database: C:\Apache24\htdocs\logs\flight_search.db
2025-05-03 07:41:47,356 - DEBUG - Connected to database, setting WAL mode
2025-05-03 07:41:47,356 - DEBUG - Journal mode set to: wal
2025-05-03 07:41:47,356 - WARNING - Attempt 2/3 failed to log search request due to: table search_requests has no column named class
2025-05-03 07:41:49,359 - DEBUG - Attempting to connect to database: C:\Apache24\htdocs\logs\flight_search.db
2025-05-03 07:41:49,359 - DEBUG - Connected to database, setting WAL mode
2025-05-03 07:41:49,363 - DEBUG - Journal mode set to: wal
2025-05-03 07:41:49,363 - WARNING - Attempt 3/3 failed to log search request due to: table search_requests has no column named class
2025-05-03 07:41:53,365 - ERROR - Max retries reached for logging search request. Skipping. Data: {'departure': 'Москва', 'destination': 'Дубай', 'departure_date': '2025-05-03', 'return_date': '', 'passengers': '1', 'class': 'economy'}
2025-05-03 07:41:53,365 - DEBUG - Attempting to log audit: search_flight, {'departure': 'Москва', 'destination': 'Дубай', 'departure_date': '2025-05-03', 'return_date': '', 'passengers': '1', 'class': 'economy'}
2025-05-03 07:41:53,365 - DEBUG - Attempting to connect to database: C:\Apache24\htdocs\logs\flight_search.db
2025-05-03 07:41:53,365 - DEBUG - Connected to database, setting WAL mode
2025-05-03 07:41:53,369 - DEBUG - Journal mode set to: wal
2025-05-03 07:41:53,369 - WARNING - Attempt 1/3 failed to log audit due to: no such table: audit_logs
2025-05-03 07:41:54,370 - DEBUG - Attempting to connect to database: C:\Apache24\htdocs\logs\flight_search.db
2025-05-03 07:41:54,370 - DEBUG - Connected to database, setting WAL mode
2025-05-03 07:41:54,370 - DEBUG - Journal mode set to: wal
2025-05-03 07:41:54,370 - WARNING - Attempt 2/3 failed to log audit due to: no such table: audit_logs
2025-05-03 07:41:56,373 - DEBUG - Attempting to connect to database: C:\Apache24\htdocs\logs\flight_search.db
2025-05-03 07:41:56,375 - DEBUG - Connected to database, setting WAL mode
2025-05-03 07:41:56,375 - DEBUG - Journal mode set to: wal
2025-05-03 07:41:56,375 - WARNING - Attempt 3/3 failed to log audit due to: no such table: audit_logs
2025-05-03 07:42:00,379 - ERROR - Max retries reached for logging audit. Skipping. Details: {'departure': 'Москва', 'destination': 'Дубай', 'departure_date': '2025-05-03', 'return_date': '', 'passengers': '1', 'class': 'economy'}
2025-05-03 07:42:00,379 - DEBUG - Searching flights via API: departure=Москва, destination=Дубай, date=2025-05-03, class=economy, passengers=1
2025-05-03 07:42:00,379 - DEBUG - Signature string: ba463465c90bfaee386337e7c62e8a35:currency=RUB:departure_at=2025-05-03:destination=DXB:direct=false:limit=100:market=ru:origin=MOW
2025-05-03 07:42:00,379 - DEBUG - Sending API request to https://api.travelpayouts.com/aviasales/v3/prices_for_dates with params: {'origin': 'MOW', 'destination': 'DXB', 'departure_at': '2025-05-03', 'currency': 'RUB', 'market': 'ru', 'limit': 100, 'direct': 'false', 'token': 'ba463465c90bfaee386337e7c62e8a35', 'signature': '0e10fa706d13043ed6e18cf7c50f945b'}
2025-05-03 07:42:00,381 - DEBUG - Starting new HTTPS connection (1): api.travelpayouts.com:443
2025-05-03 07:42:02,069 - DEBUG - https://api.travelpayouts.com:443 "GET /aviasales/v3/prices_for_dates?origin=MOW&destination=DXB&departure_at=2025-05-03&currency=RUB&market=ru&limit=100&direct=false&token=ba463465c90bfaee386337e7c62e8a35&signature=0e10fa706d13043ed6e18cf7c50f945b HTTP/1.1" 200 385
2025-05-03 07:42:02,069 - DEBUG - API response for market ru: {'data': [{'flight_number': '702', 'link': '/search/MOW0305SHJ1?t=HH17463048001746377100001145DMETASSHJ_d7c786a3d960e67e68852e8da786c859_20754&search_date=03052025&expected_price_uuid=cfba332b-2d0a-41f6-8bc1-715d8e857e02&expected_price_source=share&expected_price_currency=rub&expected_price=20754', 'origin_airport': 'DME', 'destination_airport': 'SHJ', 'departure_at': '2025-05-03T20:40:00+03:00', 'airline': 'HH', 'destination': 'SHJ', 'origin': 'MOW', 'price': 20754, 'return_transfers': 0, 'duration': 1145, 'duration_to': 435, 'duration_back': 0, 'transfers': 1}], 'currency': 'RUB', 'success': True}
2025-05-03 07:42:02,069 - INFO - Alternative destination returned: SHJ instead of DXB
2025-05-03 07:42:02,076 - DEBUG - Signature string: ba463465c90bfaee386337e7c62e8a35:currency=RUB:departure_at=2025-05-03:destination=DXB:direct=false:limit=100:market=kz:origin=MOW
2025-05-03 07:42:02,076 - DEBUG - Sending API request to https://api.travelpayouts.com/aviasales/v3/prices_for_dates with params: {'origin': 'MOW', 'destination': 'DXB', 'departure_at': '2025-05-03', 'currency': 'RUB', 'market': 'kz', 'limit': 100, 'direct': 'false', 'token': 'ba463465c90bfaee386337e7c62e8a35', 'signature': '352e9ba605be5f248b9b203b5964ae0f'}
2025-05-03 07:42:02,076 - DEBUG - Starting new HTTPS connection (1): api.travelpayouts.com:443
2025-05-03 07:42:02,818 - DEBUG - https://api.travelpayouts.com:443 "GET /aviasales/v3/prices_for_dates?origin=MOW&destination=DXB&departure_at=2025-05-03&currency=RUB&market=kz&limit=100&direct=false&token=ba463465c90bfaee386337e7c62e8a35&signature=352e9ba605be5f248b9b203b5964ae0f HTTP/1.1" 200 385
2025-05-03 07:42:02,818 - DEBUG - API response for market kz: {'data': [{'flight_number': '278', 'link': '/search/MOW0305DXB1?t=VF17462835001746325800000645VKOSAWDXB_e2b23d54363571b9ff207c157efa0a90_21758&search_date=02052025&expected_price_uuid=073e4b98-a2c4-49f1-8025-14473d766802&expected_price_source=share&expected_price_currency=rub&expected_price=21758', 'origin_airport': 'VKO', 'destination_airport': 'DXB', 'departure_at': '2025-05-03T14:45:00+03:00', 'airline': 'VF', 'destination': 'DXB', 'origin': 'MOW', 'price': 21758, 'return_transfers': 0, 'duration': 645, 'duration_to': 515, 'duration_back': 0, 'transfers': 1}], 'currency': 'RUB', 'success': True}
2025-05-03 07:42:02,818 - DEBUG - Signature string: ba463465c90bfaee386337e7c62e8a35:currency=RUB:departure_at=2025-05-03:destination=DXB:direct=false:limit=100:market=us:origin=MOW
2025-05-03 07:42:02,818 - DEBUG - Sending API request to https://api.travelpayouts.com/aviasales/v3/prices_for_dates with params: {'origin': 'MOW', 'destination': 'DXB', 'departure_at': '2025-05-03', 'currency': 'RUB', 'market': 'us', 'limit': 100, 'direct': 'false', 'token': 'ba463465c90bfaee386337e7c62e8a35', 'signature': '49932fdae9d15a294df2712dae72cc38'}
2025-05-03 07:42:02,818 - DEBUG - Starting new HTTPS connection (1): api.travelpayouts.com:443
2025-05-03 07:42:03,228 - DEBUG - https://api.travelpayouts.com:443 "GET /aviasales/v3/prices_for_dates?origin=MOW&destination=DXB&departure_at=2025-05-03&currency=RUB&market=us&limit=100&direct=false&token=ba463465c90bfaee386337e7c62e8a35&signature=49932fdae9d15a294df2712dae72cc38 HTTP/1.1" 200 388
2025-05-03 07:42:03,228 - DEBUG - API response for market us: {'data': [{'flight_number': '278', 'link': '/search/MOW0305DXB1?t=VF17462835001746325800000645VKOSAWDXB_e2b23d54363571b9ff207c157efa0a90_21875&search_date=02052025&expected_price_uuid=ca1b3998-8c95-4a6b-83f1-eddafa5b1d00&expected_price_source=share&expected_price_currency=rub&expected_price=21845', 'origin_airport': 'VKO', 'destination_airport': 'DXB', 'departure_at': '2025-05-03T14:45:00+03:00', 'airline': 'VF', 'destination': 'DXB', 'origin': 'MOW', 'price': 21845, 'return_transfers': 0, 'duration': 645, 'duration_to': 515, 'duration_back': 0, 'transfers': 1}], 'currency': 'RUB', 'success': True}
2025-05-03 07:42:03,228 - DEBUG - Processed 2 flights from API
2025-05-03 07:42:03,228 - DEBUG - Returning response: {'success': True, 'flights': [{'id': 1, 'airline': 'AtlasGlobal', 'departure': 'Москва', 'destination': 'Дубай', 'actual_destination': 'SHJ', 'departure_time': '20:40', 'arrival_time': '00:00', 'class': 'economy', 'price': 20754.0, 'discount': 0, 'available_seats': 1, 'duration': '7ч 15м в пути', 'transfers': '1 пересадок', 'currency': 'RUB'}, {'id': 2, 'airline': 'Valuair', 'departure': 'Москва', 'destination': 'Дубай', 'actual_destination': 'DXB', 'departure_time': '14:45', 'arrival_time': '00:00', 'class': 'economy', 'price': 21758.0, 'discount': 0, 'available_seats': 1, 'duration': '8ч 35м в пути', 'transfers': '1 пересадок', 'currency': 'RUB'}]}
2025-05-03 07:42:03,228 - DEBUG - Main execution completed
2025-05-03 07:44:01,223 - DEBUG - Starting main execution
2025-05-03 07:44:01,223 - DEBUG - Attempting to get user from session
2025-05-03 07:44:01,223 - DEBUG - User ID: None
2025-05-03 07:44:01,224 - DEBUG - Received form data: {'departure': 'Алматы', 'destination': 'Тбилиси', 'departure_date': '2025-05-03', 'return_date': '', 'passengers': '1', 'class': 'economy', 'user_id': '1'}
2025-05-03 07:44:01,226 - DEBUG - Request data validated: {'departure': 'Алматы', 'destination': 'Тбилиси', 'departure_date': '2025-05-03', 'return_date': '', 'passengers': '1', 'class': 'economy'}
2025-05-03 07:44:01,226 - DEBUG - Attempting to log search request: {'departure': 'Алматы', 'destination': 'Тбилиси', 'departure_date': '2025-05-03', 'return_date': '', 'passengers': '1', 'class': 'economy'}
2025-05-03 07:44:01,226 - DEBUG - Attempting to connect to database: C:\Apache24\htdocs\logs\flight_search.db
2025-05-03 07:44:01,227 - DEBUG - Connected to database, setting WAL mode
2025-05-03 07:44:01,229 - DEBUG - Journal mode set to: wal
2025-05-03 07:44:01,229 - WARNING - Attempt 1/3 failed to log search request due to: table search_requests has no column named class
2025-05-03 07:44:02,230 - DEBUG - Attempting to connect to database: C:\Apache24\htdocs\logs\flight_search.db
2025-05-03 07:44:02,230 - DEBUG - Connected to database, setting WAL mode
2025-05-03 07:44:02,230 - DEBUG - Journal mode set to: wal
2025-05-03 07:44:02,230 - WARNING - Attempt 2/3 failed to log search request due to: table search_requests has no column named class
2025-05-03 07:44:04,232 - DEBUG - Attempting to connect to database: C:\Apache24\htdocs\logs\flight_search.db
2025-05-03 07:44:04,232 - DEBUG - Connected to database, setting WAL mode
2025-05-03 07:44:04,232 - DEBUG - Journal mode set to: wal
2025-05-03 07:44:04,232 - WARNING - Attempt 3/3 failed to log search request due to: table search_requests has no column named class
2025-05-03 07:44:08,234 - ERROR - Max retries reached for logging search request. Skipping. Data: {'departure': 'Алматы', 'destination': 'Тбилиси', 'departure_date': '2025-05-03', 'return_date': '', 'passengers': '1', 'class': 'economy'}
2025-05-03 07:44:08,234 - DEBUG - Attempting to log audit: search_flight, {'departure': 'Алматы', 'destination': 'Тбилиси', 'departure_date': '2025-05-03', 'return_date': '', 'passengers': '1', 'class': 'economy'}
2025-05-03 07:44:08,234 - DEBUG - Attempting to connect to database: C:\Apache24\htdocs\logs\flight_search.db
2025-05-03 07:44:08,234 - DEBUG - Connected to database, setting WAL mode
2025-05-03 07:44:08,234 - DEBUG - Journal mode set to: wal
2025-05-03 07:44:08,234 - WARNING - Attempt 1/3 failed to log audit due to: no such table: audit_logs
2025-05-03 07:44:09,237 - DEBUG - Attempting to connect to database: C:\Apache24\htdocs\logs\flight_search.db
2025-05-03 07:44:09,237 - DEBUG - Connected to database, setting WAL mode
2025-05-03 07:44:09,237 - DEBUG - Journal mode set to: wal
2025-05-03 07:44:09,237 - WARNING - Attempt 2/3 failed to log audit due to: no such table: audit_logs
2025-05-03 07:44:11,239 - DEBUG - Attempting to connect to database: C:\Apache24\htdocs\logs\flight_search.db
2025-05-03 07:44:11,239 - DEBUG - Connected to database, setting WAL mode
2025-05-03 07:44:11,239 - DEBUG - Journal mode set to: wal
2025-05-03 07:44:11,239 - WARNING - Attempt 3/3 failed to log audit due to: no such table: audit_logs
2025-05-03 07:44:15,242 - ERROR - Max retries reached for logging audit. Skipping. Details: {'departure': 'Алматы', 'destination': 'Тбилиси', 'departure_date': '2025-05-03', 'return_date': '', 'passengers': '1', 'class': 'economy'}
2025-05-03 07:44:15,242 - DEBUG - Searching flights via API: departure=Алматы, destination=Тбилиси, date=2025-05-03, class=economy, passengers=1
2025-05-03 07:44:15,242 - DEBUG - Signature string: ba463465c90bfaee386337e7c62e8a35:currency=RUB:departure_at=2025-05-03:destination=TBS:direct=false:limit=100:market=ru:origin=ALA
2025-05-03 07:44:15,242 - DEBUG - Sending API request to https://api.travelpayouts.com/aviasales/v3/prices_for_dates with params: {'origin': 'ALA', 'destination': 'TBS', 'departure_at': '2025-05-03', 'currency': 'RUB', 'market': 'ru', 'limit': 100, 'direct': 'false', 'token': 'ba463465c90bfaee386337e7c62e8a35', 'signature': 'fcfbb44940c91f4e65039b66305b07e9'}
2025-05-03 07:44:15,244 - DEBUG - Starting new HTTPS connection (1): api.travelpayouts.com:443
2025-05-03 07:44:16,078 - DEBUG - https://api.travelpayouts.com:443 "GET /aviasales/v3/prices_for_dates?origin=ALA&destination=TBS&departure_at=2025-05-03&currency=RUB&market=ru&limit=100&direct=false&token=ba463465c90bfaee386337e7c62e8a35&signature=fcfbb44940c91f4e65039b66305b07e9 HTTP/1.1" 200 43
2025-05-03 07:44:16,084 - DEBUG - API response for market ru: {'data': [], 'currency': 'RUB', 'success': True}
2025-05-03 07:44:16,084 - DEBUG - Signature string: ba463465c90bfaee386337e7c62e8a35:currency=RUB:departure_at=2025-05-03:destination=TBS:direct=false:limit=100:market=kz:origin=ALA
2025-05-03 07:44:16,084 - DEBUG - Sending API request to https://api.travelpayouts.com/aviasales/v3/prices_for_dates with params: {'origin': 'ALA', 'destination': 'TBS', 'departure_at': '2025-05-03', 'currency': 'RUB', 'market': 'kz', 'limit': 100, 'direct': 'false', 'token': 'ba463465c90bfaee386337e7c62e8a35', 'signature': '60b513e0db55536ec0b30b09642278d5'}
2025-05-03 07:44:16,084 - DEBUG - Starting new HTTPS connection (1): api.travelpayouts.com:443
2025-05-03 07:44:16,459 - DEBUG - https://api.travelpayouts.com:443 "GET /aviasales/v3/prices_for_dates?origin=ALA&destination=TBS&departure_at=2025-05-03&currency=RUB&market=kz&limit=100&direct=false&token=ba463465c90bfaee386337e7c62e8a35&signature=60b513e0db55536ec0b30b09642278d5 HTTP/1.1" 200 383
2025-05-03 07:44:16,459 - DEBUG - API response for market kz: {'data': [{'flight_number': '7333', 'link': '/search/ALA0305TBS1?t=PC17463141001746431700002020ALANQZAYTTBS_5ef742062eba1087d29f7ab0835c5c57_30062&search_date=03052025&expected_price_uuid=545293f7-3ce3-43aa-81bd-9b8559015a00&expected_price_source=share&expected_price_currency=rub&expected_price=30062', 'origin_airport': 'ALA', 'destination_airport': 'TBS', 'departure_at': '2025-05-03T23:15:00+06:00', 'airline': 'FS', 'destination': 'TBS', 'origin': 'ALA', 'price': 30062, 'return_transfers': 0, 'duration': 2020, 'duration_to': 565, 'duration_back': 0, 'transfers': 2}], 'currency': 'RUB', 'success': True}
2025-05-03 07:44:16,459 - DEBUG - Signature string: ba463465c90bfaee386337e7c62e8a35:currency=RUB:departure_at=2025-05-03:destination=TBS:direct=false:limit=100:market=us:origin=ALA
2025-05-03 07:44:16,459 - DEBUG - Sending API request to https://api.travelpayouts.com/aviasales/v3/prices_for_dates with params: {'origin': 'ALA', 'destination': 'TBS', 'departure_at': '2025-05-03', 'currency': 'RUB', 'market': 'us', 'limit': 100, 'direct': 'false', 'token': 'ba463465c90bfaee386337e7c62e8a35', 'signature': '59135260350d8e6a3875ebe5574c11a3'}
2025-05-03 07:44:16,463 - DEBUG - Starting new HTTPS connection (1): api.travelpayouts.com:443
2025-05-03 07:44:16,833 - DEBUG - https://api.travelpayouts.com:443 "GET /aviasales/v3/prices_for_dates?origin=ALA&destination=TBS&departure_at=2025-05-03&currency=RUB&market=us&limit=100&direct=false&token=ba463465c90bfaee386337e7c62e8a35&signature=59135260350d8e6a3875ebe5574c11a3 HTTP/1.1" 200 43
2025-05-03 07:44:16,834 - DEBUG - API response for market us: {'data': [], 'currency': 'RUB', 'success': True}
2025-05-03 07:44:16,834 - DEBUG - Processed 1 flights from API
2025-05-03 07:44:16,834 - DEBUG - Returning response: {'success': True, 'flights': [{'id': 1, 'airline': 'FS', 'departure': 'Алматы', 'destination': 'Тбилиси', 'actual_destination': 'TBS', 'departure_time': '23:15', 'arrival_time': '00:00', 'class': 'economy', 'price': 30062.0, 'discount': 0, 'available_seats': 1, 'duration': '9ч 25м в пути', 'transfers': '2 пересадок', 'currency': 'RUB'}]}
2025-05-03 07:44:16,834 - DEBUG - Main execution completed
2025-05-03 11:56:17,645 - DEBUG - Starting main execution
2025-05-03 11:56:17,645 - DEBUG - Attempting to get user from session
2025-05-03 11:56:17,645 - DEBUG - User ID: None
2025-05-03 11:56:17,645 - DEBUG - Received form data: {'departure': 'Алматы', 'destination': 'Атырау', 'departure_date': '2025-05-03', 'return_date': '', 'passengers': '1', 'class': 'economy', 'user_id': '1'}
2025-05-03 11:56:17,645 - DEBUG - Request data validated: {'departure': 'Алматы', 'destination': 'Атырау', 'departure_date': '2025-05-03', 'return_date': '', 'passengers': '1', 'class': 'economy'}
2025-05-03 11:56:17,645 - DEBUG - Attempting to log search request: {'departure': 'Алматы', 'destination': 'Атырау', 'departure_date': '2025-05-03', 'return_date': '', 'passengers': '1', 'class': 'economy'}
2025-05-03 11:56:17,645 - DEBUG - Attempting to connect to database: C:\Apache24\htdocs\logs\flight_search.db
2025-05-03 11:56:17,645 - DEBUG - Connected to database, setting WAL mode
2025-05-03 11:56:17,653 - DEBUG - Journal mode set to: wal
2025-05-03 11:56:17,653 - WARNING - Attempt 1/3 failed to log search request due to: table search_requests has no column named class
2025-05-03 11:56:18,654 - DEBUG - Attempting to connect to database: C:\Apache24\htdocs\logs\flight_search.db
2025-05-03 11:56:18,654 - DEBUG - Connected to database, setting WAL mode
2025-05-03 11:56:18,654 - DEBUG - Journal mode set to: wal
2025-05-03 11:56:18,654 - WARNING - Attempt 2/3 failed to log search request due to: table search_requests has no column named class
2025-05-03 11:56:20,656 - DEBUG - Attempting to connect to database: C:\Apache24\htdocs\logs\flight_search.db
2025-05-03 11:56:20,658 - DEBUG - Connected to database, setting WAL mode
2025-05-03 11:56:20,659 - DEBUG - Journal mode set to: wal
2025-05-03 11:56:20,659 - WARNING - Attempt 3/3 failed to log search request due to: table search_requests has no column named class
2025-05-03 11:56:24,662 - ERROR - Max retries reached for logging search request. Skipping. Data: {'departure': 'Алматы', 'destination': 'Атырау', 'departure_date': '2025-05-03', 'return_date': '', 'passengers': '1', 'class': 'economy'}
2025-05-03 11:56:24,662 - DEBUG - Attempting to log audit: search_flight, {'departure': 'Алматы', 'destination': 'Атырау', 'departure_date': '2025-05-03', 'return_date': '', 'passengers': '1', 'class': 'economy'}
2025-05-03 11:56:24,662 - DEBUG - Attempting to connect to database: C:\Apache24\htdocs\logs\flight_search.db
2025-05-03 11:56:24,662 - DEBUG - Connected to database, setting WAL mode
2025-05-03 11:56:24,662 - DEBUG - Journal mode set to: wal
2025-05-03 11:56:24,662 - WARNING - Attempt 1/3 failed to log audit due to: no such table: audit_logs
2025-05-03 11:56:25,664 - DEBUG - Attempting to connect to database: C:\Apache24\htdocs\logs\flight_search.db
2025-05-03 11:56:25,664 - DEBUG - Connected to database, setting WAL mode
2025-05-03 11:56:25,664 - DEBUG - Journal mode set to: wal
2025-05-03 11:56:25,664 - WARNING - Attempt 2/3 failed to log audit due to: no such table: audit_logs
2025-05-03 11:56:27,667 - DEBUG - Attempting to connect to database: C:\Apache24\htdocs\logs\flight_search.db
2025-05-03 11:56:27,667 - DEBUG - Connected to database, setting WAL mode
2025-05-03 11:56:27,667 - DEBUG - Journal mode set to: wal
2025-05-03 11:56:27,667 - WARNING - Attempt 3/3 failed to log audit due to: no such table: audit_logs
2025-05-03 11:56:31,669 - ERROR - Max retries reached for logging audit. Skipping. Details: {'departure': 'Алматы', 'destination': 'Атырау', 'departure_date': '2025-05-03', 'return_date': '', 'passengers': '1', 'class': 'economy'}
2025-05-03 11:56:31,669 - DEBUG - Searching flights via API: departure=Алматы, destination=Атырау, date=2025-05-03, class=economy, passengers=1
2025-05-03 11:56:31,669 - DEBUG - Signature string: ba463465c90bfaee386337e7c62e8a35:currency=RUB:departure_at=2025-05-03:destination=GUW:direct=false:limit=100:market=ru:origin=ALA
2025-05-03 11:56:31,670 - DEBUG - Sending API request to https://api.travelpayouts.com/aviasales/v3/prices_for_dates with params: {'origin': 'ALA', 'destination': 'GUW', 'departure_at': '2025-05-03', 'currency': 'RUB', 'market': 'ru', 'limit': 100, 'direct': 'false', 'token': 'ba463465c90bfaee386337e7c62e8a35', 'signature': '5fb12f5c3ec081fa20c053d271463129'}
2025-05-03 11:56:31,677 - DEBUG - Starting new HTTPS connection (1): api.travelpayouts.com:443
2025-05-03 11:56:33,157 - DEBUG - https://api.travelpayouts.com:443 "GET /aviasales/v3/prices_for_dates?origin=ALA&destination=GUW&departure_at=2025-05-03&currency=RUB&market=ru&limit=100&direct=false&token=ba463465c90bfaee386337e7c62e8a35&signature=5fb12f5c3ec081fa20c053d271463129 HTTP/1.1" 200 43
2025-05-03 11:56:33,157 - DEBUG - API response for market ru: {'data': [], 'currency': 'RUB', 'success': True}
2025-05-03 11:56:33,157 - DEBUG - Signature string: ba463465c90bfaee386337e7c62e8a35:currency=RUB:departure_at=2025-05-03:destination=GUW:direct=false:limit=100:market=kz:origin=ALA
2025-05-03 11:56:33,157 - DEBUG - Sending API request to https://api.travelpayouts.com/aviasales/v3/prices_for_dates with params: {'origin': 'ALA', 'destination': 'GUW', 'departure_at': '2025-05-03', 'currency': 'RUB', 'market': 'kz', 'limit': 100, 'direct': 'false', 'token': 'ba463465c90bfaee386337e7c62e8a35', 'signature': 'ae023f0437022a6d9fe0caace23c4d9e'}
2025-05-03 11:56:33,157 - DEBUG - Starting new HTTPS connection (1): api.travelpayouts.com:443
2025-05-03 11:56:33,844 - DEBUG - https://api.travelpayouts.com:443 "GET /aviasales/v3/prices_for_dates?origin=ALA&destination=GUW&departure_at=2025-05-03&currency=RUB&market=kz&limit=100&direct=false&token=ba463465c90bfaee386337e7c62e8a35&signature=ae023f0437022a6d9fe0caace23c4d9e HTTP/1.1" 200 380
2025-05-03 11:56:33,844 - DEBUG - API response for market kz: {'data': [{'flight_number': '7165', 'link': '/search/ALA0305GUW1?t=FS17462895001746368100001310ALAURAGUW_4fca9c13ddb3d43f9bc2ec97888deb2d_13030&search_date=03052025&expected_price_uuid=4bb6d3fe-d773-4f8d-8f29-b77fc2ad0600&expected_price_source=share&expected_price_currency=rub&expected_price=13030', 'origin_airport': 'ALA', 'destination_airport': 'GUW', 'departure_at': '2025-05-03T16:25:00+06:00', 'airline': 'FS', 'destination': 'GUW', 'origin': 'ALA', 'price': 13030, 'return_transfers': 0, 'duration': 1310, 'duration_to': 275, 'duration_back': 0, 'transfers': 1}], 'currency': 'RUB', 'success': True}
2025-05-03 11:56:33,844 - DEBUG - Signature string: ba463465c90bfaee386337e7c62e8a35:currency=RUB:departure_at=2025-05-03:destination=GUW:direct=false:limit=100:market=us:origin=ALA
2025-05-03 11:56:33,844 - DEBUG - Sending API request to https://api.travelpayouts.com/aviasales/v3/prices_for_dates with params: {'origin': 'ALA', 'destination': 'GUW', 'departure_at': '2025-05-03', 'currency': 'RUB', 'market': 'us', 'limit': 100, 'direct': 'false', 'token': 'ba463465c90bfaee386337e7c62e8a35', 'signature': '08327340ac00955195bb73178b18d10a'}
2025-05-03 11:56:33,844 - DEBUG - Starting new HTTPS connection (1): api.travelpayouts.com:443
2025-05-03 11:56:34,469 - DEBUG - https://api.travelpayouts.com:443 "GET /aviasales/v3/prices_for_dates?origin=ALA&destination=GUW&departure_at=2025-05-03&currency=RUB&market=us&limit=100&direct=false&token=ba463465c90bfaee386337e7c62e8a35&signature=08327340ac00955195bb73178b18d10a HTTP/1.1" 200 380
2025-05-03 11:56:34,469 - DEBUG - API response for market us: {'data': [{'flight_number': '7165', 'link': '/search/ALA0305GUW1?t=FS17462895001746368100001310ALAURAGUW_4fca9c13ddb3d43f9bc2ec97888deb2d_13030&search_date=03052025&expected_price_uuid=4bb6d3fe-d773-4f8d-8f29-b77fc2ad0600&expected_price_source=share&expected_price_currency=rub&expected_price=13030', 'origin_airport': 'ALA', 'destination_airport': 'GUW', 'departure_at': '2025-05-03T16:25:00+06:00', 'airline': 'FS', 'destination': 'GUW', 'origin': 'ALA', 'price': 13030, 'return_transfers': 0, 'duration': 1310, 'duration_to': 275, 'duration_back': 0, 'transfers': 1}], 'currency': 'RUB', 'success': True}
2025-05-03 11:56:34,469 - DEBUG - Processed 1 flights from API
2025-05-03 11:56:34,469 - DEBUG - Returning response: {'success': True, 'flights': [{'id': 1, 'airline': 'FS', 'departure': 'Алматы', 'destination': 'Атырау', 'actual_destination': 'GUW', 'departure_time': '16:25', 'arrival_time': '00:00', 'class': 'economy', 'price': 13030.0, 'discount': 0, 'available_seats': 1, 'duration': '4ч 35м в пути', 'transfers': '1 пересадок', 'currency': 'RUB'}]}
2025-05-03 11:56:34,469 - DEBUG - Main execution completed
2025-05-03 12:06:46,536 - DEBUG - Starting main execution
2025-05-03 12:06:46,536 - DEBUG - Attempting to get user from session
2025-05-03 12:06:46,536 - DEBUG - User ID: None
2025-05-03 12:06:46,536 - DEBUG - Received form data: {'departure': 'Кутаиси', 'destination': 'Атырау', 'departure_date': '2025-05-03', 'return_date': '', 'passengers': '1', 'class': 'economy', 'user_id': '1'}
2025-05-03 12:06:46,536 - DEBUG - Request data validated: {'departure': 'Кутаиси', 'destination': 'Атырау', 'departure_date': '2025-05-03', 'return_date': '', 'passengers': '1', 'class': 'economy'}
2025-05-03 12:06:46,536 - DEBUG - Attempting to log search request: {'departure': 'Кутаиси', 'destination': 'Атырау', 'departure_date': '2025-05-03', 'return_date': '', 'passengers': '1', 'class': 'economy'}
2025-05-03 12:06:46,536 - DEBUG - Attempting to connect to database: C:\Apache24\htdocs\logs\flight_search.db
2025-05-03 12:06:46,536 - DEBUG - Connected to database, setting WAL mode
2025-05-03 12:06:46,542 - DEBUG - Journal mode set to: wal
2025-05-03 12:06:46,542 - WARNING - Attempt 1/3 failed to log search request due to: table search_requests has no column named class
2025-05-03 12:06:47,543 - DEBUG - Attempting to connect to database: C:\Apache24\htdocs\logs\flight_search.db
2025-05-03 12:06:47,543 - DEBUG - Connected to database, setting WAL mode
2025-05-03 12:06:47,543 - DEBUG - Journal mode set to: wal
2025-05-03 12:06:47,543 - WARNING - Attempt 2/3 failed to log search request due to: table search_requests has no column named class
2025-05-03 12:06:49,545 - DEBUG - Attempting to connect to database: C:\Apache24\htdocs\logs\flight_search.db
2025-05-03 12:06:49,545 - DEBUG - Connected to database, setting WAL mode
2025-05-03 12:06:49,545 - DEBUG - Journal mode set to: wal
2025-05-03 12:06:49,545 - WARNING - Attempt 3/3 failed to log search request due to: table search_requests has no column named class
2025-05-03 12:06:53,547 - ERROR - Max retries reached for logging search request. Skipping. Data: {'departure': 'Кутаиси', 'destination': 'Атырау', 'departure_date': '2025-05-03', 'return_date': '', 'passengers': '1', 'class': 'economy'}
2025-05-03 12:06:53,548 - DEBUG - Attempting to log audit: search_flight, {'departure': 'Кутаиси', 'destination': 'Атырау', 'departure_date': '2025-05-03', 'return_date': '', 'passengers': '1', 'class': 'economy'}
2025-05-03 12:06:53,548 - DEBUG - Attempting to connect to database: C:\Apache24\htdocs\logs\flight_search.db
2025-05-03 12:06:53,548 - DEBUG - Connected to database, setting WAL mode
2025-05-03 12:06:53,549 - DEBUG - Journal mode set to: wal
2025-05-03 12:06:53,549 - WARNING - Attempt 1/3 failed to log audit due to: no such table: audit_logs
2025-05-03 12:06:54,550 - DEBUG - Attempting to connect to database: C:\Apache24\htdocs\logs\flight_search.db
2025-05-03 12:06:54,550 - DEBUG - Connected to database, setting WAL mode
2025-05-03 12:06:54,550 - DEBUG - Journal mode set to: wal
2025-05-03 12:06:54,550 - WARNING - Attempt 2/3 failed to log audit due to: no such table: audit_logs
2025-05-03 12:06:56,552 - DEBUG - Attempting to connect to database: C:\Apache24\htdocs\logs\flight_search.db
2025-05-03 12:06:56,552 - DEBUG - Connected to database, setting WAL mode
2025-05-03 12:06:56,552 - DEBUG - Journal mode set to: wal
2025-05-03 12:06:56,552 - WARNING - Attempt 3/3 failed to log audit due to: no such table: audit_logs
2025-05-03 12:07:00,554 - ERROR - Max retries reached for logging audit. Skipping. Details: {'departure': 'Кутаиси', 'destination': 'Атырау', 'departure_date': '2025-05-03', 'return_date': '', 'passengers': '1', 'class': 'economy'}
2025-05-03 12:07:00,554 - DEBUG - Searching flights via API: departure=Кутаиси, destination=Атырау, date=2025-05-03, class=economy, passengers=1
2025-05-03 12:07:00,554 - ERROR - Could not map cities to IATA codes: Кутаиси -> , Атырау -> GUW
2025-05-03 12:07:00,554 - DEBUG - Returning response: {'success': True, 'flights': [], 'message': 'Рейсы не найдены. Попробуйте изменить дату (доступны данные за последние 48 часов) или маршрут.'}
2025-05-03 12:07:00,554 - DEBUG - Main execution completed
2025-05-03 12:07:12,114 - DEBUG - Starting main execution
2025-05-03 12:07:12,114 - DEBUG - Attempting to get user from session
2025-05-03 12:07:12,114 - DEBUG - User ID: None
2025-05-03 12:07:12,114 - DEBUG - Received form data: {'departure': 'Ташкент', 'destination': 'Атырау', 'departure_date': '2025-05-03', 'return_date': '', 'passengers': '1', 'class': 'economy', 'user_id': '1'}
2025-05-03 12:07:12,114 - DEBUG - Request data validated: {'departure': 'Ташкент', 'destination': 'Атырау', 'departure_date': '2025-05-03', 'return_date': '', 'passengers': '1', 'class': 'economy'}
2025-05-03 12:07:12,114 - DEBUG - Attempting to log search request: {'departure': 'Ташкент', 'destination': 'Атырау', 'departure_date': '2025-05-03', 'return_date': '', 'passengers': '1', 'class': 'economy'}
2025-05-03 12:07:12,114 - DEBUG - Attempting to connect to database: C:\Apache24\htdocs\logs\flight_search.db
2025-05-03 12:07:12,114 - DEBUG - Connected to database, setting WAL mode
2025-05-03 12:07:12,114 - DEBUG - Journal mode set to: wal
2025-05-03 12:07:12,114 - WARNING - Attempt 1/3 failed to log search request due to: table search_requests has no column named class
2025-05-03 12:07:13,121 - DEBUG - Attempting to connect to database: C:\Apache24\htdocs\logs\flight_search.db
2025-05-03 12:07:13,121 - DEBUG - Connected to database, setting WAL mode
2025-05-03 12:07:13,121 - DEBUG - Journal mode set to: wal
2025-05-03 12:07:13,121 - WARNING - Attempt 2/3 failed to log search request due to: table search_requests has no column named class
2025-05-03 12:07:15,123 - DEBUG - Attempting to connect to database: C:\Apache24\htdocs\logs\flight_search.db
2025-05-03 12:07:15,123 - DEBUG - Connected to database, setting WAL mode
2025-05-03 12:07:15,123 - DEBUG - Journal mode set to: wal
2025-05-03 12:07:15,123 - WARNING - Attempt 3/3 failed to log search request due to: table search_requests has no column named class
2025-05-03 12:07:19,125 - ERROR - Max retries reached for logging search request. Skipping. Data: {'departure': 'Ташкент', 'destination': 'Атырау', 'departure_date': '2025-05-03', 'return_date': '', 'passengers': '1', 'class': 'economy'}
2025-05-03 12:07:19,125 - DEBUG - Attempting to log audit: search_flight, {'departure': 'Ташкент', 'destination': 'Атырау', 'departure_date': '2025-05-03', 'return_date': '', 'passengers': '1', 'class': 'economy'}
2025-05-03 12:07:19,125 - DEBUG - Attempting to connect to database: C:\Apache24\htdocs\logs\flight_search.db
2025-05-03 12:07:19,126 - DEBUG - Connected to database, setting WAL mode
2025-05-03 12:07:19,126 - DEBUG - Journal mode set to: wal
2025-05-03 12:07:19,126 - WARNING - Attempt 1/3 failed to log audit due to: no such table: audit_logs
2025-05-03 12:07:20,128 - DEBUG - Attempting to connect to database: C:\Apache24\htdocs\logs\flight_search.db
2025-05-03 12:07:20,128 - DEBUG - Connected to database, setting WAL mode
2025-05-03 12:07:20,128 - DEBUG - Journal mode set to: wal
2025-05-03 12:07:20,128 - WARNING - Attempt 2/3 failed to log audit due to: no such table: audit_logs
2025-05-03 12:07:22,130 - DEBUG - Attempting to connect to database: C:\Apache24\htdocs\logs\flight_search.db
2025-05-03 12:07:22,130 - DEBUG - Connected to database, setting WAL mode
2025-05-03 12:07:22,130 - DEBUG - Journal mode set to: wal
2025-05-03 12:07:22,130 - WARNING - Attempt 3/3 failed to log audit due to: no such table: audit_logs
2025-05-03 12:07:26,132 - ERROR - Max retries reached for logging audit. Skipping. Details: {'departure': 'Ташкент', 'destination': 'Атырау', 'departure_date': '2025-05-03', 'return_date': '', 'passengers': '1', 'class': 'economy'}
2025-05-03 12:07:26,132 - DEBUG - Searching flights via API: departure=Ташкент, destination=Атырау, date=2025-05-03, class=economy, passengers=1
2025-05-03 12:07:26,132 - ERROR - Could not map cities to IATA codes: Ташкент -> , Атырау -> GUW
2025-05-03 12:07:26,132 - DEBUG - Returning response: {'success': True, 'flights': [], 'message': 'Рейсы не найдены. Попробуйте изменить дату (доступны данные за последние 48 часов) или маршрут.'}
2025-05-03 12:07:26,132 - DEBUG - Main execution completed
2025-05-03 12:07:41,414 - DEBUG - Starting main execution
2025-05-03 12:07:41,414 - DEBUG - Attempting to get user from session
2025-05-03 12:07:41,414 - DEBUG - User ID: None
2025-05-03 12:07:41,414 - DEBUG - Received form data: {'departure': 'Моск', 'destination': 'Атырау', 'departure_date': '2025-05-03', 'return_date': '', 'passengers': '1', 'class': 'economy', 'user_id': '1'}
2025-05-03 12:07:41,421 - DEBUG - Request data validated: {'departure': 'Моск', 'destination': 'Атырау', 'departure_date': '2025-05-03', 'return_date': '', 'passengers': '1', 'class': 'economy'}
2025-05-03 12:07:41,421 - DEBUG - Attempting to log search request: {'departure': 'Моск', 'destination': 'Атырау', 'departure_date': '2025-05-03', 'return_date': '', 'passengers': '1', 'class': 'economy'}
2025-05-03 12:07:41,421 - DEBUG - Attempting to connect to database: C:\Apache24\htdocs\logs\flight_search.db
2025-05-03 12:07:41,421 - DEBUG - Connected to database, setting WAL mode
2025-05-03 12:07:41,421 - DEBUG - Journal mode set to: wal
2025-05-03 12:07:41,421 - WARNING - Attempt 1/3 failed to log search request due to: table search_requests has no column named class
2025-05-03 12:07:42,425 - DEBUG - Attempting to connect to database: C:\Apache24\htdocs\logs\flight_search.db
2025-05-03 12:07:42,425 - DEBUG - Connected to database, setting WAL mode
2025-05-03 12:07:42,425 - DEBUG - Journal mode set to: wal
2025-05-03 12:07:42,425 - WARNING - Attempt 2/3 failed to log search request due to: table search_requests has no column named class
2025-05-03 12:07:44,427 - DEBUG - Attempting to connect to database: C:\Apache24\htdocs\logs\flight_search.db
2025-05-03 12:07:44,427 - DEBUG - Connected to database, setting WAL mode
2025-05-03 12:07:44,427 - DEBUG - Journal mode set to: wal
2025-05-03 12:07:44,427 - WARNING - Attempt 3/3 failed to log search request due to: table search_requests has no column named class
2025-05-03 12:07:46,385 - DEBUG - Starting main execution
2025-05-03 12:07:46,385 - DEBUG - Attempting to get user from session
2025-05-03 12:07:46,385 - DEBUG - User ID: None
2025-05-03 12:07:46,385 - DEBUG - Received form data: {'departure': 'Москва', 'destination': 'Атырау', 'departure_date': '2025-05-03', 'return_date': '', 'passengers': '1', 'class': 'economy', 'user_id': '1'}
2025-05-03 12:07:46,385 - DEBUG - Request data validated: {'departure': 'Москва', 'destination': 'Атырау', 'departure_date': '2025-05-03', 'return_date': '', 'passengers': '1', 'class': 'economy'}
2025-05-03 12:07:46,385 - DEBUG - Attempting to log search request: {'departure': 'Москва', 'destination': 'Атырау', 'departure_date': '2025-05-03', 'return_date': '', 'passengers': '1', 'class': 'economy'}
2025-05-03 12:07:46,385 - DEBUG - Attempting to connect to database: C:\Apache24\htdocs\logs\flight_search.db
2025-05-03 12:07:46,385 - DEBUG - Connected to database, setting WAL mode
2025-05-03 12:07:46,392 - DEBUG - Journal mode set to: wal
2025-05-03 12:07:46,392 - WARNING - Attempt 1/3 failed to log search request due to: table search_requests has no column named class
2025-05-03 12:07:47,398 - DEBUG - Attempting to connect to database: C:\Apache24\htdocs\logs\flight_search.db
2025-05-03 12:07:47,399 - DEBUG - Connected to database, setting WAL mode
2025-05-03 12:07:47,406 - DEBUG - Journal mode set to: wal
2025-05-03 12:07:47,406 - WARNING - Attempt 2/3 failed to log search request due to: table search_requests has no column named class
2025-05-03 12:07:47,447 - DEBUG - Starting main execution
2025-05-03 12:07:47,447 - DEBUG - Attempting to get user from session
2025-05-03 12:07:47,447 - DEBUG - User ID: None
2025-05-03 12:07:47,447 - DEBUG - Received form data: {'departure': 'Москва', 'destination': 'Атырау', 'departure_date': '2025-05-03', 'return_date': '', 'passengers': '1', 'class': 'economy', 'user_id': '1'}
2025-05-03 12:07:47,447 - DEBUG - Request data validated: {'departure': 'Москва', 'destination': 'Атырау', 'departure_date': '2025-05-03', 'return_date': '', 'passengers': '1', 'class': 'economy'}
2025-05-03 12:07:47,447 - DEBUG - Attempting to log search request: {'departure': 'Москва', 'destination': 'Атырау', 'departure_date': '2025-05-03', 'return_date': '', 'passengers': '1', 'class': 'economy'}
2025-05-03 12:07:47,447 - DEBUG - Attempting to connect to database: C:\Apache24\htdocs\logs\flight_search.db
2025-05-03 12:07:47,447 - DEBUG - Connected to database, setting WAL mode
2025-05-03 12:07:47,453 - DEBUG - Journal mode set to: wal
2025-05-03 12:07:47,453 - WARNING - Attempt 1/3 failed to log search request due to: table search_requests has no column named class
2025-05-03 12:07:48,429 - ERROR - Max retries reached for logging search request. Skipping. Data: {'departure': 'Моск', 'destination': 'Атырау', 'departure_date': '2025-05-03', 'return_date': '', 'passengers': '1', 'class': 'economy'}
2025-05-03 12:07:48,429 - DEBUG - Attempting to log audit: search_flight, {'departure': 'Моск', 'destination': 'Атырау', 'departure_date': '2025-05-03', 'return_date': '', 'passengers': '1', 'class': 'economy'}
2025-05-03 12:07:48,429 - DEBUG - Attempting to connect to database: C:\Apache24\htdocs\logs\flight_search.db
2025-05-03 12:07:48,429 - DEBUG - Connected to database, setting WAL mode
2025-05-03 12:07:48,429 - DEBUG - Journal mode set to: wal
2025-05-03 12:07:48,429 - WARNING - Attempt 1/3 failed to log audit due to: no such table: audit_logs
2025-05-03 12:07:48,454 - DEBUG - Attempting to connect to database: C:\Apache24\htdocs\logs\flight_search.db
2025-05-03 12:07:48,454 - DEBUG - Connected to database, setting WAL mode
2025-05-03 12:07:48,454 - DEBUG - Journal mode set to: wal
2025-05-03 12:07:48,454 - WARNING - Attempt 2/3 failed to log search request due to: table search_requests has no column named class
2025-05-03 12:07:49,211 - DEBUG - Starting main execution
2025-05-03 12:07:49,211 - DEBUG - Attempting to get user from session
2025-05-03 12:07:49,211 - DEBUG - User ID: None
2025-05-03 12:07:49,211 - DEBUG - Received form data: {'departure': 'Москва', 'destination': 'Атырау', 'departure_date': '2025-05-03', 'return_date': '', 'passengers': '1', 'class': 'economy', 'user_id': '1'}
2025-05-03 12:07:49,218 - DEBUG - Request data validated: {'departure': 'Москва', 'destination': 'Атырау', 'departure_date': '2025-05-03', 'return_date': '', 'passengers': '1', 'class': 'economy'}
2025-05-03 12:07:49,218 - DEBUG - Attempting to log search request: {'departure': 'Москва', 'destination': 'Атырау', 'departure_date': '2025-05-03', 'return_date': '', 'passengers': '1', 'class': 'economy'}
2025-05-03 12:07:49,218 - DEBUG - Attempting to connect to database: C:\Apache24\htdocs\logs\flight_search.db
2025-05-03 12:07:49,218 - DEBUG - Connected to database, setting WAL mode
2025-05-03 12:07:49,225 - DEBUG - Journal mode set to: wal
2025-05-03 12:07:49,225 - WARNING - Attempt 1/3 failed to log search request due to: table search_requests has no column named class
2025-05-03 12:07:49,407 - DEBUG - Attempting to connect to database: C:\Apache24\htdocs\logs\flight_search.db
2025-05-03 12:07:49,407 - DEBUG - Connected to database, setting WAL mode
2025-05-03 12:07:49,407 - DEBUG - Journal mode set to: wal
2025-05-03 12:07:49,407 - WARNING - Attempt 3/3 failed to log search request due to: table search_requests has no column named class
2025-05-03 12:07:49,431 - DEBUG - Attempting to connect to database: C:\Apache24\htdocs\logs\flight_search.db
2025-05-03 12:07:49,431 - DEBUG - Connected to database, setting WAL mode
2025-05-03 12:07:49,431 - DEBUG - Journal mode set to: wal
2025-05-03 12:07:49,431 - WARNING - Attempt 2/3 failed to log audit due to: no such table: audit_logs
2025-05-03 12:07:50,227 - DEBUG - Attempting to connect to database: C:\Apache24\htdocs\logs\flight_search.db
2025-05-03 12:07:50,227 - DEBUG - Connected to database, setting WAL mode
2025-05-03 12:07:50,227 - DEBUG - Journal mode set to: wal
2025-05-03 12:07:50,227 - WARNING - Attempt 2/3 failed to log search request due to: table search_requests has no column named class
2025-05-03 12:07:50,455 - DEBUG - Attempting to connect to database: C:\Apache24\htdocs\logs\flight_search.db
2025-05-03 12:07:50,455 - DEBUG - Connected to database, setting WAL mode
2025-05-03 12:07:50,455 - DEBUG - Journal mode set to: wal
2025-05-03 12:07:50,455 - WARNING - Attempt 3/3 failed to log search request due to: table search_requests has no column named class
2025-05-03 12:07:51,433 - DEBUG - Attempting to connect to database: C:\Apache24\htdocs\logs\flight_search.db
2025-05-03 12:07:51,433 - DEBUG - Connected to database, setting WAL mode
2025-05-03 12:07:51,433 - DEBUG - Journal mode set to: wal
2025-05-03 12:07:51,433 - WARNING - Attempt 3/3 failed to log audit due to: no such table: audit_logs
2025-05-03 12:07:52,228 - DEBUG - Attempting to connect to database: C:\Apache24\htdocs\logs\flight_search.db
2025-05-03 12:07:52,228 - DEBUG - Connected to database, setting WAL mode
2025-05-03 12:07:52,228 - DEBUG - Journal mode set to: wal
2025-05-03 12:07:52,228 - WARNING - Attempt 3/3 failed to log search request due to: table search_requests has no column named class
2025-05-03 12:07:53,408 - ERROR - Max retries reached for logging search request. Skipping. Data: {'departure': 'Москва', 'destination': 'Атырау', 'departure_date': '2025-05-03', 'return_date': '', 'passengers': '1', 'class': 'economy'}
2025-05-03 12:07:53,408 - DEBUG - Attempting to log audit: search_flight, {'departure': 'Москва', 'destination': 'Атырау', 'departure_date': '2025-05-03', 'return_date': '', 'passengers': '1', 'class': 'economy'}
2025-05-03 12:07:53,408 - DEBUG - Attempting to connect to database: C:\Apache24\htdocs\logs\flight_search.db
2025-05-03 12:07:53,408 - DEBUG - Connected to database, setting WAL mode
2025-05-03 12:07:53,408 - DEBUG - Journal mode set to: wal
2025-05-03 12:07:53,408 - WARNING - Attempt 1/3 failed to log audit due to: no such table: audit_logs
2025-05-03 12:07:54,410 - DEBUG - Attempting to connect to database: C:\Apache24\htdocs\logs\flight_search.db
2025-05-03 12:07:54,410 - DEBUG - Connected to database, setting WAL mode
2025-05-03 12:07:54,411 - DEBUG - Journal mode set to: wal
2025-05-03 12:07:54,411 - WARNING - Attempt 2/3 failed to log audit due to: no such table: audit_logs
2025-05-03 12:07:54,457 - ERROR - Max retries reached for logging search request. Skipping. Data: {'departure': 'Москва', 'destination': 'Атырау', 'departure_date': '2025-05-03', 'return_date': '', 'passengers': '1', 'class': 'economy'}
2025-05-03 12:07:54,457 - DEBUG - Attempting to log audit: search_flight, {'departure': 'Москва', 'destination': 'Атырау', 'departure_date': '2025-05-03', 'return_date': '', 'passengers': '1', 'class': 'economy'}
2025-05-03 12:07:54,457 - DEBUG - Attempting to connect to database: C:\Apache24\htdocs\logs\flight_search.db
2025-05-03 12:07:54,457 - DEBUG - Connected to database, setting WAL mode
2025-05-03 12:07:54,457 - DEBUG - Journal mode set to: wal
2025-05-03 12:07:54,457 - WARNING - Attempt 1/3 failed to log audit due to: no such table: audit_logs
2025-05-03 12:07:55,434 - ERROR - Max retries reached for logging audit. Skipping. Details: {'departure': 'Моск', 'destination': 'Атырау', 'departure_date': '2025-05-03', 'return_date': '', 'passengers': '1', 'class': 'economy'}
2025-05-03 12:07:55,434 - DEBUG - Searching flights via API: departure=Моск, destination=Атырау, date=2025-05-03, class=economy, passengers=1
2025-05-03 12:07:55,434 - ERROR - Could not map cities to IATA codes: Моск -> , Атырау -> GUW
2025-05-03 12:07:55,434 - DEBUG - Returning response: {'success': True, 'flights': [], 'message': 'Рейсы не найдены. Попробуйте изменить дату (доступны данные за последние 48 часов) или маршрут.'}
2025-05-03 12:07:55,434 - DEBUG - Main execution completed
2025-05-03 12:07:55,458 - DEBUG - Attempting to connect to database: C:\Apache24\htdocs\logs\flight_search.db
2025-05-03 12:07:55,458 - DEBUG - Connected to database, setting WAL mode
2025-05-03 12:07:55,459 - DEBUG - Journal mode set to: wal
2025-05-03 12:07:55,459 - WARNING - Attempt 2/3 failed to log audit due to: no such table: audit_logs
2025-05-03 12:07:56,229 - ERROR - Max retries reached for logging search request. Skipping. Data: {'departure': 'Москва', 'destination': 'Атырау', 'departure_date': '2025-05-03', 'return_date': '', 'passengers': '1', 'class': 'economy'}
2025-05-03 12:07:56,229 - DEBUG - Attempting to log audit: search_flight, {'departure': 'Москва', 'destination': 'Атырау', 'departure_date': '2025-05-03', 'return_date': '', 'passengers': '1', 'class': 'economy'}
2025-05-03 12:07:56,229 - DEBUG - Attempting to connect to database: C:\Apache24\htdocs\logs\flight_search.db
2025-05-03 12:07:56,229 - DEBUG - Connected to database, setting WAL mode
2025-05-03 12:07:56,229 - DEBUG - Journal mode set to: wal
2025-05-03 12:07:56,229 - WARNING - Attempt 1/3 failed to log audit due to: no such table: audit_logs
2025-05-03 12:07:56,412 - DEBUG - Attempting to connect to database: C:\Apache24\htdocs\logs\flight_search.db
2025-05-03 12:07:56,412 - DEBUG - Connected to database, setting WAL mode
2025-05-03 12:07:56,412 - DEBUG - Journal mode set to: wal
2025-05-03 12:07:56,412 - WARNING - Attempt 3/3 failed to log audit due to: no such table: audit_logs
2025-05-03 12:07:57,231 - DEBUG - Attempting to connect to database: C:\Apache24\htdocs\logs\flight_search.db
2025-05-03 12:07:57,231 - DEBUG - Connected to database, setting WAL mode
2025-05-03 12:07:57,231 - DEBUG - Journal mode set to: wal
2025-05-03 12:07:57,231 - WARNING - Attempt 2/3 failed to log audit due to: no such table: audit_logs
2025-05-03 12:07:57,460 - DEBUG - Attempting to connect to database: C:\Apache24\htdocs\logs\flight_search.db
2025-05-03 12:07:57,460 - DEBUG - Connected to database, setting WAL mode
2025-05-03 12:07:57,460 - DEBUG - Journal mode set to: wal
2025-05-03 12:07:57,460 - WARNING - Attempt 3/3 failed to log audit due to: no such table: audit_logs
2025-05-03 12:07:59,233 - DEBUG - Attempting to connect to database: C:\Apache24\htdocs\logs\flight_search.db
2025-05-03 12:07:59,233 - DEBUG - Connected to database, setting WAL mode
2025-05-03 12:07:59,233 - DEBUG - Journal mode set to: wal
2025-05-03 12:07:59,233 - WARNING - Attempt 3/3 failed to log audit due to: no such table: audit_logs
2025-05-03 12:08:00,413 - ERROR - Max retries reached for logging audit. Skipping. Details: {'departure': 'Москва', 'destination': 'Атырау', 'departure_date': '2025-05-03', 'return_date': '', 'passengers': '1', 'class': 'economy'}
2025-05-03 12:08:00,413 - DEBUG - Searching flights via API: departure=Москва, destination=Атырау, date=2025-05-03, class=economy, passengers=1
2025-05-03 12:08:00,413 - DEBUG - Signature string: ba463465c90bfaee386337e7c62e8a35:currency=RUB:departure_at=2025-05-03:destination=GUW:direct=false:limit=100:market=ru:origin=MOW
2025-05-03 12:08:00,413 - DEBUG - Sending API request to https://api.travelpayouts.com/aviasales/v3/prices_for_dates with params: {'origin': 'MOW', 'destination': 'GUW', 'departure_at': '2025-05-03', 'currency': 'RUB', 'market': 'ru', 'limit': 100, 'direct': 'false', 'token': 'ba463465c90bfaee386337e7c62e8a35', 'signature': '66a005a8ffc7c3577e1b88490d9e8381'}
2025-05-03 12:08:00,413 - DEBUG - Starting new HTTPS connection (1): api.travelpayouts.com:443
2025-05-03 12:08:01,462 - ERROR - Max retries reached for logging audit. Skipping. Details: {'departure': 'Москва', 'destination': 'Атырау', 'departure_date': '2025-05-03', 'return_date': '', 'passengers': '1', 'class': 'economy'}
2025-05-03 12:08:01,462 - DEBUG - Searching flights via API: departure=Москва, destination=Атырау, date=2025-05-03, class=economy, passengers=1
2025-05-03 12:08:01,462 - DEBUG - Signature string: ba463465c90bfaee386337e7c62e8a35:currency=RUB:departure_at=2025-05-03:destination=GUW:direct=false:limit=100:market=ru:origin=MOW
2025-05-03 12:08:01,462 - DEBUG - Sending API request to https://api.travelpayouts.com/aviasales/v3/prices_for_dates with params: {'origin': 'MOW', 'destination': 'GUW', 'departure_at': '2025-05-03', 'currency': 'RUB', 'market': 'ru', 'limit': 100, 'direct': 'false', 'token': 'ba463465c90bfaee386337e7c62e8a35', 'signature': '66a005a8ffc7c3577e1b88490d9e8381'}
2025-05-03 12:08:01,464 - DEBUG - Starting new HTTPS connection (1): api.travelpayouts.com:443
2025-05-03 12:08:01,592 - DEBUG - https://api.travelpayouts.com:443 "GET /aviasales/v3/prices_for_dates?origin=MOW&destination=GUW&departure_at=2025-05-03&currency=RUB&market=ru&limit=100&direct=false&token=ba463465c90bfaee386337e7c62e8a35&signature=66a005a8ffc7c3577e1b88490d9e8381 HTTP/1.1" 200 385
2025-05-03 12:08:01,593 - DEBUG - API response for market ru: {'data': [{'flight_number': '1956', 'link': '/search/MOW0305GUW1?t=SU17463156001746441600001980SVONQZGUW_af8daacdded53a646dfee5c4e728d673_23816&search_date=03052025&expected_price_uuid=ca92ebde-4c97-459f-ae5d-0464bd084d00&expected_price_source=share&expected_price_currency=rub&expected_price=23816', 'origin_airport': 'SVO', 'destination_airport': 'GUW', 'departure_at': '2025-05-03T23:40:00+03:00', 'airline': 'SU', 'destination': 'GUW', 'origin': 'MOW', 'price': 23816, 'return_transfers': 0, 'duration': 1980, 'duration_to': 345, 'duration_back': 0, 'transfers': 1}], 'currency': 'RUB', 'success': True}
2025-05-03 12:08:01,593 - DEBUG - Signature string: ba463465c90bfaee386337e7c62e8a35:currency=RUB:departure_at=2025-05-03:destination=GUW:direct=false:limit=100:market=kz:origin=MOW
2025-05-03 12:08:01,593 - DEBUG - Sending API request to https://api.travelpayouts.com/aviasales/v3/prices_for_dates with params: {'origin': 'MOW', 'destination': 'GUW', 'departure_at': '2025-05-03', 'currency': 'RUB', 'market': 'kz', 'limit': 100, 'direct': 'false', 'token': 'ba463465c90bfaee386337e7c62e8a35', 'signature': '8e790165d40e839873118f523a260e39'}
2025-05-03 12:08:01,594 - DEBUG - Starting new HTTPS connection (1): api.travelpayouts.com:443
2025-05-03 12:08:02,114 - DEBUG - https://api.travelpayouts.com:443 "GET /aviasales/v3/prices_for_dates?origin=MOW&destination=GUW&departure_at=2025-05-03&currency=RUB&market=ru&limit=100&direct=false&token=ba463465c90bfaee386337e7c62e8a35&signature=66a005a8ffc7c3577e1b88490d9e8381 HTTP/1.1" 200 385
2025-05-03 12:08:02,114 - DEBUG - API response for market ru: {'data': [{'flight_number': '1956', 'link': '/search/MOW0305GUW1?t=SU17463156001746441600001980SVONQZGUW_af8daacdded53a646dfee5c4e728d673_23816&search_date=03052025&expected_price_uuid=ca92ebde-4c97-459f-ae5d-0464bd084d00&expected_price_source=share&expected_price_currency=rub&expected_price=23816', 'origin_airport': 'SVO', 'destination_airport': 'GUW', 'departure_at': '2025-05-03T23:40:00+03:00', 'airline': 'SU', 'destination': 'GUW', 'origin': 'MOW', 'price': 23816, 'return_transfers': 0, 'duration': 1980, 'duration_to': 345, 'duration_back': 0, 'transfers': 1}], 'currency': 'RUB', 'success': True}
2025-05-03 12:08:02,115 - DEBUG - Signature string: ba463465c90bfaee386337e7c62e8a35:currency=RUB:departure_at=2025-05-03:destination=GUW:direct=false:limit=100:market=kz:origin=MOW
2025-05-03 12:08:02,115 - DEBUG - Sending API request to https://api.travelpayouts.com/aviasales/v3/prices_for_dates with params: {'origin': 'MOW', 'destination': 'GUW', 'departure_at': '2025-05-03', 'currency': 'RUB', 'market': 'kz', 'limit': 100, 'direct': 'false', 'token': 'ba463465c90bfaee386337e7c62e8a35', 'signature': '8e790165d40e839873118f523a260e39'}
2025-05-03 12:08:02,116 - DEBUG - Starting new HTTPS connection (1): api.travelpayouts.com:443
2025-05-03 12:08:02,218 - DEBUG - https://api.travelpayouts.com:443 "GET /aviasales/v3/prices_for_dates?origin=MOW&destination=GUW&departure_at=2025-05-03&currency=RUB&market=kz&limit=100&direct=false&token=ba463465c90bfaee386337e7c62e8a35&signature=8e790165d40e839873118f523a260e39 HTTP/1.1" 200 43
2025-05-03 12:08:02,218 - DEBUG - API response for market kz: {'data': [], 'currency': 'RUB', 'success': True}
2025-05-03 12:08:02,219 - DEBUG - Signature string: ba463465c90bfaee386337e7c62e8a35:currency=RUB:departure_at=2025-05-03:destination=GUW:direct=false:limit=100:market=us:origin=MOW
2025-05-03 12:08:02,219 - DEBUG - Sending API request to https://api.travelpayouts.com/aviasales/v3/prices_for_dates with params: {'origin': 'MOW', 'destination': 'GUW', 'departure_at': '2025-05-03', 'currency': 'RUB', 'market': 'us', 'limit': 100, 'direct': 'false', 'token': 'ba463465c90bfaee386337e7c62e8a35', 'signature': '868bacb3da74b5d5db937bb5752a563c'}
2025-05-03 12:08:02,219 - DEBUG - Starting new HTTPS connection (1): api.travelpayouts.com:443
2025-05-03 12:08:02,814 - DEBUG - https://api.travelpayouts.com:443 "GET /aviasales/v3/prices_for_dates?origin=MOW&destination=GUW&departure_at=2025-05-03&currency=RUB&market=kz&limit=100&direct=false&token=ba463465c90bfaee386337e7c62e8a35&signature=8e790165d40e839873118f523a260e39 HTTP/1.1" 200 43
2025-05-03 12:08:02,814 - DEBUG - API response for market kz: {'data': [], 'currency': 'RUB', 'success': True}
2025-05-03 12:08:02,814 - DEBUG - Signature string: ba463465c90bfaee386337e7c62e8a35:currency=RUB:departure_at=2025-05-03:destination=GUW:direct=false:limit=100:market=us:origin=MOW
2025-05-03 12:08:02,814 - DEBUG - Sending API request to https://api.travelpayouts.com/aviasales/v3/prices_for_dates with params: {'origin': 'MOW', 'destination': 'GUW', 'departure_at': '2025-05-03', 'currency': 'RUB', 'market': 'us', 'limit': 100, 'direct': 'false', 'token': 'ba463465c90bfaee386337e7c62e8a35', 'signature': '868bacb3da74b5d5db937bb5752a563c'}
2025-05-03 12:08:02,814 - DEBUG - Starting new HTTPS connection (1): api.travelpayouts.com:443
2025-05-03 12:08:02,934 - DEBUG - https://api.travelpayouts.com:443 "GET /aviasales/v3/prices_for_dates?origin=MOW&destination=GUW&departure_at=2025-05-03&currency=RUB&market=us&limit=100&direct=false&token=ba463465c90bfaee386337e7c62e8a35&signature=868bacb3da74b5d5db937bb5752a563c HTTP/1.1" 200 385
2025-05-03 12:08:02,934 - DEBUG - API response for market us: {'data': [{'flight_number': '1956', 'link': '/search/MOW0305GUW1?t=SU17463156001746441600001980SVONQZGUW_af8daacdded53a646dfee5c4e728d673_23816&search_date=03052025&expected_price_uuid=ca92ebde-4c97-459f-ae5d-0464bd084d00&expected_price_source=share&expected_price_currency=rub&expected_price=23816', 'origin_airport': 'SVO', 'destination_airport': 'GUW', 'departure_at': '2025-05-03T23:40:00+03:00', 'airline': 'SU', 'destination': 'GUW', 'origin': 'MOW', 'price': 23816, 'return_transfers': 0, 'duration': 1980, 'duration_to': 345, 'duration_back': 0, 'transfers': 1}], 'currency': 'RUB', 'success': True}
2025-05-03 12:08:02,935 - DEBUG - Processed 1 flights from API
2025-05-03 12:08:02,935 - DEBUG - Returning response: {'success': True, 'flights': [{'id': 1, 'airline': 'Aeroflot', 'departure': 'Москва', 'destination': 'Атырау', 'actual_destination': 'GUW', 'departure_time': '23:40', 'arrival_time': '00:00', 'class': 'economy', 'price': 23816.0, 'discount': 0, 'available_seats': 1, 'duration': '5ч 45м в пути', 'transfers': '1 пересадок', 'currency': 'RUB'}]}
2025-05-03 12:08:02,935 - DEBUG - Main execution completed
2025-05-03 12:08:03,234 - ERROR - Max retries reached for logging audit. Skipping. Details: {'departure': 'Москва', 'destination': 'Атырау', 'departure_date': '2025-05-03', 'return_date': '', 'passengers': '1', 'class': 'economy'}
2025-05-03 12:08:03,237 - DEBUG - Searching flights via API: departure=Москва, destination=Атырау, date=2025-05-03, class=economy, passengers=1
2025-05-03 12:08:03,237 - DEBUG - Signature string: ba463465c90bfaee386337e7c62e8a35:currency=RUB:departure_at=2025-05-03:destination=GUW:direct=false:limit=100:market=ru:origin=MOW
2025-05-03 12:08:03,237 - DEBUG - Sending API request to https://api.travelpayouts.com/aviasales/v3/prices_for_dates with params: {'origin': 'MOW', 'destination': 'GUW', 'departure_at': '2025-05-03', 'currency': 'RUB', 'market': 'ru', 'limit': 100, 'direct': 'false', 'token': 'ba463465c90bfaee386337e7c62e8a35', 'signature': '66a005a8ffc7c3577e1b88490d9e8381'}
2025-05-03 12:08:03,239 - DEBUG - Starting new HTTPS connection (1): api.travelpayouts.com:443
2025-05-03 12:08:03,447 - DEBUG - https://api.travelpayouts.com:443 "GET /aviasales/v3/prices_for_dates?origin=MOW&destination=GUW&departure_at=2025-05-03&currency=RUB&market=us&limit=100&direct=false&token=ba463465c90bfaee386337e7c62e8a35&signature=868bacb3da74b5d5db937bb5752a563c HTTP/1.1" 200 385
2025-05-03 12:08:03,447 - DEBUG - API response for market us: {'data': [{'flight_number': '1956', 'link': '/search/MOW0305GUW1?t=SU17463156001746441600001980SVONQZGUW_af8daacdded53a646dfee5c4e728d673_23816&search_date=03052025&expected_price_uuid=ca92ebde-4c97-459f-ae5d-0464bd084d00&expected_price_source=share&expected_price_currency=rub&expected_price=23816', 'origin_airport': 'SVO', 'destination_airport': 'GUW', 'departure_at': '2025-05-03T23:40:00+03:00', 'airline': 'SU', 'destination': 'GUW', 'origin': 'MOW', 'price': 23816, 'return_transfers': 0, 'duration': 1980, 'duration_to': 345, 'duration_back': 0, 'transfers': 1}], 'currency': 'RUB', 'success': True}
2025-05-03 12:08:03,447 - DEBUG - Processed 1 flights from API
2025-05-03 12:08:03,447 - DEBUG - Returning response: {'success': True, 'flights': [{'id': 1, 'airline': 'Aeroflot', 'departure': 'Москва', 'destination': 'Атырау', 'actual_destination': 'GUW', 'departure_time': '23:40', 'arrival_time': '00:00', 'class': 'economy', 'price': 23816.0, 'discount': 0, 'available_seats': 1, 'duration': '5ч 45м в пути', 'transfers': '1 пересадок', 'currency': 'RUB'}]}
2025-05-03 12:08:03,447 - DEBUG - Main execution completed
2025-05-03 12:08:03,879 - DEBUG - https://api.travelpayouts.com:443 "GET /aviasales/v3/prices_for_dates?origin=MOW&destination=GUW&departure_at=2025-05-03&currency=RUB&market=ru&limit=100&direct=false&token=ba463465c90bfaee386337e7c62e8a35&signature=66a005a8ffc7c3577e1b88490d9e8381 HTTP/1.1" 200 385
2025-05-03 12:08:03,879 - DEBUG - API response for market ru: {'data': [{'flight_number': '1956', 'link': '/search/MOW0305GUW1?t=SU17463156001746441600001980SVONQZGUW_af8daacdded53a646dfee5c4e728d673_23816&search_date=03052025&expected_price_uuid=ca92ebde-4c97-459f-ae5d-0464bd084d00&expected_price_source=share&expected_price_currency=rub&expected_price=23816', 'origin_airport': 'SVO', 'destination_airport': 'GUW', 'departure_at': '2025-05-03T23:40:00+03:00', 'airline': 'SU', 'destination': 'GUW', 'origin': 'MOW', 'price': 23816, 'return_transfers': 0, 'duration': 1980, 'duration_to': 345, 'duration_back': 0, 'transfers': 1}], 'currency': 'RUB', 'success': True}
2025-05-03 12:08:03,880 - DEBUG - Signature string: ba463465c90bfaee386337e7c62e8a35:currency=RUB:departure_at=2025-05-03:destination=GUW:direct=false:limit=100:market=kz:origin=MOW
2025-05-03 12:08:03,880 - DEBUG - Sending API request to https://api.travelpayouts.com/aviasales/v3/prices_for_dates with params: {'origin': 'MOW', 'destination': 'GUW', 'departure_at': '2025-05-03', 'currency': 'RUB', 'market': 'kz', 'limit': 100, 'direct': 'false', 'token': 'ba463465c90bfaee386337e7c62e8a35', 'signature': '8e790165d40e839873118f523a260e39'}
2025-05-03 12:08:03,881 - DEBUG - Starting new HTTPS connection (1): api.travelpayouts.com:443
2025-05-03 12:08:04,458 - DEBUG - https://api.travelpayouts.com:443 "GET /aviasales/v3/prices_for_dates?origin=MOW&destination=GUW&departure_at=2025-05-03&currency=RUB&market=kz&limit=100&direct=false&token=ba463465c90bfaee386337e7c62e8a35&signature=8e790165d40e839873118f523a260e39 HTTP/1.1" 200 43
2025-05-03 12:08:04,458 - DEBUG - API response for market kz: {'data': [], 'currency': 'RUB', 'success': True}
2025-05-03 12:08:04,458 - DEBUG - Signature string: ba463465c90bfaee386337e7c62e8a35:currency=RUB:departure_at=2025-05-03:destination=GUW:direct=false:limit=100:market=us:origin=MOW
2025-05-03 12:08:04,458 - DEBUG - Sending API request to https://api.travelpayouts.com/aviasales/v3/prices_for_dates with params: {'origin': 'MOW', 'destination': 'GUW', 'departure_at': '2025-05-03', 'currency': 'RUB', 'market': 'us', 'limit': 100, 'direct': 'false', 'token': 'ba463465c90bfaee386337e7c62e8a35', 'signature': '868bacb3da74b5d5db937bb5752a563c'}
2025-05-03 12:08:04,458 - DEBUG - Starting new HTTPS connection (1): api.travelpayouts.com:443
2025-05-03 12:08:05,065 - DEBUG - https://api.travelpayouts.com:443 "GET /aviasales/v3/prices_for_dates?origin=MOW&destination=GUW&departure_at=2025-05-03&currency=RUB&market=us&limit=100&direct=false&token=ba463465c90bfaee386337e7c62e8a35&signature=868bacb3da74b5d5db937bb5752a563c HTTP/1.1" 200 385
2025-05-03 12:08:05,065 - DEBUG - API response for market us: {'data': [{'flight_number': '1956', 'link': '/search/MOW0305GUW1?t=SU17463156001746441600001980SVONQZGUW_af8daacdded53a646dfee5c4e728d673_23816&search_date=03052025&expected_price_uuid=ca92ebde-4c97-459f-ae5d-0464bd084d00&expected_price_source=share&expected_price_currency=rub&expected_price=23816', 'origin_airport': 'SVO', 'destination_airport': 'GUW', 'departure_at': '2025-05-03T23:40:00+03:00', 'airline': 'SU', 'destination': 'GUW', 'origin': 'MOW', 'price': 23816, 'return_transfers': 0, 'duration': 1980, 'duration_to': 345, 'duration_back': 0, 'transfers': 1}], 'currency': 'RUB', 'success': True}
2025-05-03 12:08:05,065 - DEBUG - Processed 1 flights from API
2025-05-03 12:08:05,065 - DEBUG - Returning response: {'success': True, 'flights': [{'id': 1, 'airline': 'Aeroflot', 'departure': 'Москва', 'destination': 'Атырау', 'actual_destination': 'GUW', 'departure_time': '23:40', 'arrival_time': '00:00', 'class': 'economy', 'price': 23816.0, 'discount': 0, 'available_seats': 1, 'duration': '5ч 45м в пути', 'transfers': '1 пересадок', 'currency': 'RUB'}]}
2025-05-03 12:08:05,065 - DEBUG - Main execution completed
2025-05-03 12:08:13,240 - DEBUG - Starting main execution
2025-05-03 12:08:13,240 - DEBUG - Attempting to get user from session
2025-05-03 12:08:13,240 - DEBUG - User ID: None
2025-05-03 12:08:13,240 - DEBUG - Received form data: {'departure': 'Москва', 'destination': 'Ташкент', 'departure_date': '2025-05-03', 'return_date': '', 'passengers': '1', 'class': 'economy', 'user_id': '1'}
2025-05-03 12:08:13,240 - DEBUG - Request data validated: {'departure': 'Москва', 'destination': 'Ташкент', 'departure_date': '2025-05-03', 'return_date': '', 'passengers': '1', 'class': 'economy'}
2025-05-03 12:08:13,240 - DEBUG - Attempting to log search request: {'departure': 'Москва', 'destination': 'Ташкент', 'departure_date': '2025-05-03', 'return_date': '', 'passengers': '1', 'class': 'economy'}
2025-05-03 12:08:13,240 - DEBUG - Attempting to connect to database: C:\Apache24\htdocs\logs\flight_search.db
2025-05-03 12:08:13,240 - DEBUG - Connected to database, setting WAL mode
2025-05-03 12:08:13,248 - DEBUG - Journal mode set to: wal
2025-05-03 12:08:13,248 - WARNING - Attempt 1/3 failed to log search request due to: table search_requests has no column named class
2025-05-03 12:08:14,249 - DEBUG - Attempting to connect to database: C:\Apache24\htdocs\logs\flight_search.db
2025-05-03 12:08:14,249 - DEBUG - Connected to database, setting WAL mode
2025-05-03 12:08:14,249 - DEBUG - Journal mode set to: wal
2025-05-03 12:08:14,249 - WARNING - Attempt 2/3 failed to log search request due to: table search_requests has no column named class
2025-05-03 12:08:16,251 - DEBUG - Attempting to connect to database: C:\Apache24\htdocs\logs\flight_search.db
2025-05-03 12:08:16,251 - DEBUG - Connected to database, setting WAL mode
2025-05-03 12:08:16,251 - DEBUG - Journal mode set to: wal
2025-05-03 12:08:16,251 - WARNING - Attempt 3/3 failed to log search request due to: table search_requests has no column named class
2025-05-03 12:08:20,253 - ERROR - Max retries reached for logging search request. Skipping. Data: {'departure': 'Москва', 'destination': 'Ташкент', 'departure_date': '2025-05-03', 'return_date': '', 'passengers': '1', 'class': 'economy'}
2025-05-03 12:08:20,254 - DEBUG - Attempting to log audit: search_flight, {'departure': 'Москва', 'destination': 'Ташкент', 'departure_date': '2025-05-03', 'return_date': '', 'passengers': '1', 'class': 'economy'}
2025-05-03 12:08:20,254 - DEBUG - Attempting to connect to database: C:\Apache24\htdocs\logs\flight_search.db
2025-05-03 12:08:20,254 - DEBUG - Connected to database, setting WAL mode
2025-05-03 12:08:20,254 - DEBUG - Journal mode set to: wal
2025-05-03 12:08:20,254 - WARNING - Attempt 1/3 failed to log audit due to: no such table: audit_logs
2025-05-03 12:08:21,256 - DEBUG - Attempting to connect to database: C:\Apache24\htdocs\logs\flight_search.db
2025-05-03 12:08:21,256 - DEBUG - Connected to database, setting WAL mode
2025-05-03 12:08:21,256 - DEBUG - Journal mode set to: wal
2025-05-03 12:08:21,256 - WARNING - Attempt 2/3 failed to log audit due to: no such table: audit_logs
2025-05-03 12:08:23,258 - DEBUG - Attempting to connect to database: C:\Apache24\htdocs\logs\flight_search.db
2025-05-03 12:08:23,258 - DEBUG - Connected to database, setting WAL mode
2025-05-03 12:08:23,258 - DEBUG - Journal mode set to: wal
2025-05-03 12:08:23,258 - WARNING - Attempt 3/3 failed to log audit due to: no such table: audit_logs
2025-05-03 12:08:27,259 - ERROR - Max retries reached for logging audit. Skipping. Details: {'departure': 'Москва', 'destination': 'Ташкент', 'departure_date': '2025-05-03', 'return_date': '', 'passengers': '1', 'class': 'economy'}
2025-05-03 12:08:27,259 - DEBUG - Searching flights via API: departure=Москва, destination=Ташкент, date=2025-05-03, class=economy, passengers=1
2025-05-03 12:08:27,259 - ERROR - Could not map cities to IATA codes: Москва -> MOW, Ташкент -> 
2025-05-03 12:08:27,259 - DEBUG - Returning response: {'success': True, 'flights': [], 'message': 'Рейсы не найдены. Попробуйте изменить дату (доступны данные за последние 48 часов) или маршрут.'}
2025-05-03 12:08:27,259 - DEBUG - Main execution completed
2025-05-03 12:18:31,036 - DEBUG - Starting main execution
2025-05-03 12:18:31,036 - DEBUG - Attempting to get user from session
2025-05-03 12:18:31,036 - DEBUG - User ID: None
2025-05-03 12:18:31,036 - DEBUG - Received form data: {'departure': 'Москва', 'destination': 'Атырау', 'departure_date': '2025-05-03', 'return_date': '', 'passengers': '1', 'class': 'economy', 'user_id': '1'}
2025-05-03 12:18:31,036 - DEBUG - Request data validated: {'departure': 'Москва', 'destination': 'Атырау', 'departure_date': '2025-05-03', 'return_date': '', 'passengers': '1', 'class': 'economy'}
2025-05-03 12:18:31,036 - DEBUG - Attempting to log search request: {'departure': 'Москва', 'destination': 'Атырау', 'departure_date': '2025-05-03', 'return_date': '', 'passengers': '1', 'class': 'economy'}
2025-05-03 12:18:31,036 - DEBUG - Attempting to connect to database: C:\Apache24\htdocs\logs\flight_search.db
2025-05-03 12:18:31,036 - DEBUG - Connected to database, setting WAL mode
2025-05-03 12:18:31,036 - DEBUG - Journal mode set to: wal
2025-05-03 12:18:31,036 - WARNING - Attempt 1/3 failed to log search request due to: table search_requests has no column named class
2025-05-03 12:18:32,043 - DEBUG - Attempting to connect to database: C:\Apache24\htdocs\logs\flight_search.db
2025-05-03 12:18:32,043 - DEBUG - Connected to database, setting WAL mode
2025-05-03 12:18:32,043 - DEBUG - Journal mode set to: wal
2025-05-03 12:18:32,043 - WARNING - Attempt 2/3 failed to log search request due to: table search_requests has no column named class
2025-05-03 12:18:34,045 - DEBUG - Attempting to connect to database: C:\Apache24\htdocs\logs\flight_search.db
2025-05-03 12:18:34,045 - DEBUG - Connected to database, setting WAL mode
2025-05-03 12:18:34,045 - DEBUG - Journal mode set to: wal
2025-05-03 12:18:34,045 - WARNING - Attempt 3/3 failed to log search request due to: table search_requests has no column named class
2025-05-03 12:18:38,047 - ERROR - Max retries reached for logging search request. Skipping. Data: {'departure': 'Москва', 'destination': 'Атырау', 'departure_date': '2025-05-03', 'return_date': '', 'passengers': '1', 'class': 'economy'}
2025-05-03 12:18:38,048 - DEBUG - Attempting to log audit: search_flight, {'departure': 'Москва', 'destination': 'Атырау', 'departure_date': '2025-05-03', 'return_date': '', 'passengers': '1', 'class': 'economy'}
2025-05-03 12:18:38,048 - DEBUG - Attempting to connect to database: C:\Apache24\htdocs\logs\flight_search.db
2025-05-03 12:18:38,048 - DEBUG - Connected to database, setting WAL mode
2025-05-03 12:18:38,048 - DEBUG - Journal mode set to: wal
2025-05-03 12:18:38,048 - WARNING - Attempt 1/3 failed to log audit due to: no such table: audit_logs
2025-05-03 12:18:39,050 - DEBUG - Attempting to connect to database: C:\Apache24\htdocs\logs\flight_search.db
2025-05-03 12:18:39,050 - DEBUG - Connected to database, setting WAL mode
2025-05-03 12:18:39,050 - DEBUG - Journal mode set to: wal
2025-05-03 12:18:39,050 - WARNING - Attempt 2/3 failed to log audit due to: no such table: audit_logs
2025-05-03 12:18:41,052 - DEBUG - Attempting to connect to database: C:\Apache24\htdocs\logs\flight_search.db
2025-05-03 12:18:41,052 - DEBUG - Connected to database, setting WAL mode
2025-05-03 12:18:41,052 - DEBUG - Journal mode set to: wal
2025-05-03 12:18:41,052 - WARNING - Attempt 3/3 failed to log audit due to: no such table: audit_logs
2025-05-03 12:18:45,055 - ERROR - Max retries reached for logging audit. Skipping. Details: {'departure': 'Москва', 'destination': 'Атырау', 'departure_date': '2025-05-03', 'return_date': '', 'passengers': '1', 'class': 'economy'}
2025-05-03 12:18:45,055 - DEBUG - Searching flights via API: departure=Москва, destination=Атырау, date=2025-05-03, class=economy, passengers=1
2025-05-03 12:18:45,055 - DEBUG - Signature string: ba463465c90bfaee386337e7c62e8a35:currency=RUB:departure_at=2025-05-03:destination=GUW:direct=false:limit=100:market=ru:origin=MOW
2025-05-03 12:18:45,055 - DEBUG - Sending API request to https://api.travelpayouts.com/aviasales/v3/prices_for_dates with params: {'origin': 'MOW', 'destination': 'GUW', 'departure_at': '2025-05-03', 'currency': 'RUB', 'market': 'ru', 'limit': 100, 'direct': 'false', 'token': 'ba463465c90bfaee386337e7c62e8a35', 'signature': '66a005a8ffc7c3577e1b88490d9e8381'}
2025-05-03 12:18:45,055 - DEBUG - Starting new HTTPS connection (1): api.travelpayouts.com:443
2025-05-03 12:18:46,165 - DEBUG - https://api.travelpayouts.com:443 "GET /aviasales/v3/prices_for_dates?origin=MOW&destination=GUW&departure_at=2025-05-03&currency=RUB&market=ru&limit=100&direct=false&token=ba463465c90bfaee386337e7c62e8a35&signature=66a005a8ffc7c3577e1b88490d9e8381 HTTP/1.1" 200 385
2025-05-03 12:18:46,165 - DEBUG - API response for market ru: {'data': [{'flight_number': '1956', 'link': '/search/MOW0305GUW1?t=SU17463156001746441600001980SVONQZGUW_af8daacdded53a646dfee5c4e728d673_23816&search_date=03052025&expected_price_uuid=ca92ebde-4c97-459f-ae5d-0464bd084d00&expected_price_source=share&expected_price_currency=rub&expected_price=23816', 'origin_airport': 'SVO', 'destination_airport': 'GUW', 'departure_at': '2025-05-03T23:40:00+03:00', 'airline': 'SU', 'destination': 'GUW', 'origin': 'MOW', 'price': 23816, 'return_transfers': 0, 'duration': 1980, 'duration_to': 345, 'duration_back': 0, 'transfers': 1}], 'currency': 'RUB', 'success': True}
2025-05-03 12:18:46,165 - DEBUG - Signature string: ba463465c90bfaee386337e7c62e8a35:currency=RUB:departure_at=2025-05-03:destination=GUW:direct=false:limit=100:market=kz:origin=MOW
2025-05-03 12:18:46,165 - DEBUG - Sending API request to https://api.travelpayouts.com/aviasales/v3/prices_for_dates with params: {'origin': 'MOW', 'destination': 'GUW', 'departure_at': '2025-05-03', 'currency': 'RUB', 'market': 'kz', 'limit': 100, 'direct': 'false', 'token': 'ba463465c90bfaee386337e7c62e8a35', 'signature': '8e790165d40e839873118f523a260e39'}
2025-05-03 12:18:46,165 - DEBUG - Starting new HTTPS connection (1): api.travelpayouts.com:443
2025-05-03 12:18:46,859 - DEBUG - https://api.travelpayouts.com:443 "GET /aviasales/v3/prices_for_dates?origin=MOW&destination=GUW&departure_at=2025-05-03&currency=RUB&market=kz&limit=100&direct=false&token=ba463465c90bfaee386337e7c62e8a35&signature=8e790165d40e839873118f523a260e39 HTTP/1.1" 200 43
2025-05-03 12:18:46,859 - DEBUG - API response for market kz: {'data': [], 'currency': 'RUB', 'success': True}
2025-05-03 12:18:46,859 - DEBUG - Signature string: ba463465c90bfaee386337e7c62e8a35:currency=RUB:departure_at=2025-05-03:destination=GUW:direct=false:limit=100:market=us:origin=MOW
2025-05-03 12:18:46,859 - DEBUG - Sending API request to https://api.travelpayouts.com/aviasales/v3/prices_for_dates with params: {'origin': 'MOW', 'destination': 'GUW', 'departure_at': '2025-05-03', 'currency': 'RUB', 'market': 'us', 'limit': 100, 'direct': 'false', 'token': 'ba463465c90bfaee386337e7c62e8a35', 'signature': '868bacb3da74b5d5db937bb5752a563c'}
2025-05-03 12:18:46,859 - DEBUG - Starting new HTTPS connection (1): api.travelpayouts.com:443
2025-05-03 12:18:47,512 - DEBUG - https://api.travelpayouts.com:443 "GET /aviasales/v3/prices_for_dates?origin=MOW&destination=GUW&departure_at=2025-05-03&currency=RUB&market=us&limit=100&direct=false&token=ba463465c90bfaee386337e7c62e8a35&signature=868bacb3da74b5d5db937bb5752a563c HTTP/1.1" 200 385
2025-05-03 12:18:47,512 - DEBUG - API response for market us: {'data': [{'flight_number': '1956', 'link': '/search/MOW0305GUW1?t=SU17463156001746441600001980SVONQZGUW_af8daacdded53a646dfee5c4e728d673_23816&search_date=03052025&expected_price_uuid=ca92ebde-4c97-459f-ae5d-0464bd084d00&expected_price_source=share&expected_price_currency=rub&expected_price=23816', 'origin_airport': 'SVO', 'destination_airport': 'GUW', 'departure_at': '2025-05-03T23:40:00+03:00', 'airline': 'SU', 'destination': 'GUW', 'origin': 'MOW', 'price': 23816, 'return_transfers': 0, 'duration': 1980, 'duration_to': 345, 'duration_back': 0, 'transfers': 1}], 'currency': 'RUB', 'success': True}
2025-05-03 12:18:47,512 - DEBUG - Processed 1 flights from API
2025-05-03 12:18:47,512 - DEBUG - Returning response: {'success': True, 'flights': [{'id': 1, 'airline': 'Aeroflot', 'departure': 'Москва', 'destination': 'Атырау', 'actual_destination': 'GUW', 'departure_time': '23:40', 'arrival_time': '00:00', 'class': 'economy', 'price': 23816.0, 'discount': 0, 'available_seats': 1, 'duration': '5ч 45м в пути', 'transfers': '1 пересадок', 'transfer_details': '1 пересадка(и), подробности уточняются', 'currency': 'RUB'}]}
2025-05-03 12:18:47,512 - DEBUG - Main execution completed
2025-05-03 12:19:06,390 - DEBUG - Starting main execution
2025-05-03 12:19:06,390 - DEBUG - Attempting to get user from session
2025-05-03 12:19:06,390 - DEBUG - User ID: None
2025-05-03 12:19:06,390 - DEBUG - Received form data: {'departure': 'Москва', 'destination': 'Ташкент', 'departure_date': '2025-05-03', 'return_date': '', 'passengers': '1', 'class': 'economy', 'user_id': '1'}
2025-05-03 12:19:06,390 - DEBUG - Request data validated: {'departure': 'Москва', 'destination': 'Ташкент', 'departure_date': '2025-05-03', 'return_date': '', 'passengers': '1', 'class': 'economy'}
2025-05-03 12:19:06,390 - DEBUG - Attempting to log search request: {'departure': 'Москва', 'destination': 'Ташкент', 'departure_date': '2025-05-03', 'return_date': '', 'passengers': '1', 'class': 'economy'}
2025-05-03 12:19:06,390 - DEBUG - Attempting to connect to database: C:\Apache24\htdocs\logs\flight_search.db
2025-05-03 12:19:06,397 - DEBUG - Connected to database, setting WAL mode
2025-05-03 12:19:06,397 - DEBUG - Journal mode set to: wal
2025-05-03 12:19:06,397 - WARNING - Attempt 1/3 failed to log search request due to: table search_requests has no column named class
2025-05-03 12:19:07,399 - DEBUG - Attempting to connect to database: C:\Apache24\htdocs\logs\flight_search.db
2025-05-03 12:19:07,399 - DEBUG - Connected to database, setting WAL mode
2025-05-03 12:19:07,399 - DEBUG - Journal mode set to: wal
2025-05-03 12:19:07,399 - WARNING - Attempt 2/3 failed to log search request due to: table search_requests has no column named class
2025-05-03 12:19:09,402 - DEBUG - Attempting to connect to database: C:\Apache24\htdocs\logs\flight_search.db
2025-05-03 12:19:09,402 - DEBUG - Connected to database, setting WAL mode
2025-05-03 12:19:09,403 - DEBUG - Journal mode set to: wal
2025-05-03 12:19:09,403 - WARNING - Attempt 3/3 failed to log search request due to: table search_requests has no column named class
2025-05-03 12:19:13,405 - ERROR - Max retries reached for logging search request. Skipping. Data: {'departure': 'Москва', 'destination': 'Ташкент', 'departure_date': '2025-05-03', 'return_date': '', 'passengers': '1', 'class': 'economy'}
2025-05-03 12:19:13,405 - DEBUG - Attempting to log audit: search_flight, {'departure': 'Москва', 'destination': 'Ташкент', 'departure_date': '2025-05-03', 'return_date': '', 'passengers': '1', 'class': 'economy'}
2025-05-03 12:19:13,405 - DEBUG - Attempting to connect to database: C:\Apache24\htdocs\logs\flight_search.db
2025-05-03 12:19:13,405 - DEBUG - Connected to database, setting WAL mode
2025-05-03 12:19:13,405 - DEBUG - Journal mode set to: wal
2025-05-03 12:19:13,405 - WARNING - Attempt 1/3 failed to log audit due to: no such table: audit_logs
2025-05-03 12:19:14,407 - DEBUG - Attempting to connect to database: C:\Apache24\htdocs\logs\flight_search.db
2025-05-03 12:19:14,407 - DEBUG - Connected to database, setting WAL mode
2025-05-03 12:19:14,407 - DEBUG - Journal mode set to: wal
2025-05-03 12:19:14,407 - WARNING - Attempt 2/3 failed to log audit due to: no such table: audit_logs
2025-05-03 12:19:16,409 - DEBUG - Attempting to connect to database: C:\Apache24\htdocs\logs\flight_search.db
2025-05-03 12:19:16,409 - DEBUG - Connected to database, setting WAL mode
2025-05-03 12:19:16,409 - DEBUG - Journal mode set to: wal
2025-05-03 12:19:16,409 - WARNING - Attempt 3/3 failed to log audit due to: no such table: audit_logs
2025-05-03 12:19:20,411 - ERROR - Max retries reached for logging audit. Skipping. Details: {'departure': 'Москва', 'destination': 'Ташкент', 'departure_date': '2025-05-03', 'return_date': '', 'passengers': '1', 'class': 'economy'}
2025-05-03 12:19:20,411 - DEBUG - Searching flights via API: departure=Москва, destination=Ташкент, date=2025-05-03, class=economy, passengers=1
2025-05-03 12:19:20,411 - ERROR - Could not map cities to IATA codes: Москва -> MOW, Ташкент -> 
2025-05-03 12:19:20,411 - DEBUG - Returning response: {'success': True, 'flights': [], 'message': 'Рейсы не найдены. Попробуйте изменить дату (доступны данные за последние 48 часов) или маршрут.'}
2025-05-03 12:19:20,411 - DEBUG - Main execution completed
2025-05-03 12:24:38,137 - DEBUG - Starting main execution
2025-05-03 12:24:38,137 - DEBUG - Attempting to get user from session
2025-05-03 12:24:38,144 - DEBUG - User ID: None
2025-05-03 12:24:38,144 - DEBUG - Received form data: {'departure': 'Ташкент', 'destination': 'Шымкент', 'departure_date': '2025-05-03', 'return_date': '', 'passengers': '1', 'class': 'economy', 'user_id': '1'}
2025-05-03 12:24:38,145 - DEBUG - Request data validated: {'departure': 'Ташкент', 'destination': 'Шымкент', 'departure_date': '2025-05-03', 'return_date': '', 'passengers': '1', 'class': 'economy'}
2025-05-03 12:24:38,145 - DEBUG - Attempting to log search request: {'departure': 'Ташкент', 'destination': 'Шымкент', 'departure_date': '2025-05-03', 'return_date': '', 'passengers': '1', 'class': 'economy'}
2025-05-03 12:24:38,145 - DEBUG - Attempting to connect to database: C:\Apache24\htdocs\logs\flight_search.db
2025-05-03 12:24:38,145 - DEBUG - Connected to database, setting WAL mode
2025-05-03 12:24:38,145 - DEBUG - Journal mode set to: wal
2025-05-03 12:24:38,145 - WARNING - Attempt 1/3 failed to log search request due to: table search_requests has no column named class
2025-05-03 12:24:39,148 - DEBUG - Attempting to connect to database: C:\Apache24\htdocs\logs\flight_search.db
2025-05-03 12:24:39,148 - DEBUG - Connected to database, setting WAL mode
2025-05-03 12:24:39,148 - DEBUG - Journal mode set to: wal
2025-05-03 12:24:39,148 - WARNING - Attempt 2/3 failed to log search request due to: table search_requests has no column named class
2025-05-03 12:24:41,151 - DEBUG - Attempting to connect to database: C:\Apache24\htdocs\logs\flight_search.db
2025-05-03 12:24:41,151 - DEBUG - Connected to database, setting WAL mode
2025-05-03 12:24:41,151 - DEBUG - Journal mode set to: wal
2025-05-03 12:24:41,151 - WARNING - Attempt 3/3 failed to log search request due to: table search_requests has no column named class
2025-05-03 12:24:45,153 - ERROR - Max retries reached for logging search request. Skipping. Data: {'departure': 'Ташкент', 'destination': 'Шымкент', 'departure_date': '2025-05-03', 'return_date': '', 'passengers': '1', 'class': 'economy'}
2025-05-03 12:24:45,153 - DEBUG - Attempting to log audit: search_flight, {'departure': 'Ташкент', 'destination': 'Шымкент', 'departure_date': '2025-05-03', 'return_date': '', 'passengers': '1', 'class': 'economy'}
2025-05-03 12:24:45,153 - DEBUG - Attempting to connect to database: C:\Apache24\htdocs\logs\flight_search.db
2025-05-03 12:24:45,153 - DEBUG - Connected to database, setting WAL mode
2025-05-03 12:24:45,153 - DEBUG - Journal mode set to: wal
2025-05-03 12:24:45,153 - WARNING - Attempt 1/3 failed to log audit due to: no such table: audit_logs
2025-05-03 12:24:46,156 - DEBUG - Attempting to connect to database: C:\Apache24\htdocs\logs\flight_search.db
2025-05-03 12:24:46,156 - DEBUG - Connected to database, setting WAL mode
2025-05-03 12:24:46,156 - DEBUG - Journal mode set to: wal
2025-05-03 12:24:46,156 - WARNING - Attempt 2/3 failed to log audit due to: no such table: audit_logs
2025-05-03 12:24:48,159 - DEBUG - Attempting to connect to database: C:\Apache24\htdocs\logs\flight_search.db
2025-05-03 12:24:48,159 - DEBUG - Connected to database, setting WAL mode
2025-05-03 12:24:48,159 - DEBUG - Journal mode set to: wal
2025-05-03 12:24:48,159 - WARNING - Attempt 3/3 failed to log audit due to: no such table: audit_logs
2025-05-03 12:24:52,161 - ERROR - Max retries reached for logging audit. Skipping. Details: {'departure': 'Ташкент', 'destination': 'Шымкент', 'departure_date': '2025-05-03', 'return_date': '', 'passengers': '1', 'class': 'economy'}
2025-05-03 12:24:52,162 - DEBUG - Searching flights via API: departure=Ташкент, destination=Шымкент, date=2025-05-03, class=economy, passengers=1
2025-05-03 12:24:52,162 - ERROR - Could not map cities to IATA codes: Ташкент -> , Шымкент -> 
2025-05-03 12:24:52,162 - DEBUG - Returning response: {'success': True, 'flights': [], 'message': 'Рейсы не найдены. Попробуйте изменить дату (доступны данные за последние 48 часов) или маршрут.'}
2025-05-03 12:24:52,162 - DEBUG - Main execution completed
2025-05-03 12:25:02,772 - DEBUG - Starting main execution
2025-05-03 12:25:02,772 - DEBUG - Attempting to get user from session
2025-05-03 12:25:02,778 - DEBUG - User ID: None
2025-05-03 12:25:02,778 - DEBUG - Received form data: {'departure': 'Ташкент', 'destination': 'Шымкент', 'departure_date': '2025-05-04', 'return_date': '', 'passengers': '1', 'class': 'economy', 'user_id': '1'}
2025-05-03 12:25:02,779 - DEBUG - Request data validated: {'departure': 'Ташкент', 'destination': 'Шымкент', 'departure_date': '2025-05-04', 'return_date': '', 'passengers': '1', 'class': 'economy'}
2025-05-03 12:25:02,779 - DEBUG - Attempting to log search request: {'departure': 'Ташкент', 'destination': 'Шымкент', 'departure_date': '2025-05-04', 'return_date': '', 'passengers': '1', 'class': 'economy'}
2025-05-03 12:25:02,779 - DEBUG - Attempting to connect to database: C:\Apache24\htdocs\logs\flight_search.db
2025-05-03 12:25:02,779 - DEBUG - Connected to database, setting WAL mode
2025-05-03 12:25:02,779 - DEBUG - Journal mode set to: wal
2025-05-03 12:25:02,779 - WARNING - Attempt 1/3 failed to log search request due to: table search_requests has no column named class
2025-05-03 12:25:03,783 - DEBUG - Attempting to connect to database: C:\Apache24\htdocs\logs\flight_search.db
2025-05-03 12:25:03,783 - DEBUG - Connected to database, setting WAL mode
2025-05-03 12:25:03,783 - DEBUG - Journal mode set to: wal
2025-05-03 12:25:03,783 - WARNING - Attempt 2/3 failed to log search request due to: table search_requests has no column named class
2025-05-03 12:25:05,785 - DEBUG - Attempting to connect to database: C:\Apache24\htdocs\logs\flight_search.db
2025-05-03 12:25:05,786 - DEBUG - Connected to database, setting WAL mode
2025-05-03 12:25:05,787 - DEBUG - Journal mode set to: wal
2025-05-03 12:25:05,787 - WARNING - Attempt 3/3 failed to log search request due to: table search_requests has no column named class
2025-05-03 12:25:09,788 - ERROR - Max retries reached for logging search request. Skipping. Data: {'departure': 'Ташкент', 'destination': 'Шымкент', 'departure_date': '2025-05-04', 'return_date': '', 'passengers': '1', 'class': 'economy'}
2025-05-03 12:25:09,788 - DEBUG - Attempting to log audit: search_flight, {'departure': 'Ташкент', 'destination': 'Шымкент', 'departure_date': '2025-05-04', 'return_date': '', 'passengers': '1', 'class': 'economy'}
2025-05-03 12:25:09,788 - DEBUG - Attempting to connect to database: C:\Apache24\htdocs\logs\flight_search.db
2025-05-03 12:25:09,788 - DEBUG - Connected to database, setting WAL mode
2025-05-03 12:25:09,788 - DEBUG - Journal mode set to: wal
2025-05-03 12:25:09,788 - WARNING - Attempt 1/3 failed to log audit due to: no such table: audit_logs
2025-05-03 12:25:10,790 - DEBUG - Attempting to connect to database: C:\Apache24\htdocs\logs\flight_search.db
2025-05-03 12:25:10,790 - DEBUG - Connected to database, setting WAL mode
2025-05-03 12:25:10,791 - DEBUG - Journal mode set to: wal
2025-05-03 12:25:10,791 - WARNING - Attempt 2/3 failed to log audit due to: no such table: audit_logs
2025-05-03 12:25:12,792 - DEBUG - Attempting to connect to database: C:\Apache24\htdocs\logs\flight_search.db
2025-05-03 12:25:12,792 - DEBUG - Connected to database, setting WAL mode
2025-05-03 12:25:12,792 - DEBUG - Journal mode set to: wal
2025-05-03 12:25:12,792 - WARNING - Attempt 3/3 failed to log audit due to: no such table: audit_logs
2025-05-03 12:25:16,794 - ERROR - Max retries reached for logging audit. Skipping. Details: {'departure': 'Ташкент', 'destination': 'Шымкент', 'departure_date': '2025-05-04', 'return_date': '', 'passengers': '1', 'class': 'economy'}
2025-05-03 12:25:16,794 - DEBUG - Searching flights via API: departure=Ташкент, destination=Шымкент, date=2025-05-04, class=economy, passengers=1
2025-05-03 12:25:16,794 - ERROR - Could not map cities to IATA codes: Ташкент -> , Шымкент -> 
2025-05-03 12:25:16,794 - DEBUG - Returning response: {'success': True, 'flights': [], 'message': 'Рейсы не найдены. Попробуйте изменить дату (доступны данные за последние 48 часов) или маршрут.'}
2025-05-03 12:25:16,794 - DEBUG - Main execution completed
2025-05-03 12:25:27,898 - DEBUG - Starting main execution
2025-05-03 12:25:27,898 - DEBUG - Attempting to get user from session
2025-05-03 12:25:27,898 - DEBUG - User ID: None
2025-05-03 12:25:27,898 - DEBUG - Received form data: {'departure': 'Нью-Йорк', 'destination': 'Шымкент', 'departure_date': '2025-05-04', 'return_date': '', 'passengers': '1', 'class': 'economy', 'user_id': '1'}
2025-05-03 12:25:27,899 - DEBUG - Request data validated: {'departure': 'Нью-Йорк', 'destination': 'Шымкент', 'departure_date': '2025-05-04', 'return_date': '', 'passengers': '1', 'class': 'economy'}
2025-05-03 12:25:27,899 - DEBUG - Attempting to log search request: {'departure': 'Нью-Йорк', 'destination': 'Шымкент', 'departure_date': '2025-05-04', 'return_date': '', 'passengers': '1', 'class': 'economy'}
2025-05-03 12:25:27,899 - DEBUG - Attempting to connect to database: C:\Apache24\htdocs\logs\flight_search.db
2025-05-03 12:25:27,899 - DEBUG - Connected to database, setting WAL mode
2025-05-03 12:25:27,899 - DEBUG - Journal mode set to: wal
2025-05-03 12:25:27,899 - WARNING - Attempt 1/3 failed to log search request due to: table search_requests has no column named class
2025-05-03 12:25:28,903 - DEBUG - Attempting to connect to database: C:\Apache24\htdocs\logs\flight_search.db
2025-05-03 12:25:28,903 - DEBUG - Connected to database, setting WAL mode
2025-05-03 12:25:28,905 - DEBUG - Journal mode set to: wal
2025-05-03 12:25:28,905 - WARNING - Attempt 2/3 failed to log search request due to: table search_requests has no column named class
2025-05-03 12:25:30,906 - DEBUG - Attempting to connect to database: C:\Apache24\htdocs\logs\flight_search.db
2025-05-03 12:25:30,906 - DEBUG - Connected to database, setting WAL mode
2025-05-03 12:25:30,906 - DEBUG - Journal mode set to: wal
2025-05-03 12:25:30,906 - WARNING - Attempt 3/3 failed to log search request due to: table search_requests has no column named class
2025-05-03 12:25:34,908 - ERROR - Max retries reached for logging search request. Skipping. Data: {'departure': 'Нью-Йорк', 'destination': 'Шымкент', 'departure_date': '2025-05-04', 'return_date': '', 'passengers': '1', 'class': 'economy'}
2025-05-03 12:25:34,908 - DEBUG - Attempting to log audit: search_flight, {'departure': 'Нью-Йорк', 'destination': 'Шымкент', 'departure_date': '2025-05-04', 'return_date': '', 'passengers': '1', 'class': 'economy'}
2025-05-03 12:25:34,908 - DEBUG - Attempting to connect to database: C:\Apache24\htdocs\logs\flight_search.db
2025-05-03 12:25:34,908 - DEBUG - Connected to database, setting WAL mode
2025-05-03 12:25:34,908 - DEBUG - Journal mode set to: wal
2025-05-03 12:25:34,908 - WARNING - Attempt 1/3 failed to log audit due to: no such table: audit_logs
2025-05-03 12:25:35,911 - DEBUG - Attempting to connect to database: C:\Apache24\htdocs\logs\flight_search.db
2025-05-03 12:25:35,911 - DEBUG - Connected to database, setting WAL mode
2025-05-03 12:25:35,911 - DEBUG - Journal mode set to: wal
2025-05-03 12:25:35,911 - WARNING - Attempt 2/3 failed to log audit due to: no such table: audit_logs
2025-05-03 12:25:37,913 - DEBUG - Attempting to connect to database: C:\Apache24\htdocs\logs\flight_search.db
2025-05-03 12:25:37,913 - DEBUG - Connected to database, setting WAL mode
2025-05-03 12:25:37,913 - DEBUG - Journal mode set to: wal
2025-05-03 12:25:37,913 - WARNING - Attempt 3/3 failed to log audit due to: no such table: audit_logs
2025-05-03 12:25:41,915 - ERROR - Max retries reached for logging audit. Skipping. Details: {'departure': 'Нью-Йорк', 'destination': 'Шымкент', 'departure_date': '2025-05-04', 'return_date': '', 'passengers': '1', 'class': 'economy'}
2025-05-03 12:25:41,916 - DEBUG - Searching flights via API: departure=Нью-Йорк, destination=Шымкент, date=2025-05-04, class=economy, passengers=1
2025-05-03 12:25:41,916 - ERROR - Could not map cities to IATA codes: Нью-Йорк -> , Шымкент -> 
2025-05-03 12:25:41,916 - DEBUG - Returning response: {'success': True, 'flights': [], 'message': 'Рейсы не найдены. Попробуйте изменить дату (доступны данные за последние 48 часов) или маршрут.'}
2025-05-03 12:25:41,916 - DEBUG - Main execution completed
2025-05-03 12:26:02,336 - DEBUG - Starting main execution
2025-05-03 12:26:02,336 - DEBUG - Attempting to get user from session
2025-05-03 12:26:02,336 - DEBUG - User ID: None
2025-05-03 12:26:02,336 - DEBUG - Received form data: {'departure': 'Нью-Йорк', 'destination': 'Алматы', 'departure_date': '2025-05-04', 'return_date': '', 'passengers': '1', 'class': 'economy', 'user_id': '1'}
2025-05-03 12:26:02,336 - DEBUG - Request data validated: {'departure': 'Нью-Йорк', 'destination': 'Алматы', 'departure_date': '2025-05-04', 'return_date': '', 'passengers': '1', 'class': 'economy'}
2025-05-03 12:26:02,336 - DEBUG - Attempting to log search request: {'departure': 'Нью-Йорк', 'destination': 'Алматы', 'departure_date': '2025-05-04', 'return_date': '', 'passengers': '1', 'class': 'economy'}
2025-05-03 12:26:02,336 - DEBUG - Attempting to connect to database: C:\Apache24\htdocs\logs\flight_search.db
2025-05-03 12:26:02,336 - DEBUG - Connected to database, setting WAL mode
2025-05-03 12:26:02,336 - DEBUG - Journal mode set to: wal
2025-05-03 12:26:02,342 - WARNING - Attempt 1/3 failed to log search request due to: table search_requests has no column named class
2025-05-03 12:26:03,343 - DEBUG - Attempting to connect to database: C:\Apache24\htdocs\logs\flight_search.db
2025-05-03 12:26:03,343 - DEBUG - Connected to database, setting WAL mode
2025-05-03 12:26:03,343 - DEBUG - Journal mode set to: wal
2025-05-03 12:26:03,343 - WARNING - Attempt 2/3 failed to log search request due to: table search_requests has no column named class
2025-05-03 12:26:05,346 - DEBUG - Attempting to connect to database: C:\Apache24\htdocs\logs\flight_search.db
2025-05-03 12:26:05,346 - DEBUG - Connected to database, setting WAL mode
2025-05-03 12:26:05,346 - DEBUG - Journal mode set to: wal
2025-05-03 12:26:05,346 - WARNING - Attempt 3/3 failed to log search request due to: table search_requests has no column named class
2025-05-03 12:26:09,348 - ERROR - Max retries reached for logging search request. Skipping. Data: {'departure': 'Нью-Йорк', 'destination': 'Алматы', 'departure_date': '2025-05-04', 'return_date': '', 'passengers': '1', 'class': 'economy'}
2025-05-03 12:26:09,349 - DEBUG - Attempting to log audit: search_flight, {'departure': 'Нью-Йорк', 'destination': 'Алматы', 'departure_date': '2025-05-04', 'return_date': '', 'passengers': '1', 'class': 'economy'}
2025-05-03 12:26:09,349 - DEBUG - Attempting to connect to database: C:\Apache24\htdocs\logs\flight_search.db
2025-05-03 12:26:09,349 - DEBUG - Connected to database, setting WAL mode
2025-05-03 12:26:09,349 - DEBUG - Journal mode set to: wal
2025-05-03 12:26:09,349 - WARNING - Attempt 1/3 failed to log audit due to: no such table: audit_logs
2025-05-03 12:26:10,352 - DEBUG - Attempting to connect to database: C:\Apache24\htdocs\logs\flight_search.db
2025-05-03 12:26:10,352 - DEBUG - Connected to database, setting WAL mode
2025-05-03 12:26:10,352 - DEBUG - Journal mode set to: wal
2025-05-03 12:26:10,352 - WARNING - Attempt 2/3 failed to log audit due to: no such table: audit_logs
2025-05-03 12:26:12,354 - DEBUG - Attempting to connect to database: C:\Apache24\htdocs\logs\flight_search.db
2025-05-03 12:26:12,354 - DEBUG - Connected to database, setting WAL mode
2025-05-03 12:26:12,356 - DEBUG - Journal mode set to: wal
2025-05-03 12:26:12,356 - WARNING - Attempt 3/3 failed to log audit due to: no such table: audit_logs
2025-05-03 12:26:16,356 - ERROR - Max retries reached for logging audit. Skipping. Details: {'departure': 'Нью-Йорк', 'destination': 'Алматы', 'departure_date': '2025-05-04', 'return_date': '', 'passengers': '1', 'class': 'economy'}
2025-05-03 12:26:16,357 - DEBUG - Searching flights via API: departure=Нью-Йорк, destination=Алматы, date=2025-05-04, class=economy, passengers=1
2025-05-03 12:26:16,357 - ERROR - Could not map cities to IATA codes: Нью-Йорк -> , Алматы -> ALA
2025-05-03 12:26:16,357 - DEBUG - Returning response: {'success': True, 'flights': [], 'message': 'Рейсы не найдены. Попробуйте изменить дату (доступны данные за последние 48 часов) или маршрут.'}
2025-05-03 12:26:16,357 - DEBUG - Main execution completed
2025-05-03 12:26:27,727 - DEBUG - Starting main execution
2025-05-03 12:26:27,727 - DEBUG - Attempting to get user from session
2025-05-03 12:26:27,727 - DEBUG - User ID: None
2025-05-03 12:26:27,727 - DEBUG - Received form data: {'departure': 'Нью-Йорк', 'destination': 'Алматы', 'departure_date': '2025-05-04', 'return_date': '', 'passengers': '1', 'class': 'economy', 'user_id': '1'}
2025-05-03 12:26:27,727 - DEBUG - Request data validated: {'departure': 'Нью-Йорк', 'destination': 'Алматы', 'departure_date': '2025-05-04', 'return_date': '', 'passengers': '1', 'class': 'economy'}
2025-05-03 12:26:27,727 - DEBUG - Attempting to log search request: {'departure': 'Нью-Йорк', 'destination': 'Алматы', 'departure_date': '2025-05-04', 'return_date': '', 'passengers': '1', 'class': 'economy'}
2025-05-03 12:26:27,727 - DEBUG - Attempting to connect to database: C:\Apache24\htdocs\logs\flight_search.db
2025-05-03 12:26:27,733 - DEBUG - Connected to database, setting WAL mode
2025-05-03 12:26:27,734 - DEBUG - Journal mode set to: wal
2025-05-03 12:26:27,734 - WARNING - Attempt 1/3 failed to log search request due to: table search_requests has no column named class
2025-05-03 12:26:28,735 - DEBUG - Attempting to connect to database: C:\Apache24\htdocs\logs\flight_search.db
2025-05-03 12:26:28,735 - DEBUG - Connected to database, setting WAL mode
2025-05-03 12:26:28,735 - DEBUG - Journal mode set to: wal
2025-05-03 12:26:28,735 - WARNING - Attempt 2/3 failed to log search request due to: table search_requests has no column named class
2025-05-03 12:26:30,737 - DEBUG - Attempting to connect to database: C:\Apache24\htdocs\logs\flight_search.db
2025-05-03 12:26:30,737 - DEBUG - Connected to database, setting WAL mode
2025-05-03 12:26:30,737 - DEBUG - Journal mode set to: wal
2025-05-03 12:26:30,737 - WARNING - Attempt 3/3 failed to log search request due to: table search_requests has no column named class
2025-05-03 12:26:34,740 - ERROR - Max retries reached for logging search request. Skipping. Data: {'departure': 'Нью-Йорк', 'destination': 'Алматы', 'departure_date': '2025-05-04', 'return_date': '', 'passengers': '1', 'class': 'economy'}
2025-05-03 12:26:34,740 - DEBUG - Attempting to log audit: search_flight, {'departure': 'Нью-Йорк', 'destination': 'Алматы', 'departure_date': '2025-05-04', 'return_date': '', 'passengers': '1', 'class': 'economy'}
2025-05-03 12:26:34,740 - DEBUG - Attempting to connect to database: C:\Apache24\htdocs\logs\flight_search.db
2025-05-03 12:26:34,740 - DEBUG - Connected to database, setting WAL mode
2025-05-03 12:26:34,741 - DEBUG - Journal mode set to: wal
2025-05-03 12:26:34,741 - WARNING - Attempt 1/3 failed to log audit due to: no such table: audit_logs
2025-05-03 12:26:35,741 - DEBUG - Attempting to connect to database: C:\Apache24\htdocs\logs\flight_search.db
2025-05-03 12:26:35,741 - DEBUG - Connected to database, setting WAL mode
2025-05-03 12:26:35,742 - DEBUG - Journal mode set to: wal
2025-05-03 12:26:35,742 - WARNING - Attempt 2/3 failed to log audit due to: no such table: audit_logs
2025-05-03 12:26:37,744 - DEBUG - Attempting to connect to database: C:\Apache24\htdocs\logs\flight_search.db
2025-05-03 12:26:37,744 - DEBUG - Connected to database, setting WAL mode
2025-05-03 12:26:37,745 - DEBUG - Journal mode set to: wal
2025-05-03 12:26:37,745 - WARNING - Attempt 3/3 failed to log audit due to: no such table: audit_logs
2025-05-03 12:26:41,748 - ERROR - Max retries reached for logging audit. Skipping. Details: {'departure': 'Нью-Йорк', 'destination': 'Алматы', 'departure_date': '2025-05-04', 'return_date': '', 'passengers': '1', 'class': 'economy'}
2025-05-03 12:26:41,816 - DEBUG - Searching flights via API: departure=Нью-Йорк, destination=Алматы, date=2025-05-04, class=economy, passengers=1
2025-05-03 12:26:41,817 - ERROR - Could not map cities to IATA codes: Нью-Йорк -> , Алматы -> ALA
2025-05-03 12:26:41,817 - DEBUG - Returning response: {'success': True, 'flights': [], 'message': 'Рейсы не найдены. Попробуйте изменить дату (доступны данные за последние 48 часов) или маршрут.'}
2025-05-03 12:26:41,817 - DEBUG - Main execution completed
2025-05-03 12:27:04,956 - DEBUG - Starting main execution
2025-05-03 12:27:04,956 - DEBUG - Attempting to get user from session
2025-05-03 12:27:04,956 - DEBUG - User ID: None
2025-05-03 12:27:04,956 - DEBUG - Received form data: {'departure': 'Нью-Йорк', 'destination': 'Алматы', 'departure_date': '2025-05-04', 'return_date': '', 'passengers': '1', 'class': 'economy', 'user_id': '1'}
2025-05-03 12:27:04,956 - DEBUG - Request data validated: {'departure': 'Нью-Йорк', 'destination': 'Алматы', 'departure_date': '2025-05-04', 'return_date': '', 'passengers': '1', 'class': 'economy'}
2025-05-03 12:27:04,962 - DEBUG - Attempting to log search request: {'departure': 'Нью-Йорк', 'destination': 'Алматы', 'departure_date': '2025-05-04', 'return_date': '', 'passengers': '1', 'class': 'economy'}
2025-05-03 12:27:04,962 - DEBUG - Attempting to connect to database: C:\Apache24\htdocs\logs\flight_search.db
2025-05-03 12:27:04,963 - DEBUG - Connected to database, setting WAL mode
2025-05-03 12:27:04,963 - DEBUG - Journal mode set to: wal
2025-05-03 12:27:04,963 - WARNING - Attempt 1/3 failed to log search request due to: table search_requests has no column named class
2025-05-03 12:27:05,965 - DEBUG - Attempting to connect to database: C:\Apache24\htdocs\logs\flight_search.db
2025-05-03 12:27:05,965 - DEBUG - Connected to database, setting WAL mode
2025-05-03 12:27:05,965 - DEBUG - Journal mode set to: wal
2025-05-03 12:27:05,965 - WARNING - Attempt 2/3 failed to log search request due to: table search_requests has no column named class
2025-05-03 12:27:07,968 - DEBUG - Attempting to connect to database: C:\Apache24\htdocs\logs\flight_search.db
2025-05-03 12:27:07,968 - DEBUG - Connected to database, setting WAL mode
2025-05-03 12:27:07,968 - DEBUG - Journal mode set to: wal
2025-05-03 12:27:07,968 - WARNING - Attempt 3/3 failed to log search request due to: table search_requests has no column named class
2025-05-03 12:27:11,970 - ERROR - Max retries reached for logging search request. Skipping. Data: {'departure': 'Нью-Йорк', 'destination': 'Алматы', 'departure_date': '2025-05-04', 'return_date': '', 'passengers': '1', 'class': 'economy'}
2025-05-03 12:27:11,970 - DEBUG - Attempting to log audit: search_flight, {'departure': 'Нью-Йорк', 'destination': 'Алматы', 'departure_date': '2025-05-04', 'return_date': '', 'passengers': '1', 'class': 'economy'}
2025-05-03 12:27:11,970 - DEBUG - Attempting to connect to database: C:\Apache24\htdocs\logs\flight_search.db
2025-05-03 12:27:11,970 - DEBUG - Connected to database, setting WAL mode
2025-05-03 12:27:11,970 - DEBUG - Journal mode set to: wal
2025-05-03 12:27:11,970 - WARNING - Attempt 1/3 failed to log audit due to: no such table: audit_logs
2025-05-03 12:27:12,973 - DEBUG - Attempting to connect to database: C:\Apache24\htdocs\logs\flight_search.db
2025-05-03 12:27:12,973 - DEBUG - Connected to database, setting WAL mode
2025-05-03 12:27:12,974 - DEBUG - Journal mode set to: wal
2025-05-03 12:27:12,974 - WARNING - Attempt 2/3 failed to log audit due to: no such table: audit_logs
2025-05-03 12:27:14,975 - DEBUG - Attempting to connect to database: C:\Apache24\htdocs\logs\flight_search.db
2025-05-03 12:27:14,975 - DEBUG - Connected to database, setting WAL mode
2025-05-03 12:27:14,975 - DEBUG - Journal mode set to: wal
2025-05-03 12:27:14,975 - WARNING - Attempt 3/3 failed to log audit due to: no such table: audit_logs
2025-05-03 12:27:18,978 - ERROR - Max retries reached for logging audit. Skipping. Details: {'departure': 'Нью-Йорк', 'destination': 'Алматы', 'departure_date': '2025-05-04', 'return_date': '', 'passengers': '1', 'class': 'economy'}
2025-05-03 12:27:18,978 - DEBUG - Searching flights via API: departure=Нью-Йорк, destination=Алматы, date=2025-05-04, class=economy, passengers=1
2025-05-03 12:27:18,978 - ERROR - Could not map cities to IATA codes: Нью-Йорк -> , Алматы -> ALA
2025-05-03 12:27:18,978 - DEBUG - Returning response: {'success': True, 'flights': [], 'message': 'Рейсы не найдены. Попробуйте изменить дату (доступны данные за последние 48 часов) или маршрут.'}
2025-05-03 12:27:18,978 - DEBUG - Main execution completed
2025-05-03 12:27:53,399 - DEBUG - Starting main execution
2025-05-03 12:27:53,399 - DEBUG - Attempting to get user from session
2025-05-03 12:27:53,399 - DEBUG - User ID: None
2025-05-03 12:27:53,399 - DEBUG - Received form data: {'departure': 'NYC', 'destination': 'Алматы', 'departure_date': '2025-05-04', 'return_date': '', 'passengers': '1', 'class': 'economy', 'user_id': '1'}
2025-05-03 12:27:53,399 - DEBUG - Request data validated: {'departure': 'NYC', 'destination': 'Алматы', 'departure_date': '2025-05-04', 'return_date': '', 'passengers': '1', 'class': 'economy'}
2025-05-03 12:27:53,399 - DEBUG - Attempting to log search request: {'departure': 'NYC', 'destination': 'Алматы', 'departure_date': '2025-05-04', 'return_date': '', 'passengers': '1', 'class': 'economy'}
2025-05-03 12:27:53,399 - DEBUG - Attempting to connect to database: C:\Apache24\htdocs\logs\flight_search.db
2025-05-03 12:27:53,415 - DEBUG - Connected to database, setting WAL mode
2025-05-03 12:27:53,415 - DEBUG - Journal mode set to: wal
2025-05-03 12:27:53,415 - WARNING - Attempt 1/3 failed to log search request due to: table search_requests has no column named class
2025-05-03 12:27:54,423 - DEBUG - Attempting to connect to database: C:\Apache24\htdocs\logs\flight_search.db
2025-05-03 12:27:54,423 - DEBUG - Connected to database, setting WAL mode
2025-05-03 12:27:54,423 - DEBUG - Journal mode set to: wal
2025-05-03 12:27:54,423 - WARNING - Attempt 2/3 failed to log search request due to: table search_requests has no column named class
2025-05-03 12:27:56,425 - DEBUG - Attempting to connect to database: C:\Apache24\htdocs\logs\flight_search.db
2025-05-03 12:27:56,425 - DEBUG - Connected to database, setting WAL mode
2025-05-03 12:27:56,425 - DEBUG - Journal mode set to: wal
2025-05-03 12:27:56,425 - WARNING - Attempt 3/3 failed to log search request due to: table search_requests has no column named class
2025-05-03 12:28:00,426 - ERROR - Max retries reached for logging search request. Skipping. Data: {'departure': 'NYC', 'destination': 'Алматы', 'departure_date': '2025-05-04', 'return_date': '', 'passengers': '1', 'class': 'economy'}
2025-05-03 12:28:00,426 - DEBUG - Attempting to log audit: search_flight, {'departure': 'NYC', 'destination': 'Алматы', 'departure_date': '2025-05-04', 'return_date': '', 'passengers': '1', 'class': 'economy'}
2025-05-03 12:28:00,426 - DEBUG - Attempting to connect to database: C:\Apache24\htdocs\logs\flight_search.db
2025-05-03 12:28:00,426 - DEBUG - Connected to database, setting WAL mode
2025-05-03 12:28:00,427 - DEBUG - Journal mode set to: wal
2025-05-03 12:28:00,427 - WARNING - Attempt 1/3 failed to log audit due to: no such table: audit_logs
2025-05-03 12:28:01,428 - DEBUG - Attempting to connect to database: C:\Apache24\htdocs\logs\flight_search.db
2025-05-03 12:28:01,428 - DEBUG - Connected to database, setting WAL mode
2025-05-03 12:28:01,429 - DEBUG - Journal mode set to: wal
2025-05-03 12:28:01,429 - WARNING - Attempt 2/3 failed to log audit due to: no such table: audit_logs
2025-05-03 12:28:03,429 - DEBUG - Attempting to connect to database: C:\Apache24\htdocs\logs\flight_search.db
2025-05-03 12:28:03,429 - DEBUG - Connected to database, setting WAL mode
2025-05-03 12:28:03,430 - DEBUG - Journal mode set to: wal
2025-05-03 12:28:03,430 - WARNING - Attempt 3/3 failed to log audit due to: no such table: audit_logs
2025-05-03 12:28:07,430 - ERROR - Max retries reached for logging audit. Skipping. Details: {'departure': 'NYC', 'destination': 'Алматы', 'departure_date': '2025-05-04', 'return_date': '', 'passengers': '1', 'class': 'economy'}
2025-05-03 12:28:07,430 - DEBUG - Searching flights via API: departure=NYC, destination=Алматы, date=2025-05-04, class=economy, passengers=1
2025-05-03 12:28:07,430 - DEBUG - Signature string: ba463465c90bfaee386337e7c62e8a35:currency=RUB:departure_at=2025-05-04:destination=ALA:direct=false:limit=100:market=ru:origin=NYC
2025-05-03 12:28:07,430 - DEBUG - Sending API request to https://api.travelpayouts.com/aviasales/v3/prices_for_dates with params: {'origin': 'NYC', 'destination': 'ALA', 'departure_at': '2025-05-04', 'currency': 'RUB', 'market': 'ru', 'limit': 100, 'direct': 'false', 'token': 'ba463465c90bfaee386337e7c62e8a35', 'signature': 'f2df4c7b90cb7abc2fbde4013d918317'}
2025-05-03 12:28:07,430 - DEBUG - Starting new HTTPS connection (1): api.travelpayouts.com:443
2025-05-03 12:28:08,756 - DEBUG - https://api.travelpayouts.com:443 "GET /aviasales/v3/prices_for_dates?origin=NYC&destination=ALA&departure_at=2025-05-04&currency=RUB&market=ru&limit=100&direct=false&token=ba463465c90bfaee386337e7c62e8a35&signature=f2df4c7b90cb7abc2fbde4013d918317 HTTP/1.1" 200 397
2025-05-03 12:28:08,756 - DEBUG - API response for market ru: {'data': [{'flight_number': '102', 'link': '/search/NYC0405ALA1?t=H417463666001746597900003315JFKOTPSAWESBALA_8d035f3f4271758919f55d4a6581af04_47851&search_date=02052025&expected_price_uuid=6a127ea3-1b17-4a29-a8af-adf61d6c9d02&expected_price_source=share&expected_price_currency=rub&expected_price=48188', 'origin_airport': 'JFK', 'destination_airport': 'ALA', 'departure_at': '2025-05-04T13:50:00-04:00', 'airline': 'H4', 'destination': 'ALA', 'origin': 'NYC', 'price': 48188, 'return_transfers': 0, 'duration': 3315, 'duration_to': 970, 'duration_back': 0, 'transfers': 3}], 'currency': 'RUB', 'success': True}
2025-05-03 12:28:08,756 - DEBUG - Signature string: ba463465c90bfaee386337e7c62e8a35:currency=RUB:departure_at=2025-05-04:destination=ALA:direct=false:limit=100:market=kz:origin=NYC
2025-05-03 12:28:08,756 - DEBUG - Sending API request to https://api.travelpayouts.com/aviasales/v3/prices_for_dates with params: {'origin': 'NYC', 'destination': 'ALA', 'departure_at': '2025-05-04', 'currency': 'RUB', 'market': 'kz', 'limit': 100, 'direct': 'false', 'token': 'ba463465c90bfaee386337e7c62e8a35', 'signature': 'fe7fe67298a82d85e1dfe4f121cfe182'}
2025-05-03 12:28:08,762 - DEBUG - Starting new HTTPS connection (1): api.travelpayouts.com:443
2025-05-03 12:28:09,457 - DEBUG - https://api.travelpayouts.com:443 "GET /aviasales/v3/prices_for_dates?origin=NYC&destination=ALA&departure_at=2025-05-04&currency=RUB&market=kz&limit=100&direct=false&token=ba463465c90bfaee386337e7c62e8a35&signature=fe7fe67298a82d85e1dfe4f121cfe182 HTTP/1.1" 200 394
2025-05-03 12:28:09,457 - DEBUG - API response for market kz: {'data': [{'flight_number': '142', 'link': '/search/NYC0405ALA1?t=AA17463519001746504900002010JFKLHRSTNSAWALA_e99597042cf15a54a8efcba1cca5961b_43370&search_date=28042025&expected_price_uuid=58b9dd00-3fc7-4648-b0e2-532a7e02a401&expected_price_source=share&expected_price_currency=rub&expected_price=43501', 'origin_airport': 'JFK', 'destination_airport': 'ALA', 'departure_at': '2025-05-04T09:45:00-04:00', 'airline': 'AA', 'destination': 'ALA', 'origin': 'NYC', 'price': 43501, 'return_transfers': 0, 'duration': 2010, 'duration_to': 960, 'duration_back': 0, 'transfers': 2}], 'currency': 'RUB', 'success': True}
2025-05-03 12:28:09,457 - DEBUG - Signature string: ba463465c90bfaee386337e7c62e8a35:currency=RUB:departure_at=2025-05-04:destination=ALA:direct=false:limit=100:market=us:origin=NYC
2025-05-03 12:28:09,457 - DEBUG - Sending API request to https://api.travelpayouts.com/aviasales/v3/prices_for_dates with params: {'origin': 'NYC', 'destination': 'ALA', 'departure_at': '2025-05-04', 'currency': 'RUB', 'market': 'us', 'limit': 100, 'direct': 'false', 'token': 'ba463465c90bfaee386337e7c62e8a35', 'signature': '7f193966f3fdc152f85268b142b82390'}
2025-05-03 12:28:09,464 - DEBUG - Starting new HTTPS connection (1): api.travelpayouts.com:443
2025-05-03 12:28:10,151 - DEBUG - https://api.travelpayouts.com:443 "GET /aviasales/v3/prices_for_dates?origin=NYC&destination=ALA&departure_at=2025-05-04&currency=RUB&market=us&limit=100&direct=false&token=ba463465c90bfaee386337e7c62e8a35&signature=7f193966f3fdc152f85268b142b82390 HTTP/1.1" 200 390
2025-05-03 12:28:10,151 - DEBUG - API response for market us: {'data': [{'flight_number': '266', 'link': '/search/NYC0405ALA1?t=S417463921001746591300002780JFKPDLCRLSAWALA_4976826cdefb367aeac9ca7591a48f0f_41599&search_date=30042025&expected_price_uuid=c9c3eb58-fe66-44ab-8ef4-0131c1cd1601&expected_price_source=share&expected_price_currency=rub&expected_price=41596', 'origin_airport': 'JFK', 'destination_airport': 'ALA', 'departure_at': '2025-05-04T20:55:00-04:00', 'airline': 'S4', 'destination': 'ALA', 'origin': 'NYC', 'price': 41596, 'return_transfers': 0, 'duration': 2780, 'duration_to': 1110, 'duration_back': 0, 'transfers': 3}], 'currency': 'RUB', 'success': True}
2025-05-03 12:28:10,151 - DEBUG - Processed 3 flights from API
2025-05-03 12:28:10,151 - DEBUG - Returning response: {'success': True, 'flights': [{'id': 1, 'airline': 'H4', 'departure': 'NYC', 'destination': 'Алматы', 'actual_destination': 'ALA', 'departure_time': '13:50', 'arrival_time': '00:00', 'class': 'economy', 'price': 48188.0, 'discount': 0, 'available_seats': 1, 'duration': '16ч 10м в пути', 'transfers': '3 пересадок', 'transfer_details': '3 пересадка(и), подробности уточняются', 'currency': 'RUB'}, {'id': 2, 'airline': 'AA', 'departure': 'NYC', 'destination': 'Алматы', 'actual_destination': 'ALA', 'departure_time': '09:45', 'arrival_time': '00:00', 'class': 'economy', 'price': 43501.0, 'discount': 0, 'available_seats': 1, 'duration': '16ч 0м в пути', 'transfers': '2 пересадок', 'transfer_details': '2 пересадка(и), подробности уточняются', 'currency': 'RUB'}, {'id': 3, 'airline': 'S4', 'departure': 'NYC', 'destination': 'Алматы', 'actual_destination': 'ALA', 'departure_time': '20:55', 'arrival_time': '00:00', 'class': 'economy', 'price': 41596.0, 'discount': 0, 'available_seats': 1, 'duration': '18ч 30м в пути', 'transfers': '3 пересадок', 'transfer_details': '3 пересадка(и), подробности уточняются', 'currency': 'RUB'}]}
2025-05-03 12:28:10,151 - DEBUG - Main execution completed
2025-05-03 13:11:55,119 - DEBUG - Starting main execution
2025-05-03 13:11:55,119 - DEBUG - Attempting to get user from session
2025-05-03 13:11:55,119 - DEBUG - User ID: None
2025-05-03 13:11:55,119 - DEBUG - Received form data: {'departure': 'OVB', 'destination': 'Москва', 'departure_date': '2025-05-04', 'return_date': '', 'passengers': '1', 'class': 'economy', 'user_id': 'null'}
2025-05-03 13:11:55,119 - DEBUG - Request data validated: {'departure': 'OVB', 'destination': 'Москва', 'departure_date': '2025-05-04', 'return_date': '', 'passengers': '1', 'class': 'economy'}
2025-05-03 13:11:55,119 - DEBUG - Attempting to log search request: {'departure': 'OVB', 'destination': 'Москва', 'departure_date': '2025-05-04', 'return_date': '', 'passengers': '1', 'class': 'economy'}
2025-05-03 13:11:55,119 - DEBUG - Attempting to connect to database: C:\Apache24\htdocs\logs\flight_search.db
2025-05-03 13:11:55,119 - DEBUG - Connected to database, setting WAL mode
2025-05-03 13:11:55,119 - DEBUG - Journal mode set to: wal
2025-05-03 13:11:55,119 - WARNING - Attempt 1/3 failed to log search request due to: table search_requests has no column named class
2025-05-03 13:11:56,127 - DEBUG - Attempting to connect to database: C:\Apache24\htdocs\logs\flight_search.db
2025-05-03 13:11:56,127 - DEBUG - Connected to database, setting WAL mode
2025-05-03 13:11:56,127 - DEBUG - Journal mode set to: wal
2025-05-03 13:11:56,127 - WARNING - Attempt 2/3 failed to log search request due to: table search_requests has no column named class
2025-05-03 13:11:58,130 - DEBUG - Attempting to connect to database: C:\Apache24\htdocs\logs\flight_search.db
2025-05-03 13:11:58,130 - DEBUG - Connected to database, setting WAL mode
2025-05-03 13:11:58,130 - DEBUG - Journal mode set to: wal
2025-05-03 13:11:58,130 - WARNING - Attempt 3/3 failed to log search request due to: table search_requests has no column named class
2025-05-03 13:12:02,132 - ERROR - Max retries reached for logging search request. Skipping. Data: {'departure': 'OVB', 'destination': 'Москва', 'departure_date': '2025-05-04', 'return_date': '', 'passengers': '1', 'class': 'economy'}
2025-05-03 13:12:02,132 - DEBUG - Attempting to log audit: search_flight, {'departure': 'OVB', 'destination': 'Москва', 'departure_date': '2025-05-04', 'return_date': '', 'passengers': '1', 'class': 'economy'}
2025-05-03 13:12:02,132 - DEBUG - Attempting to connect to database: C:\Apache24\htdocs\logs\flight_search.db
2025-05-03 13:12:02,132 - DEBUG - Connected to database, setting WAL mode
2025-05-03 13:12:02,132 - DEBUG - Journal mode set to: wal
2025-05-03 13:12:02,132 - WARNING - Attempt 1/3 failed to log audit due to: no such table: audit_logs
2025-05-03 13:12:03,135 - DEBUG - Attempting to connect to database: C:\Apache24\htdocs\logs\flight_search.db
2025-05-03 13:12:03,135 - DEBUG - Connected to database, setting WAL mode
2025-05-03 13:12:03,135 - DEBUG - Journal mode set to: wal
2025-05-03 13:12:03,135 - WARNING - Attempt 2/3 failed to log audit due to: no such table: audit_logs
2025-05-03 13:12:05,138 - DEBUG - Attempting to connect to database: C:\Apache24\htdocs\logs\flight_search.db
2025-05-03 13:12:05,138 - DEBUG - Connected to database, setting WAL mode
2025-05-03 13:12:05,138 - DEBUG - Journal mode set to: wal
2025-05-03 13:12:05,138 - WARNING - Attempt 3/3 failed to log audit due to: no such table: audit_logs
2025-05-03 13:12:09,140 - ERROR - Max retries reached for logging audit. Skipping. Details: {'departure': 'OVB', 'destination': 'Москва', 'departure_date': '2025-05-04', 'return_date': '', 'passengers': '1', 'class': 'economy'}
2025-05-03 13:12:09,140 - DEBUG - Searching flights via API: departure=OVB, destination=Москва, date=2025-05-04, class=economy, passengers=1
2025-05-03 13:12:09,140 - DEBUG - Signature string: ba463465c90bfaee386337e7c62e8a35:currency=RUB:departure_at=2025-05-04:destination=MOW:direct=false:limit=100:market=ru:origin=OVB
2025-05-03 13:12:09,140 - DEBUG - Sending API request to https://api.travelpayouts.com/aviasales/v3/prices_for_dates with params: {'origin': 'OVB', 'destination': 'MOW', 'departure_at': '2025-05-04', 'currency': 'RUB', 'market': 'ru', 'limit': 100, 'direct': 'false', 'token': 'ba463465c90bfaee386337e7c62e8a35', 'signature': 'd382715398c0a9fafc5b77acdf717a67'}
2025-05-03 13:12:09,144 - DEBUG - Starting new HTTPS connection (1): api.travelpayouts.com:443
2025-05-03 13:12:10,081 - DEBUG - https://api.travelpayouts.com:443 "GET /aviasales/v3/prices_for_dates?origin=OVB&destination=MOW&departure_at=2025-05-04&currency=RUB&market=ru&limit=100&direct=false&token=ba463465c90bfaee386337e7c62e8a35&signature=d382715398c0a9fafc5b77acdf717a67 HTTP/1.1" 200 377
2025-05-03 13:12:10,081 - DEBUG - API response for market ru: {'data': [{'flight_number': '5526', 'link': '/search/OVB0405MOW1?t=DP17463417001746343200000265OVBSVO_7a7feedda81c1b7da6d2184ad8caea98_11366&search_date=03052025&expected_price_uuid=4c5ac25d-6455-4261-b642-a99bc59d1400&expected_price_source=share&expected_price_currency=rub&expected_price=11366', 'origin_airport': 'OVB', 'destination_airport': 'SVO', 'departure_at': '2025-05-04T06:55:00+07:00', 'airline': 'DP', 'destination': 'MOW', 'origin': 'OVB', 'price': 11366, 'return_transfers': 0, 'duration': 265, 'duration_to': 265, 'duration_back': 0, 'transfers': 0}], 'currency': 'RUB', 'success': True}
2025-05-03 13:12:10,088 - DEBUG - Signature string: ba463465c90bfaee386337e7c62e8a35:currency=RUB:departure_at=2025-05-04:destination=MOW:direct=false:limit=100:market=kz:origin=OVB
2025-05-03 13:12:10,088 - DEBUG - Sending API request to https://api.travelpayouts.com/aviasales/v3/prices_for_dates with params: {'origin': 'OVB', 'destination': 'MOW', 'departure_at': '2025-05-04', 'currency': 'RUB', 'market': 'kz', 'limit': 100, 'direct': 'false', 'token': 'ba463465c90bfaee386337e7c62e8a35', 'signature': 'dadfd78d031b1d25a3957de870314dc0'}
2025-05-03 13:12:10,088 - DEBUG - Starting new HTTPS connection (1): api.travelpayouts.com:443
2025-05-03 13:12:10,804 - DEBUG - https://api.travelpayouts.com:443 "GET /aviasales/v3/prices_for_dates?origin=OVB&destination=MOW&departure_at=2025-05-04&currency=RUB&market=kz&limit=100&direct=false&token=ba463465c90bfaee386337e7c62e8a35&signature=dadfd78d031b1d25a3957de870314dc0 HTTP/1.1" 200 377
2025-05-03 13:12:10,804 - DEBUG - API response for market kz: {'data': [{'flight_number': '5526', 'link': '/search/OVB0405MOW1?t=DP17463417001746343200000265OVBSVO_7a7feedda81c1b7da6d2184ad8caea98_12069&search_date=29042025&expected_price_uuid=014a4de6-58a0-4c0f-ba76-219c4ff91603&expected_price_source=share&expected_price_currency=rub&expected_price=12054', 'origin_airport': 'OVB', 'destination_airport': 'SVO', 'departure_at': '2025-05-04T06:55:00+07:00', 'airline': 'DP', 'destination': 'MOW', 'origin': 'OVB', 'price': 12054, 'return_transfers': 0, 'duration': 265, 'duration_to': 265, 'duration_back': 0, 'transfers': 0}], 'currency': 'RUB', 'success': True}
2025-05-03 13:12:10,804 - DEBUG - Signature string: ba463465c90bfaee386337e7c62e8a35:currency=RUB:departure_at=2025-05-04:destination=MOW:direct=false:limit=100:market=us:origin=OVB
2025-05-03 13:12:10,804 - DEBUG - Sending API request to https://api.travelpayouts.com/aviasales/v3/prices_for_dates with params: {'origin': 'OVB', 'destination': 'MOW', 'departure_at': '2025-05-04', 'currency': 'RUB', 'market': 'us', 'limit': 100, 'direct': 'false', 'token': 'ba463465c90bfaee386337e7c62e8a35', 'signature': 'e5e1f4329a17cb9a516431231de2ff27'}
2025-05-03 13:12:10,804 - DEBUG - Starting new HTTPS connection (1): api.travelpayouts.com:443
2025-05-03 13:12:11,491 - DEBUG - https://api.travelpayouts.com:443 "GET /aviasales/v3/prices_for_dates?origin=OVB&destination=MOW&departure_at=2025-05-04&currency=RUB&market=us&limit=100&direct=false&token=ba463465c90bfaee386337e7c62e8a35&signature=e5e1f4329a17cb9a516431231de2ff27 HTTP/1.1" 200 375
2025-05-03 13:12:11,491 - DEBUG - API response for market us: {'data': [{'flight_number': '5526', 'link': '/search/OVB0405MOW1?t=DP17463417001746343200000265OVBSVO_7a7feedda81c1b7da6d2184ad8caea98_7329&search_date=30042025&expected_price_uuid=74d0fb3b-68fb-4bce-993e-cc15739f0403&expected_price_source=share&expected_price_currency=rub&expected_price=7360', 'origin_airport': 'OVB', 'destination_airport': 'SVO', 'departure_at': '2025-05-04T06:55:00+07:00', 'airline': 'DP', 'destination': 'MOW', 'origin': 'OVB', 'price': 7360, 'return_transfers': 0, 'duration': 265, 'duration_to': 265, 'duration_back': 0, 'transfers': 0}], 'currency': 'RUB', 'success': True}
2025-05-03 13:12:11,491 - DEBUG - Processed 1 flights from API
2025-05-03 13:12:11,491 - DEBUG - Returning response: {'success': True, 'flights': [{'id': 1, 'airline': 'Pobeda', 'departure': 'OVB', 'destination': 'Москва', 'actual_destination': 'MOW', 'departure_time': '06:55', 'arrival_time': '00:00', 'class': 'economy', 'price': 11366.0, 'discount': 0, 'available_seats': 1, 'duration': '4ч 25м в пути', 'transfers': 'прямой', 'transfer_details': '', 'currency': 'RUB'}]}
2025-05-03 13:12:11,491 - DEBUG - Main execution completed
2025-05-03 13:29:41,680 - DEBUG - Starting main execution
2025-05-03 13:29:41,680 - DEBUG - Attempting to get user from session
2025-05-03 13:29:41,680 - DEBUG - User ID: None
2025-05-03 13:29:41,680 - DEBUG - Received form data: {'departure': 'Алматы', 'destination': 'Москва', 'departure_date': '2025-05-03', 'return_date': '', 'passengers': '2', 'class': 'economy', 'user_id': 'null'}
2025-05-03 13:29:41,680 - DEBUG - Request data validated: {'departure': 'Алматы', 'destination': 'Москва', 'departure_date': '2025-05-03', 'return_date': '', 'passengers': '2', 'class': 'economy'}
2025-05-03 13:29:41,680 - DEBUG - Attempting to log search request: {'departure': 'Алматы', 'destination': 'Москва', 'departure_date': '2025-05-03', 'return_date': '', 'passengers': '2', 'class': 'economy'}
2025-05-03 13:29:41,680 - DEBUG - Attempting to connect to database: C:\Apache24\htdocs\logs\flight_search.db
2025-05-03 13:29:41,680 - DEBUG - Connected to database, setting WAL mode
2025-05-03 13:29:41,687 - DEBUG - Journal mode set to: wal
2025-05-03 13:29:41,687 - WARNING - Attempt 1/3 failed to log search request due to: table search_requests has no column named class
2025-05-03 13:29:42,690 - DEBUG - Attempting to connect to database: C:\Apache24\htdocs\logs\flight_search.db
2025-05-03 13:29:42,690 - DEBUG - Connected to database, setting WAL mode
2025-05-03 13:29:42,690 - DEBUG - Journal mode set to: wal
2025-05-03 13:29:42,690 - WARNING - Attempt 2/3 failed to log search request due to: table search_requests has no column named class
2025-05-03 13:29:44,691 - DEBUG - Attempting to connect to database: C:\Apache24\htdocs\logs\flight_search.db
2025-05-03 13:29:44,691 - DEBUG - Connected to database, setting WAL mode
2025-05-03 13:29:44,691 - DEBUG - Journal mode set to: wal
2025-05-03 13:29:44,691 - WARNING - Attempt 3/3 failed to log search request due to: table search_requests has no column named class
2025-05-03 13:29:48,693 - ERROR - Max retries reached for logging search request. Skipping. Data: {'departure': 'Алматы', 'destination': 'Москва', 'departure_date': '2025-05-03', 'return_date': '', 'passengers': '2', 'class': 'economy'}
2025-05-03 13:29:48,693 - DEBUG - Attempting to log audit: search_flight, {'departure': 'Алматы', 'destination': 'Москва', 'departure_date': '2025-05-03', 'return_date': '', 'passengers': '2', 'class': 'economy'}
2025-05-03 13:29:48,693 - DEBUG - Attempting to connect to database: C:\Apache24\htdocs\logs\flight_search.db
2025-05-03 13:29:48,693 - DEBUG - Connected to database, setting WAL mode
2025-05-03 13:29:48,693 - DEBUG - Journal mode set to: wal
2025-05-03 13:29:48,693 - WARNING - Attempt 1/3 failed to log audit due to: no such table: audit_logs
2025-05-03 13:29:49,695 - DEBUG - Attempting to connect to database: C:\Apache24\htdocs\logs\flight_search.db
2025-05-03 13:29:49,695 - DEBUG - Connected to database, setting WAL mode
2025-05-03 13:29:49,695 - DEBUG - Journal mode set to: wal
2025-05-03 13:29:49,695 - WARNING - Attempt 2/3 failed to log audit due to: no such table: audit_logs
2025-05-03 13:29:51,696 - DEBUG - Attempting to connect to database: C:\Apache24\htdocs\logs\flight_search.db
2025-05-03 13:29:51,696 - DEBUG - Connected to database, setting WAL mode
2025-05-03 13:29:51,696 - DEBUG - Journal mode set to: wal
2025-05-03 13:29:51,696 - WARNING - Attempt 3/3 failed to log audit due to: no such table: audit_logs
2025-05-03 13:29:55,698 - ERROR - Max retries reached for logging audit. Skipping. Details: {'departure': 'Алматы', 'destination': 'Москва', 'departure_date': '2025-05-03', 'return_date': '', 'passengers': '2', 'class': 'economy'}
2025-05-03 13:29:55,698 - DEBUG - Searching flights via API: departure=Алматы, destination=Москва, date=2025-05-03, class=economy, passengers=2
2025-05-03 13:29:55,698 - DEBUG - Signature string: ba463465c90bfaee386337e7c62e8a35:currency=RUB:departure_at=2025-05-03:destination=MOW:direct=false:limit=100:market=ru:origin=ALA
2025-05-03 13:29:55,698 - DEBUG - Sending API request to https://api.travelpayouts.com/aviasales/v3/prices_for_dates with params: {'origin': 'ALA', 'destination': 'MOW', 'departure_at': '2025-05-03', 'currency': 'RUB', 'market': 'ru', 'limit': 100, 'direct': 'false', 'token': 'ba463465c90bfaee386337e7c62e8a35', 'signature': '0bdfbb323c7820a3fae9e5505bcf2c9a'}
2025-05-03 13:29:55,698 - DEBUG - Starting new HTTPS connection (1): api.travelpayouts.com:443
2025-05-03 13:29:56,517 - DEBUG - https://api.travelpayouts.com:443 "GET /aviasales/v3/prices_for_dates?origin=ALA&destination=MOW&departure_at=2025-05-03&currency=RUB&market=ru&limit=100&direct=false&token=ba463465c90bfaee386337e7c62e8a35&signature=0bdfbb323c7820a3fae9e5505bcf2c9a HTTP/1.1" 200 380
2025-05-03 13:29:56,524 - DEBUG - API response for market ru: {'data': [{'flight_number': '2703', 'link': '/search/ALA0305MOW1?t=SU17462883001746345000001065ALANQZSVO_e7d377fa548be6b32693065cc27ed189_17486&search_date=03052025&expected_price_uuid=e9c1416c-c524-4003-ad52-17f08df35000&expected_price_source=share&expected_price_currency=rub&expected_price=17486', 'origin_airport': 'ALA', 'destination_airport': 'SVO', 'departure_at': '2025-05-03T16:05:00+06:00', 'airline': 'DV', 'destination': 'MOW', 'origin': 'ALA', 'price': 17486, 'return_transfers': 0, 'duration': 1065, 'duration_to': 340, 'duration_back': 0, 'transfers': 1}], 'currency': 'RUB', 'success': True}
2025-05-03 13:29:56,524 - DEBUG - Signature string: ba463465c90bfaee386337e7c62e8a35:currency=RUB:departure_at=2025-05-03:destination=MOW:direct=false:limit=100:market=kz:origin=ALA
2025-05-03 13:29:56,524 - DEBUG - Sending API request to https://api.travelpayouts.com/aviasales/v3/prices_for_dates with params: {'origin': 'ALA', 'destination': 'MOW', 'departure_at': '2025-05-03', 'currency': 'RUB', 'market': 'kz', 'limit': 100, 'direct': 'false', 'token': 'ba463465c90bfaee386337e7c62e8a35', 'signature': '7ce707f4255b3aa72a98a3f36338f064'}
2025-05-03 13:29:56,524 - DEBUG - Starting new HTTPS connection (1): api.travelpayouts.com:443
2025-05-03 13:29:57,267 - DEBUG - https://api.travelpayouts.com:443 "GET /aviasales/v3/prices_for_dates?origin=ALA&destination=MOW&departure_at=2025-05-03&currency=RUB&market=kz&limit=100&direct=false&token=ba463465c90bfaee386337e7c62e8a35&signature=7ce707f4255b3aa72a98a3f36338f064 HTTP/1.1" 200 382
2025-05-03 13:29:57,267 - DEBUG - API response for market kz: {'data': [{'flight_number': '2703', 'link': '/search/ALA0305MOW1?t=SU17462883001746345000001065ALANQZSVO_e7d377fa548be6b32693065cc27ed189_20499&search_date=03052025&expected_price_uuid=75fea4eb-c048-41e1-81de-9ee5c33aba01&expected_price_source=share&expected_price_currency=rub&expected_price=20499', 'origin_airport': 'ALA', 'destination_airport': 'SVO', 'departure_at': '2025-05-03T16:05:00+06:00', 'airline': 'DV', 'destination': 'MOW', 'origin': 'ALA', 'price': 20499, 'return_transfers': 0, 'duration': 1065, 'duration_to': 340, 'duration_back': 0, 'transfers': 1}], 'currency': 'RUB', 'success': True}
2025-05-03 13:29:57,267 - DEBUG - Signature string: ba463465c90bfaee386337e7c62e8a35:currency=RUB:departure_at=2025-05-03:destination=MOW:direct=false:limit=100:market=us:origin=ALA
2025-05-03 13:29:57,267 - DEBUG - Sending API request to https://api.travelpayouts.com/aviasales/v3/prices_for_dates with params: {'origin': 'ALA', 'destination': 'MOW', 'departure_at': '2025-05-03', 'currency': 'RUB', 'market': 'us', 'limit': 100, 'direct': 'false', 'token': 'ba463465c90bfaee386337e7c62e8a35', 'signature': '99458d32b9636940d9290c6e296f55d3'}
2025-05-03 13:29:57,267 - DEBUG - Starting new HTTPS connection (1): api.travelpayouts.com:443
2025-05-03 13:29:57,927 - DEBUG - https://api.travelpayouts.com:443 "GET /aviasales/v3/prices_for_dates?origin=ALA&destination=MOW&departure_at=2025-05-03&currency=RUB&market=us&limit=100&direct=false&token=ba463465c90bfaee386337e7c62e8a35&signature=99458d32b9636940d9290c6e296f55d3 HTTP/1.1" 200 382
2025-05-03 13:29:57,927 - DEBUG - API response for market us: {'data': [{'flight_number': '2703', 'link': '/search/ALA0305MOW1?t=SU17462883001746345000001065ALANQZSVO_e7d377fa548be6b32693065cc27ed189_20499&search_date=03052025&expected_price_uuid=75fea4eb-c048-41e1-81de-9ee5c33aba01&expected_price_source=share&expected_price_currency=rub&expected_price=20499', 'origin_airport': 'ALA', 'destination_airport': 'SVO', 'departure_at': '2025-05-03T16:05:00+06:00', 'airline': 'DV', 'destination': 'MOW', 'origin': 'ALA', 'price': 20499, 'return_transfers': 0, 'duration': 1065, 'duration_to': 340, 'duration_back': 0, 'transfers': 1}], 'currency': 'RUB', 'success': True}
2025-05-03 13:29:57,927 - DEBUG - Processed 1 flights from API
2025-05-03 13:29:57,927 - DEBUG - Returning response: {'success': True, 'flights': [{'id': 1, 'airline': 'SCAT Airlines', 'departure': 'Алматы', 'destination': 'Москва', 'actual_destination': 'MOW', 'departure_time': '16:05', 'arrival_time': '00:00', 'class': 'economy', 'price': 17486.0, 'discount': 0, 'available_seats': 2, 'duration': '5ч 40м в пути', 'transfers': '1 пересадок', 'transfer_details': '1 пересадка(и), подробности уточняются', 'currency': 'RUB'}]}
2025-05-03 13:29:57,927 - DEBUG - Main execution completed
2025-05-03 13:31:36,553 - DEBUG - Starting main execution
2025-05-03 13:31:36,553 - DEBUG - Attempting to get user from session
2025-05-03 13:31:36,553 - DEBUG - User ID: None
2025-05-03 13:31:36,553 - DEBUG - Received form data: {'departure': 'NQZ', 'destination': 'GUW', 'departure_date': '2025-05-03', 'return_date': '', 'passengers': '1', 'class': 'economy', 'user_id': 'null'}
2025-05-03 13:31:36,560 - DEBUG - Request data validated: {'departure': 'NQZ', 'destination': 'GUW', 'departure_date': '2025-05-03', 'return_date': '', 'passengers': '1', 'class': 'economy'}
2025-05-03 13:31:36,560 - DEBUG - Attempting to log search request: {'departure': 'NQZ', 'destination': 'GUW', 'departure_date': '2025-05-03', 'return_date': '', 'passengers': '1', 'class': 'economy'}
2025-05-03 13:31:36,560 - DEBUG - Attempting to connect to database: C:\Apache24\htdocs\logs\flight_search.db
2025-05-03 13:31:36,560 - DEBUG - Connected to database, setting WAL mode
2025-05-03 13:31:36,567 - DEBUG - Journal mode set to: wal
2025-05-03 13:31:36,567 - WARNING - Attempt 1/3 failed to log search request due to: table search_requests has no column named class
2025-05-03 13:31:37,569 - DEBUG - Attempting to connect to database: C:\Apache24\htdocs\logs\flight_search.db
2025-05-03 13:31:37,569 - DEBUG - Connected to database, setting WAL mode
2025-05-03 13:31:37,569 - DEBUG - Journal mode set to: wal
2025-05-03 13:31:37,569 - WARNING - Attempt 2/3 failed to log search request due to: table search_requests has no column named class
2025-05-03 13:31:39,570 - DEBUG - Attempting to connect to database: C:\Apache24\htdocs\logs\flight_search.db
2025-05-03 13:31:39,570 - DEBUG - Connected to database, setting WAL mode
2025-05-03 13:31:39,570 - DEBUG - Journal mode set to: wal
2025-05-03 13:31:39,570 - WARNING - Attempt 3/3 failed to log search request due to: table search_requests has no column named class
2025-05-03 13:31:43,572 - ERROR - Max retries reached for logging search request. Skipping. Data: {'departure': 'NQZ', 'destination': 'GUW', 'departure_date': '2025-05-03', 'return_date': '', 'passengers': '1', 'class': 'economy'}
2025-05-03 13:31:43,572 - DEBUG - Attempting to log audit: search_flight, {'departure': 'NQZ', 'destination': 'GUW', 'departure_date': '2025-05-03', 'return_date': '', 'passengers': '1', 'class': 'economy'}
2025-05-03 13:31:43,572 - DEBUG - Attempting to connect to database: C:\Apache24\htdocs\logs\flight_search.db
2025-05-03 13:31:43,572 - DEBUG - Connected to database, setting WAL mode
2025-05-03 13:31:43,572 - DEBUG - Journal mode set to: wal
2025-05-03 13:31:43,573 - WARNING - Attempt 1/3 failed to log audit due to: no such table: audit_logs
2025-05-03 13:31:44,573 - DEBUG - Attempting to connect to database: C:\Apache24\htdocs\logs\flight_search.db
2025-05-03 13:31:44,573 - DEBUG - Connected to database, setting WAL mode
2025-05-03 13:31:44,573 - DEBUG - Journal mode set to: wal
2025-05-03 13:31:44,573 - WARNING - Attempt 2/3 failed to log audit due to: no such table: audit_logs
2025-05-03 13:31:46,574 - DEBUG - Attempting to connect to database: C:\Apache24\htdocs\logs\flight_search.db
2025-05-03 13:31:46,574 - DEBUG - Connected to database, setting WAL mode
2025-05-03 13:31:46,574 - DEBUG - Journal mode set to: wal
2025-05-03 13:31:46,574 - WARNING - Attempt 3/3 failed to log audit due to: no such table: audit_logs
2025-05-03 13:31:50,576 - ERROR - Max retries reached for logging audit. Skipping. Details: {'departure': 'NQZ', 'destination': 'GUW', 'departure_date': '2025-05-03', 'return_date': '', 'passengers': '1', 'class': 'economy'}
2025-05-03 13:31:50,576 - DEBUG - Searching flights via API: departure=NQZ, destination=GUW, date=2025-05-03, class=economy, passengers=1
2025-05-03 13:31:50,576 - DEBUG - Signature string: ba463465c90bfaee386337e7c62e8a35:currency=RUB:departure_at=2025-05-03:destination=GUW:direct=false:limit=100:market=ru:origin=NQZ
2025-05-03 13:31:50,576 - DEBUG - Sending API request to https://api.travelpayouts.com/aviasales/v3/prices_for_dates with params: {'origin': 'NQZ', 'destination': 'GUW', 'departure_at': '2025-05-03', 'currency': 'RUB', 'market': 'ru', 'limit': 100, 'direct': 'false', 'token': 'ba463465c90bfaee386337e7c62e8a35', 'signature': '7b01aac4554089e29d4075bfd6278572'}
2025-05-03 13:31:50,578 - DEBUG - Starting new HTTPS connection (1): api.travelpayouts.com:443
2025-05-03 13:31:55,209 - DEBUG - https://api.travelpayouts.com:443 "GET /aviasales/v3/prices_for_dates?origin=NQZ&destination=GUW&departure_at=2025-05-03&currency=RUB&market=ru&limit=100&direct=false&token=ba463465c90bfaee386337e7c62e8a35&signature=7b01aac4554089e29d4075bfd6278572 HTTP/1.1" 200 374
2025-05-03 13:31:55,209 - DEBUG - API response for market ru: {'data': [{'flight_number': '7208', 'link': '/search/NQZ0305GUW1?t=FS17462949001746303900000150NQZGUW_056dad4610ef96a0a60c29f3a9efa3eb_8417&search_date=02052025&expected_price_uuid=88b487f5-cf39-4641-bb8d-f71401969301&expected_price_source=share&expected_price_currency=rub&expected_price=8417', 'origin_airport': 'NQZ', 'destination_airport': 'GUW', 'departure_at': '2025-05-03T17:55:00+06:00', 'airline': 'FS', 'destination': 'GUW', 'origin': 'NQZ', 'price': 8417, 'return_transfers': 0, 'duration': 150, 'duration_to': 150, 'duration_back': 0, 'transfers': 0}], 'currency': 'RUB', 'success': True}
2025-05-03 13:31:55,209 - DEBUG - Signature string: ba463465c90bfaee386337e7c62e8a35:currency=RUB:departure_at=2025-05-03:destination=GUW:direct=false:limit=100:market=kz:origin=NQZ
2025-05-03 13:31:55,209 - DEBUG - Sending API request to https://api.travelpayouts.com/aviasales/v3/prices_for_dates with params: {'origin': 'NQZ', 'destination': 'GUW', 'departure_at': '2025-05-03', 'currency': 'RUB', 'market': 'kz', 'limit': 100, 'direct': 'false', 'token': 'ba463465c90bfaee386337e7c62e8a35', 'signature': '937f36bf3bc080aaaf7a4d03427fed8a'}
2025-05-03 13:31:55,209 - DEBUG - Starting new HTTPS connection (1): api.travelpayouts.com:443
2025-05-03 13:31:57,438 - DEBUG - https://api.travelpayouts.com:443 "GET /aviasales/v3/prices_for_dates?origin=NQZ&destination=GUW&departure_at=2025-05-03&currency=RUB&market=kz&limit=100&direct=false&token=ba463465c90bfaee386337e7c62e8a35&signature=937f36bf3bc080aaaf7a4d03427fed8a HTTP/1.1" 200 374
2025-05-03 13:31:57,438 - DEBUG - API response for market kz: {'data': [{'flight_number': '7208', 'link': '/search/NQZ0305GUW1?t=FS17462949001746303900000150NQZGUW_056dad4610ef96a0a60c29f3a9efa3eb_8005&search_date=02052025&expected_price_uuid=5be577e5-0114-410e-8d73-1794e05bad01&expected_price_source=share&expected_price_currency=rub&expected_price=8005', 'origin_airport': 'NQZ', 'destination_airport': 'GUW', 'departure_at': '2025-05-03T17:55:00+06:00', 'airline': 'FS', 'destination': 'GUW', 'origin': 'NQZ', 'price': 8005, 'return_transfers': 0, 'duration': 150, 'duration_to': 150, 'duration_back': 0, 'transfers': 0}], 'currency': 'RUB', 'success': True}
2025-05-03 13:31:57,445 - DEBUG - Signature string: ba463465c90bfaee386337e7c62e8a35:currency=RUB:departure_at=2025-05-03:destination=GUW:direct=false:limit=100:market=us:origin=NQZ
2025-05-03 13:31:57,445 - DEBUG - Sending API request to https://api.travelpayouts.com/aviasales/v3/prices_for_dates with params: {'origin': 'NQZ', 'destination': 'GUW', 'departure_at': '2025-05-03', 'currency': 'RUB', 'market': 'us', 'limit': 100, 'direct': 'false', 'token': 'ba463465c90bfaee386337e7c62e8a35', 'signature': 'fa3f35a8e113f50dd76091b239159f7c'}
2025-05-03 13:31:57,445 - DEBUG - Starting new HTTPS connection (1): api.travelpayouts.com:443
2025-05-03 13:31:59,049 - DEBUG - https://api.travelpayouts.com:443 "GET /aviasales/v3/prices_for_dates?origin=NQZ&destination=GUW&departure_at=2025-05-03&currency=RUB&market=us&limit=100&direct=false&token=ba463465c90bfaee386337e7c62e8a35&signature=fa3f35a8e113f50dd76091b239159f7c HTTP/1.1" 200 374
2025-05-03 13:31:59,049 - DEBUG - API response for market us: {'data': [{'flight_number': '7208', 'link': '/search/NQZ0305GUW1?t=FS17462949001746303900000150NQZGUW_056dad4610ef96a0a60c29f3a9efa3eb_8417&search_date=02052025&expected_price_uuid=88b487f5-cf39-4641-bb8d-f71401969301&expected_price_source=share&expected_price_currency=rub&expected_price=8417', 'origin_airport': 'NQZ', 'destination_airport': 'GUW', 'departure_at': '2025-05-03T17:55:00+06:00', 'airline': 'FS', 'destination': 'GUW', 'origin': 'NQZ', 'price': 8417, 'return_transfers': 0, 'duration': 150, 'duration_to': 150, 'duration_back': 0, 'transfers': 0}], 'currency': 'RUB', 'success': True}
2025-05-03 13:31:59,049 - DEBUG - Processed 1 flights from API
2025-05-03 13:31:59,049 - DEBUG - Returning response: {'success': True, 'flights': [{'id': 1, 'airline': 'FS', 'departure': 'NQZ', 'destination': 'GUW', 'actual_destination': 'GUW', 'departure_time': '17:55', 'arrival_time': '00:00', 'class': 'economy', 'price': 8417.0, 'discount': 0, 'available_seats': 1, 'duration': '2ч 30м в пути', 'transfers': 'прямой', 'transfer_details': '', 'currency': 'RUB'}]}
2025-05-03 13:31:59,049 - DEBUG - Main execution completed
