127.0.0.1 - - [18/Apr/2025:19:28:42 +0600] "GET / HTTP/1.1" 200 46
127.0.0.1 - - [18/Apr/2025:19:28:42 +0600] "GET /favicon.ico HTTP/1.1" 404 196
127.0.0.1 - - [18/Apr/2025:19:29:42 +0600] "-" 408 -
::1 - - [18/Apr/2025:19:53:10 +0600] "GET /Design3.html HTTP/1.1" 404 196
::1 - - [18/Apr/2025:19:53:10 +0600] "GET /favicon.ico HTTP/1.1" 404 196
::1 - - [18/Apr/2025:19:54:10 +0600] "-" 408 -
::1 - - [18/Apr/2025:19:59:50 +0600] "GET /Design3.html HTTP/1.1" 200 38153
::1 - - [18/Apr/2025:19:59:50 +0600] "GET /image1.jpg HTTP/1.1" 404 196
::1 - - [18/Apr/2025:19:59:50 +0600] "GET /image3.jpg HTTP/1.1" 404 196
::1 - - [18/Apr/2025:19:59:50 +0600] "GET /image2.jpg HTTP/1.1" 404 196
::1 - - [18/Apr/2025:19:59:50 +0600] "GET /image4.jpg HTTP/1.1" 404 196
::1 - - [18/Apr/2025:19:59:50 +0600] "GET /Map.png HTTP/1.1" 404 196
::1 - - [18/Apr/2025:19:59:58 +0600] "POST /cgi-bin/flight_search.cgi HTTP/1.1" 404 196
::1 - - [18/Apr/2025:20:00:28 +0600] "POST /cgi-bin/flight_search.cgi HTTP/1.1" 404 196
::1 - - [18/Apr/2025:20:00:38 +0600] "POST /cgi-bin/flight_search.cgi HTTP/1.1" 404 196
::1 - - [18/Apr/2025:20:00:46 +0600] "POST /cgi-bin/flight_search.cgi HTTP/1.1" 404 196
::1 - - [18/Apr/2025:20:01:46 +0600] "-" 408 -
::1 - - [18/Apr/2025:20:06:21 +0600] "POST /cgi-bin/flight_search.cgi HTTP/1.1" 404 196
::1 - - [18/Apr/2025:20:06:26 +0600] "POST /cgi-bin/flight_search.cgi HTTP/1.1" 404 196
::1 - - [18/Apr/2025:20:07:26 +0600] "-" 408 -
::1 - - [18/Apr/2025:20:07:59 +0600] "POST /cgi-bin/flight_search.cgi HTTP/1.1" 404 196
::1 - - [18/Apr/2025:20:08:59 +0600] "-" 408 -
::1 - - [18/Apr/2025:20:20:09 +0600] "GET /Design3.html HTTP/1.1" 304 -
::1 - - [18/Apr/2025:20:20:09 +0600] "GET /image1.jpg HTTP/1.1" 404 196
::1 - - [18/Apr/2025:20:20:09 +0600] "GET /image2.jpg HTTP/1.1" 404 196
::1 - - [18/Apr/2025:20:20:09 +0600] "GET /image3.jpg HTTP/1.1" 404 196
::1 - - [18/Apr/2025:20:20:09 +0600] "GET /Map.png HTTP/1.1" 404 196
::1 - - [18/Apr/2025:20:20:09 +0600] "GET /image4.jpg HTTP/1.1" 404 196
::1 - - [18/Apr/2025:20:20:09 +0600] "GET /Design3.html HTTP/1.1" 304 -
::1 - - [18/Apr/2025:20:20:09 +0600] "GET /image1.jpg HTTP/1.1" 404 196
::1 - - [18/Apr/2025:20:20:09 +0600] "GET /image2.jpg HTTP/1.1" 404 196
::1 - - [18/Apr/2025:20:20:09 +0600] "GET /image3.jpg HTTP/1.1" 404 196
::1 - - [18/Apr/2025:20:20:09 +0600] "GET /image4.jpg HTTP/1.1" 404 196
::1 - - [18/Apr/2025:20:20:09 +0600] "GET /Map.png HTTP/1.1" 404 196
::1 - - [18/Apr/2025:20:20:19 +0600] "POST /cgi-bin/flight_search.cgi HTTP/1.1" 404 196
::1 - - [18/Apr/2025:20:21:19 +0600] "-" 408 -
::1 - - [18/Apr/2025:21:21:10 +0600] "POST /cgi-bin/flight_search.cgi HTTP/1.1" 404 196
::1 - - [18/Apr/2025:21:22:09 +0600] "-" 408 -
::1 - - [18/Apr/2025:21:23:05 +0600] "GET /Design3.html HTTP/1.1" 304 -
::1 - - [18/Apr/2025:21:23:05 +0600] "GET /image1.jpg HTTP/1.1" 404 196
::1 - - [18/Apr/2025:21:23:05 +0600] "GET /image2.jpg HTTP/1.1" 404 196
::1 - - [18/Apr/2025:21:23:05 +0600] "GET /image3.jpg HTTP/1.1" 404 196
::1 - - [18/Apr/2025:21:23:05 +0600] "GET /image4.jpg HTTP/1.1" 404 196
::1 - - [18/Apr/2025:21:23:05 +0600] "GET /Map.png HTTP/1.1" 404 196
::1 - - [18/Apr/2025:21:23:05 +0600] "GET /Design3.html HTTP/1.1" 304 -
::1 - - [18/Apr/2025:21:23:05 +0600] "GET /image1.jpg HTTP/1.1" 404 196
::1 - - [18/Apr/2025:21:23:05 +0600] "GET /image3.jpg HTTP/1.1" 404 196
::1 - - [18/Apr/2025:21:23:05 +0600] "GET /image2.jpg HTTP/1.1" 404 196
::1 - - [18/Apr/2025:21:23:05 +0600] "GET /image4.jpg HTTP/1.1" 404 196
::1 - - [18/Apr/2025:21:23:05 +0600] "GET /Map.png HTTP/1.1" 404 196
::1 - - [18/Apr/2025:21:23:05 +0600] "GET /Design3.html HTTP/1.1" 304 -
::1 - - [18/Apr/2025:21:23:05 +0600] "GET /image1.jpg HTTP/1.1" 404 196
::1 - - [18/Apr/2025:21:23:05 +0600] "GET /image2.jpg HTTP/1.1" 404 196
::1 - - [18/Apr/2025:21:23:05 +0600] "GET /image3.jpg HTTP/1.1" 404 196
::1 - - [18/Apr/2025:21:23:05 +0600] "GET /image4.jpg HTTP/1.1" 404 196
::1 - - [18/Apr/2025:21:23:05 +0600] "GET /Map.png HTTP/1.1" 404 196
::1 - - [18/Apr/2025:21:23:06 +0600] "GET /Design3.html HTTP/1.1" 304 -
::1 - - [18/Apr/2025:21:23:06 +0600] "GET /image1.jpg HTTP/1.1" 404 196
::1 - - [18/Apr/2025:21:23:06 +0600] "GET /image3.jpg HTTP/1.1" 404 196
::1 - - [18/Apr/2025:21:23:06 +0600] "GET /image4.jpg HTTP/1.1" 404 196
::1 - - [18/Apr/2025:21:23:06 +0600] "GET /Map.png HTTP/1.1" 404 196
::1 - - [18/Apr/2025:21:23:06 +0600] "GET /image2.jpg HTTP/1.1" 404 196
::1 - - [18/Apr/2025:21:23:06 +0600] "GET /Design3.html HTTP/1.1" 304 -
::1 - - [18/Apr/2025:21:23:06 +0600] "GET /image1.jpg HTTP/1.1" 404 196
::1 - - [18/Apr/2025:21:23:06 +0600] "GET /image2.jpg HTTP/1.1" 404 196
::1 - - [18/Apr/2025:21:23:06 +0600] "GET /image3.jpg HTTP/1.1" 404 196
::1 - - [18/Apr/2025:21:23:06 +0600] "GET /image4.jpg HTTP/1.1" 404 196
::1 - - [18/Apr/2025:21:23:06 +0600] "GET /Map.png HTTP/1.1" 404 196
::1 - - [18/Apr/2025:21:23:13 +0600] "POST /cgi-bin/flight_search.cgi HTTP/1.1" 404 196
::1 - - [18/Apr/2025:21:23:16 +0600] "POST /cgi-bin/flight_search.cgi HTTP/1.1" 404 196
::1 - - [18/Apr/2025:21:24:13 +0600] "-" 408 -
::1 - - [18/Apr/2025:21:25:30 +0600] "GET /Design3.html HTTP/1.1" 304 -
::1 - - [18/Apr/2025:21:25:30 +0600] "GET /image1.jpg HTTP/1.1" 404 196
::1 - - [18/Apr/2025:21:25:30 +0600] "GET /image2.jpg HTTP/1.1" 404 196
::1 - - [18/Apr/2025:21:25:30 +0600] "GET /image3.jpg HTTP/1.1" 404 196
::1 - - [18/Apr/2025:21:25:30 +0600] "GET /Map.png HTTP/1.1" 404 196
::1 - - [18/Apr/2025:21:25:30 +0600] "GET /image4.jpg HTTP/1.1" 404 196
::1 - - [18/Apr/2025:21:25:30 +0600] "GET /Design3.html HTTP/1.1" 304 -
::1 - - [18/Apr/2025:21:25:30 +0600] "GET /image1.jpg HTTP/1.1" 404 196
::1 - - [18/Apr/2025:21:25:30 +0600] "GET /image2.jpg HTTP/1.1" 404 196
::1 - - [18/Apr/2025:21:25:30 +0600] "GET /image3.jpg HTTP/1.1" 404 196
::1 - - [18/Apr/2025:21:25:30 +0600] "GET /image4.jpg HTTP/1.1" 404 196
::1 - - [18/Apr/2025:21:25:30 +0600] "GET /Map.png HTTP/1.1" 404 196
::1 - - [18/Apr/2025:21:25:31 +0600] "GET /Design3.html HTTP/1.1" 304 -
::1 - - [18/Apr/2025:21:25:31 +0600] "GET /image1.jpg HTTP/1.1" 404 196
::1 - - [18/Apr/2025:21:25:31 +0600] "GET /image2.jpg HTTP/1.1" 404 196
::1 - - [18/Apr/2025:21:25:31 +0600] "GET /Map.png HTTP/1.1" 404 196
::1 - - [18/Apr/2025:21:25:31 +0600] "GET /image4.jpg HTTP/1.1" 404 196
::1 - - [18/Apr/2025:21:25:31 +0600] "GET /image3.jpg HTTP/1.1" 404 196
::1 - - [18/Apr/2025:21:25:31 +0600] "GET /Design3.html HTTP/1.1" 304 -
::1 - - [18/Apr/2025:21:25:31 +0600] "GET /image1.jpg HTTP/1.1" 404 196
::1 - - [18/Apr/2025:21:25:31 +0600] "GET /image2.jpg HTTP/1.1" 404 196
::1 - - [18/Apr/2025:21:25:31 +0600] "GET /image3.jpg HTTP/1.1" 404 196
::1 - - [18/Apr/2025:21:25:31 +0600] "GET /image4.jpg HTTP/1.1" 404 196
::1 - - [18/Apr/2025:21:25:31 +0600] "GET /Map.png HTTP/1.1" 404 196
::1 - - [18/Apr/2025:21:25:38 +0600] "POST /cgi-bin/flight_search.cgi HTTP/1.1" 404 196
::1 - - [18/Apr/2025:21:25:43 +0600] "POST /cgi-bin/flight_search.cgi HTTP/1.1" 404 196
::1 - - [18/Apr/2025:21:25:48 +0600] "POST /cgi-bin/flight_search.cgi HTTP/1.1" 404 196
::1 - - [18/Apr/2025:21:26:48 +0600] "-" 408 -
::1 - - [18/Apr/2025:21:42:08 +0600] "-" 408 -
::1 - - [18/Apr/2025:21:42:58 +0600] "GET /cgi-bin/flight_search.cgi HTTP/1.1" 404 196
::1 - - [18/Apr/2025:21:41:08 +0600] "GET /cgi-bin/flight_search.py HTTP/1.1" 504 247
::1 - - [18/Apr/2025:21:43:58 +0600] "-" 408 -
::1 - - [18/Apr/2025:21:45:12 +0600] "GET /cgi-bin/flight_search.cgi HTTP/1.1" 404 196
::1 - - [18/Apr/2025:21:45:16 +0600] "GET /cgi-bin/flight_search.cgi HTTP/1.1" 404 196
::1 - - [18/Apr/2025:21:46:12 +0600] "-" 408 -
::1 - - [18/Apr/2025:21:48:26 +0600] "-" 408 -
::1 - - [18/Apr/2025:21:47:26 +0600] "GET /cgi-bin/flight_search.cgi HTTP/1.1" 504 247
::1 - - [18/Apr/2025:21:48:40 +0600] "GET /cgi-bin/flight_search.cgi HTTP/1.1" 504 247
::1 - - [18/Apr/2025:21:48:48 +0600] "GET /cgi-bin/flight_search.cgi HTTP/1.1" 504 247
::1 - - [18/Apr/2025:21:55:42 +0600] "-" 408 -
::1 - - [18/Apr/2025:21:54:42 +0600] "GET /cgi-bin/flight_search.cgi HTTP/1.1" 504 247
::1 - - [18/Apr/2025:22:55:51 +0600] "GET /cgi-bin/flight_search.cgi HTTP/1.1" 500 530
::1 - - [18/Apr/2025:22:55:53 +0600] "GET /cgi-bin/flight_search.cgi HTTP/1.1" 500 530
::1 - - [18/Apr/2025:22:56:48 +0600] "GET /cgi-bin/flight_search.cgi HTTP/1.1" 500 530
::1 - - [18/Apr/2025:22:56:50 +0600] "GET /cgi-bin/flight_search.cgi HTTP/1.1" 500 530
::1 - - [18/Apr/2025:22:56:50 +0600] "GET /cgi-bin/flight_search.cgi HTTP/1.1" 500 530
::1 - - [18/Apr/2025:22:56:51 +0600] "GET /cgi-bin/flight_search.cgi HTTP/1.1" 500 530
::1 - - [18/Apr/2025:22:56:51 +0600] "GET /cgi-bin/flight_search.cgi HTTP/1.1" 500 530
::1 - - [18/Apr/2025:22:57:51 +0600] "-" 408 -
::1 - - [18/Apr/2025:23:08:19 +0600] "GET /cgi-bin/flight_search.cgi HTTP/1.1" 500 530
::1 - - [18/Apr/2025:23:08:20 +0600] "GET /cgi-bin/flight_search.cgi HTTP/1.1" 500 530
::1 - - [18/Apr/2025:23:08:20 +0600] "GET /cgi-bin/flight_search.cgi HTTP/1.1" 500 530
::1 - - [18/Apr/2025:23:08:20 +0600] "GET /cgi-bin/flight_search.cgi HTTP/1.1" 500 530
::1 - - [18/Apr/2025:23:09:20 +0600] "-" 408 -
::1 - - [18/Apr/2025:23:09:20 +0600] "-" 408 -
::1 - - [18/Apr/2025:23:09:58 +0600] "GET /cgi-bin/flight_search.cgi HTTP/1.1" 500 530
::1 - - [18/Apr/2025:23:09:59 +0600] "GET /cgi-bin/flight_search.cgi HTTP/1.1" 500 530
::1 - - [18/Apr/2025:23:09:59 +0600] "GET /cgi-bin/flight_search.cgi HTTP/1.1" 500 530
::1 - - [18/Apr/2025:23:09:59 +0600] "GET /cgi-bin/flight_search.cgi HTTP/1.1" 500 530
::1 - - [18/Apr/2025:23:10:00 +0600] "GET /cgi-bin/flight_search.cgi HTTP/1.1" 500 530
::1 - - [18/Apr/2025:23:10:11 +0600] "GET /cgi-bin/flight_search.cgi HTTP/1.1" 500 530
::1 - - [18/Apr/2025:23:11:11 +0600] "-" 408 -
::1 - - [18/Apr/2025:23:26:04 +0600] "GET /cgi-bin/flight_search.cgi HTTP/1.1" 404 196
::1 - - [18/Apr/2025:23:26:05 +0600] "GET /cgi-bin/flight_search.cgi HTTP/1.1" 404 196
::1 - - [18/Apr/2025:23:26:06 +0600] "GET /cgi-bin/flight_search.cgi HTTP/1.1" 404 196
::1 - - [18/Apr/2025:23:26:07 +0600] "GET /cgi-bin/flight_search.cgi HTTP/1.1" 404 196
::1 - - [18/Apr/2025:23:26:57 +0600] "GET /cgi-bin/flight_search.cgi HTTP/1.1" 404 196
::1 - - [18/Apr/2025:23:26:58 +0600] "GET /cgi-bin/flight_search.cgi HTTP/1.1" 404 196
::1 - - [18/Apr/2025:23:26:58 +0600] "GET /cgi-bin/flight_search.cgi HTTP/1.1" 404 196
::1 - - [18/Apr/2025:23:26:58 +0600] "GET /cgi-bin/flight_search.cgi HTTP/1.1" 404 196
::1 - - [18/Apr/2025:23:26:58 +0600] "GET /cgi-bin/flight_search.cgi HTTP/1.1" 404 196
::1 - - [18/Apr/2025:23:26:59 +0600] "GET /cgi-bin/flight_search.cgi HTTP/1.1" 404 196
::1 - - [18/Apr/2025:23:26:59 +0600] "GET /cgi-bin/flight_search.cgi HTTP/1.1" 404 196
::1 - - [18/Apr/2025:23:26:59 +0600] "GET /cgi-bin/flight_search.cgi HTTP/1.1" 404 196
::1 - - [18/Apr/2025:23:26:59 +0600] "GET /cgi-bin/flight_search.cgi HTTP/1.1" 404 196
::1 - - [18/Apr/2025:23:26:59 +0600] "GET /cgi-bin/flight_search.cgi HTTP/1.1" 404 196
::1 - - [18/Apr/2025:23:27:57 +0600] "-" 408 -
::1 - - [18/Apr/2025:23:28:10 +0600] "GET /cgi-bin/flight_search.cgi HTTP/1.1" 500 530
::1 - - [18/Apr/2025:23:29:10 +0600] "-" 408 -
::1 - - [18/Apr/2025:23:29:35 +0600] "GET /cgi-bin/flight_search.cgi HTTP/1.1" 500 530
::1 - - [18/Apr/2025:23:29:35 +0600] "GET /cgi-bin/flight_search.cgi HTTP/1.1" 500 530
::1 - - [18/Apr/2025:23:29:35 +0600] "GET /cgi-bin/flight_search.cgi HTTP/1.1" 500 530
::1 - - [18/Apr/2025:23:29:36 +0600] "GET /cgi-bin/flight_search.cgi HTTP/1.1" 500 530
::1 - - [18/Apr/2025:23:29:36 +0600] "GET /cgi-bin/flight_search.cgi HTTP/1.1" 500 530
::1 - - [18/Apr/2025:23:29:36 +0600] "GET /cgi-bin/flight_search.cgi HTTP/1.1" 500 530
::1 - - [18/Apr/2025:23:30:36 +0600] "-" 408 -
::1 - - [18/Apr/2025:23:52:05 +0600] "GET /cgi-bin/flight_search.cgi HTTP/1.1" 500 530
::1 - - [18/Apr/2025:23:52:06 +0600] "GET /cgi-bin/flight_search.cgi HTTP/1.1" 500 530
::1 - - [18/Apr/2025:23:52:06 +0600] "GET /favicon.ico HTTP/1.1" 404 196
::1 - - [18/Apr/2025:23:52:29 +0600] "GET /Design3.html HTTP/1.1" 200 38152
::1 - - [18/Apr/2025:23:52:29 +0600] "GET /image1.jpg HTTP/1.1" 404 196
::1 - - [18/Apr/2025:23:52:29 +0600] "GET /image2.jpg HTTP/1.1" 404 196
::1 - - [18/Apr/2025:23:52:29 +0600] "GET /image3.jpg HTTP/1.1" 404 196
::1 - - [18/Apr/2025:23:52:29 +0600] "GET /Map.png HTTP/1.1" 404 196
::1 - - [18/Apr/2025:23:52:29 +0600] "GET /image4.jpg HTTP/1.1" 404 196
::1 - - [18/Apr/2025:23:52:43 +0600] "POST /cgi-bin/flight_search.py HTTP/1.1" 404 196
::1 - - [18/Apr/2025:23:53:00 +0600] "POST /cgi-bin/flight_search.py HTTP/1.1" 404 196
::1 - - [18/Apr/2025:23:53:18 +0600] "POST /cgi-bin/flight_search.py HTTP/1.1" 404 196
::1 - - [18/Apr/2025:23:54:18 +0600] "-" 408 -
::1 - - [18/Apr/2025:23:56:41 +0600] "POST /cgi-bin/flight_search.py HTTP/1.1" 404 196
::1 - - [18/Apr/2025:23:57:41 +0600] "-" 408 -
::1 - - [19/Apr/2025:00:01:42 +0600] "POST /cgi-bin/flight_search.py HTTP/1.1" 404 196
::1 - - [19/Apr/2025:00:01:46 +0600] "POST /cgi-bin/flight_search.py HTTP/1.1" 404 196
::1 - - [19/Apr/2025:00:01:48 +0600] "GET /cgi-bin/flight_search.cgi HTTP/1.1" 500 530
::1 - - [19/Apr/2025:00:01:48 +0600] "GET /cgi-bin/flight_search.cgi HTTP/1.1" 500 530
::1 - - [19/Apr/2025:00:01:48 +0600] "GET /cgi-bin/flight_search.cgi HTTP/1.1" 500 530
::1 - - [19/Apr/2025:00:01:49 +0600] "GET /cgi-bin/flight_search.cgi HTTP/1.1" 500 530
::1 - - [19/Apr/2025:00:01:49 +0600] "GET /cgi-bin/flight_search.cgi HTTP/1.1" 500 530
::1 - - [19/Apr/2025:00:01:49 +0600] "GET /cgi-bin/flight_search.cgi HTTP/1.1" 500 530
::1 - - [19/Apr/2025:00:01:49 +0600] "GET /cgi-bin/flight_search.cgi HTTP/1.1" 500 530
::1 - - [19/Apr/2025:00:01:49 +0600] "GET /cgi-bin/flight_search.cgi HTTP/1.1" 500 530
::1 - - [19/Apr/2025:00:01:50 +0600] "GET /cgi-bin/flight_search.cgi HTTP/1.1" 500 530
::1 - - [19/Apr/2025:00:01:52 +0600] "POST /cgi-bin/flight_search.py HTTP/1.1" 404 196
::1 - - [19/Apr/2025:00:02:52 +0600] "-" 408 -
::1 - - [19/Apr/2025:00:03:24 +0600] "GET /cgi-bin/flight_search.cgi HTTP/1.1" 500 530
::1 - - [19/Apr/2025:00:03:25 +0600] "GET /cgi-bin/flight_search.cgi HTTP/1.1" 500 530
::1 - - [19/Apr/2025:00:04:25 +0600] "-" 408 -
::1 - - [19/Apr/2025:00:14:41 +0600] "GET /Design3.html HTTP/1.1" 304 -
::1 - - [19/Apr/2025:00:14:41 +0600] "GET /image1.jpg HTTP/1.1" 404 196
::1 - - [19/Apr/2025:00:14:41 +0600] "GET /image2.jpg HTTP/1.1" 404 196
::1 - - [19/Apr/2025:00:14:41 +0600] "GET /image3.jpg HTTP/1.1" 404 196
::1 - - [19/Apr/2025:00:14:41 +0600] "GET /image4.jpg HTTP/1.1" 404 196
::1 - - [19/Apr/2025:00:14:41 +0600] "GET /Map.png HTTP/1.1" 404 196
::1 - - [19/Apr/2025:00:14:53 +0600] "POST /cgi-bin/flight_search.py HTTP/1.1" 500 530
::1 - - [20/Apr/2025:20:17:45 +0600] "-" 408 -
::1 - - [20/Apr/2025:23:02:58 +0600] "GET /Design3.html HTTP/1.1" 404 196
::1 - - [20/Apr/2025:23:02:58 +0600] "GET /favicon.ico HTTP/1.1" 404 196
::1 - - [20/Apr/2025:23:03:00 +0600] "GET /Design3.html HTTP/1.1" 404 196
::1 - - [20/Apr/2025:23:03:58 +0600] "-" 408 -
::1 - - [20/Apr/2025:23:04:29 +0600] "GET / HTTP/1.1" 200 237
::1 - - [20/Apr/2025:23:04:32 +0600] "GET /static/ HTTP/1.1" 200 270
::1 - - [20/Apr/2025:23:04:33 +0600] "GET /static/Design3.1.html HTTP/1.1" 200 17008
::1 - - [20/Apr/2025:23:05:11 +0600] "POST /cgi-bin/search_flights.py HTTP/1.1" 500 530
::1 - - [20/Apr/2025:23:05:14 +0600] "POST /cgi-bin/search_flights.py HTTP/1.1" 500 530
::1 - - [20/Apr/2025:23:05:18 +0600] "POST /cgi-bin/search_flights.py HTTP/1.1" 500 530
::1 - - [20/Apr/2025:23:05:22 +0600] "POST /cgi-bin/search_flights.py HTTP/1.1" 500 530
::1 - - [20/Apr/2025:23:05:37 +0600] "POST /cgi-bin/search_flights.py HTTP/1.1" 500 530
::1 - - [20/Apr/2025:23:06:37 +0600] "-" 408 -
::1 - - [20/Apr/2025:23:09:40 +0600] "GET / HTTP/1.1" 200 237
::1 - - [20/Apr/2025:23:09:41 +0600] "GET / HTTP/1.1" 200 237
::1 - - [20/Apr/2025:23:09:41 +0600] "GET / HTTP/1.1" 200 237
::1 - - [20/Apr/2025:23:09:42 +0600] "GET / HTTP/1.1" 200 237
::1 - - [20/Apr/2025:23:09:42 +0600] "GET / HTTP/1.1" 200 237
::1 - - [20/Apr/2025:23:09:43 +0600] "GET /logs/ HTTP/1.1" 200 268
::1 - - [20/Apr/2025:23:09:46 +0600] "GET /static/ HTTP/1.1" 200 270
::1 - - [20/Apr/2025:23:10:01 +0600] "POST /cgi-bin/search_flights.py HTTP/1.1" 500 530
::1 - - [20/Apr/2025:23:11:01 +0600] "-" 408 -
::1 - - [20/Apr/2025:23:15:47 +0600] "POST /cgi-bin/search_flights.py HTTP/1.1" 500 530
::1 - - [20/Apr/2025:23:16:43 +0600] "-" 408 -
::1 - - [21/Apr/2025:15:38:37 +0600] "GET /static/Design3.1.html HTTP/1.1" 200 17008
::1 - - [21/Apr/2025:15:38:37 +0600] "GET /favicon.ico HTTP/1.1" 404 196
::1 - - [21/Apr/2025:15:38:57 +0600] "POST /cgi-bin/search_flights.py HTTP/1.1" 200 882
::1 - - [21/Apr/2025:15:39:57 +0600] "-" 408 -
::1 - - [21/Apr/2025:15:47:03 +0600] "POST /cgi-bin/search_flights.py HTTP/1.1" 500 530
::1 - - [21/Apr/2025:15:47:09 +0600] "POST /cgi-bin/search_flights.py HTTP/1.1" 500 530
::1 - - [21/Apr/2025:15:47:11 +0600] "GET /static/Design3.1.html HTTP/1.1" 200 17008
::1 - - [21/Apr/2025:15:47:11 +0600] "GET /static/Design3.1.html HTTP/1.1" 304 -
::1 - - [21/Apr/2025:15:47:12 +0600] "GET /static/Design3.1.html HTTP/1.1" 304 -
::1 - - [21/Apr/2025:15:47:12 +0600] "GET /static/Design3.1.html HTTP/1.1" 304 -
::1 - - [21/Apr/2025:15:47:12 +0600] "GET /static/Design3.1.html HTTP/1.1" 304 -
::1 - - [21/Apr/2025:15:47:59 +0600] "POST /cgi-bin/search_flights.py HTTP/1.1" 200 1060
::1 - - [21/Apr/2025:15:48:09 +0600] "POST /cgi-bin/search_flights.py HTTP/1.1" 200 724
::1 - - [21/Apr/2025:15:49:09 +0600] "-" 408 -
::1 - - [21/Apr/2025:16:42:55 +0600] "POST /cgi-bin/search_flights.py HTTP/1.1" 200 724
::1 - - [21/Apr/2025:16:43:07 +0600] "POST /cgi-bin/search_flights.py HTTP/1.1" 200 1060
::1 - - [21/Apr/2025:16:44:07 +0600] "-" 408 -
::1 - - [21/Apr/2025:17:05:43 +0600] "POST /cgi-bin/search_flights.py HTTP/1.1" 200 724
::1 - - [21/Apr/2025:17:05:50 +0600] "POST /cgi-bin/search_flights.py HTTP/1.1" 200 724
::1 - - [21/Apr/2025:17:05:59 +0600] "POST /cgi-bin/search_flights.py HTTP/1.1" 200 724
::1 - - [21/Apr/2025:17:06:59 +0600] "-" 408 -
::1 - - [21/Apr/2025:17:11:20 +0600] "GET /static/Design3.1.html HTTP/1.1" 304 -
::1 - - [21/Apr/2025:17:11:20 +0600] "GET /static/Design3.1.html HTTP/1.1" 304 -
::1 - - [21/Apr/2025:17:11:33 +0600] "POST /cgi-bin/search_flights.py HTTP/1.1" 500 530
::1 - - [21/Apr/2025:17:11:37 +0600] "POST /cgi-bin/search_flights.py HTTP/1.1" 500 530
::1 - - [21/Apr/2025:17:12:37 +0600] "-" 408 -
::1 - - [21/Apr/2025:17:13:00 +0600] "POST /cgi-bin/search_flights.py HTTP/1.1" 500 530
::1 - - [21/Apr/2025:17:13:02 +0600] "GET /static/Design3.1.html HTTP/1.1" 304 -
::1 - - [21/Apr/2025:17:13:02 +0600] "GET /static/Design3.1.html HTTP/1.1" 304 -
::1 - - [21/Apr/2025:17:13:02 +0600] "GET /static/Design3.1.html HTTP/1.1" 304 -
::1 - - [21/Apr/2025:17:13:02 +0600] "GET /static/Design3.1.html HTTP/1.1" 304 -
::1 - - [21/Apr/2025:17:13:03 +0600] "GET /static/Design3.1.html HTTP/1.1" 304 -
::1 - - [21/Apr/2025:17:13:03 +0600] "GET /static/Design3.1.html HTTP/1.1" 304 -
::1 - - [21/Apr/2025:17:13:13 +0600] "POST /cgi-bin/search_flights.py HTTP/1.1" 500 530
::1 - - [21/Apr/2025:17:13:48 +0600] "GET /static/Design3.1.html HTTP/1.1" 304 -
::1 - - [21/Apr/2025:17:13:49 +0600] "GET /static/Design3.1.html HTTP/1.1" 304 -
::1 - - [21/Apr/2025:17:13:49 +0600] "GET /static/Design3.1.html HTTP/1.1" 304 -
::1 - - [21/Apr/2025:17:13:59 +0600] "POST /cgi-bin/search_flights.py HTTP/1.1" 200 1060
::1 - - [21/Apr/2025:17:14:59 +0600] "-" 408 -
::1 - - [21/Apr/2025:17:17:26 +0600] "POST /cgi-bin/search_flights.py HTTP/1.1" 200 1060
::1 - - [21/Apr/2025:17:18:03 +0600] "POST /cgi-bin/search_flights.py HTTP/1.1" 200 1058
::1 - - [21/Apr/2025:17:18:09 +0600] "POST /cgi-bin/search_flights.py HTTP/1.1" 200 1058
::1 - - [21/Apr/2025:17:18:13 +0600] "POST /cgi-bin/search_flights.py HTTP/1.1" 200 1058
::1 - - [21/Apr/2025:17:18:17 +0600] "POST /cgi-bin/search_flights.py HTTP/1.1" 200 1058
::1 - - [21/Apr/2025:17:18:23 +0600] "POST /cgi-bin/search_flights.py HTTP/1.1" 200 1058
::1 - - [21/Apr/2025:17:18:35 +0600] "POST /cgi-bin/search_flights.py HTTP/1.1" 200 1052
::1 - - [21/Apr/2025:17:18:39 +0600] "POST /cgi-bin/search_flights.py HTTP/1.1" 200 1052
::1 - - [21/Apr/2025:17:18:48 +0600] "GET /static/Design3.1.html HTTP/1.1" 304 -
::1 - - [21/Apr/2025:17:18:49 +0600] "GET /static/Design3.1.html HTTP/1.1" 304 -
::1 - - [21/Apr/2025:17:18:58 +0600] "POST /cgi-bin/search_flights.py HTTP/1.1" 200 790
::1 - - [21/Apr/2025:17:19:58 +0600] "-" 408 -
::1 - - [21/Apr/2025:17:20:03 +0600] "POST /cgi-bin/search_flights.py HTTP/1.1" 200 790
::1 - - [21/Apr/2025:17:20:07 +0600] "POST /cgi-bin/search_flights.py HTTP/1.1" 200 790
::1 - - [21/Apr/2025:17:20:15 +0600] "POST /cgi-bin/search_flights.py HTTP/1.1" 200 1060
::1 - - [21/Apr/2025:17:20:55 +0600] "POST /cgi-bin/search_flights.py HTTP/1.1" 200 959
::1 - - [21/Apr/2025:17:21:55 +0600] "-" 408 -
::1 - - [21/Apr/2025:17:27:56 +0600] "GET /static/Design3.1.html HTTP/1.1" 304 -
::1 - - [21/Apr/2025:17:28:56 +0600] "-" 408 -
127.0.0.1 - - [22/Apr/2025:05:48:36 +0600] "\x16\x03\x01\x06\xc0\x01" 400 226
127.0.0.1 - - [22/Apr/2025:05:48:36 +0600] "\x16\x03\x01\x06\xa0\x01" 400 226
::1 - - [25/Apr/2025:15:34:32 +0600] "GET /Design3.html HTTP/1.1" 404 196
::1 - - [25/Apr/2025:15:34:32 +0600] "GET /favicon.ico HTTP/1.1" 404 196
::1 - - [25/Apr/2025:15:35:32 +0600] "-" 408 -
::1 - - [25/Apr/2025:15:36:27 +0600] "GET /static/Design3.1.html HTTP/1.1" 200 17008
::1 - - [25/Apr/2025:15:36:37 +0600] "POST /cgi-bin/search_flights.py HTTP/1.1" 200 790
::1 - - [25/Apr/2025:15:36:41 +0600] "POST /cgi-bin/search_flights.py HTTP/1.1" 200 790
::1 - - [25/Apr/2025:15:36:49 +0600] "POST /cgi-bin/search_flights.py HTTP/1.1" 200 959
::1 - - [25/Apr/2025:15:36:57 +0600] "POST /cgi-bin/search_flights.py HTTP/1.1" 200 960
::1 - - [25/Apr/2025:15:37:57 +0600] "-" 408 -
::1 - - [25/Apr/2025:16:03:59 +0600] "POST /cgi-bin/search_flights.py HTTP/1.1" 500 530
::1 - - [25/Apr/2025:16:04:01 +0600] "POST /cgi-bin/search_flights.py HTTP/1.1" 500 530
::1 - - [25/Apr/2025:16:04:14 +0600] "POST /cgi-bin/search_flights.py HTTP/1.1" 500 530
::1 - - [25/Apr/2025:16:05:08 +0600] "GET /static/Design3.1.html HTTP/1.1" 304 -
::1 - - [25/Apr/2025:16:05:09 +0600] "GET /static/Design3.1.html HTTP/1.1" 304 -
::1 - - [25/Apr/2025:16:05:09 +0600] "GET /static/Design3.1.html HTTP/1.1" 304 -
::1 - - [25/Apr/2025:16:05:09 +0600] "GET /static/Design3.1.html HTTP/1.1" 304 -
::1 - - [25/Apr/2025:16:05:22 +0600] "POST /cgi-bin/search_flights.py HTTP/1.1" 500 530
::1 - - [25/Apr/2025:16:05:36 +0600] "POST /cgi-bin/search_flights.py HTTP/1.1" 200 959
::1 - - [25/Apr/2025:16:06:36 +0600] "-" 408 -
::1 - - [25/Apr/2025:16:27:00 +0600] "GET /static/Design3.1.html HTTP/1.1" 304 -
::1 - - [25/Apr/2025:16:27:10 +0600] "POST /cgi-bin/search_flights.py HTTP/1.1" 200 1060
::1 - - [25/Apr/2025:16:28:10 +0600] "-" 408 -
::1 - - [25/Apr/2025:16:30:00 +0600] "GET /static/Design3.1.html HTTP/1.1" 304 -
::1 - - [25/Apr/2025:16:30:00 +0600] "GET /static/Design3.1.html HTTP/1.1" 304 -
::1 - - [25/Apr/2025:16:30:00 +0600] "GET /static/Design3.1.html HTTP/1.1" 304 -
::1 - - [25/Apr/2025:16:30:00 +0600] "GET /static/Design3.1.html HTTP/1.1" 304 -
::1 - - [25/Apr/2025:16:30:00 +0600] "GET /static/Design3.1.html HTTP/1.1" 304 -
::1 - - [25/Apr/2025:16:30:13 +0600] "POST /cgi-bin/search_flights.py HTTP/1.1" 200 1060
::1 - - [25/Apr/2025:16:30:21 +0600] "POST /cgi-bin/search_flights.py HTTP/1.1" 200 1060
::1 - - [25/Apr/2025:16:30:25 +0600] "POST /cgi-bin/search_flights.py HTTP/1.1" 200 1060
::1 - - [25/Apr/2025:16:30:29 +0600] "POST /cgi-bin/search_flights.py HTTP/1.1" 200 1061
::1 - - [25/Apr/2025:16:30:37 +0600] "POST /cgi-bin/search_flights.py HTTP/1.1" 200 1060
::1 - - [25/Apr/2025:16:30:44 +0600] "POST /cgi-bin/search_flights.py HTTP/1.1" 200 724
::1 - - [25/Apr/2025:16:31:44 +0600] "-" 408 -
::1 - - [25/Apr/2025:16:44:18 +0600] "POST /cgi-bin/search_flights.py HTTP/1.1" 200 812
::1 - - [25/Apr/2025:16:45:08 +0600] "-" 408 -
::1 - - [25/Apr/2025:16:53:27 +0600] "GET /static/Design3.1.html HTTP/1.1" 304 -
::1 - - [25/Apr/2025:16:53:27 +0600] "GET /static/Design3.1.html HTTP/1.1" 304 -
::1 - - [25/Apr/2025:16:53:37 +0600] "POST /cgi-bin/search_flights.py HTTP/1.1" 200 2993
::1 - - [25/Apr/2025:16:54:10 +0600] "POST /cgi-bin/search_flights.py HTTP/1.1" 200 2993
::1 - - [25/Apr/2025:16:54:44 +0600] "-" 408 -
::1 - - [25/Apr/2025:16:54:58 +0600] "POST /cgi-bin/search_flights.py HTTP/1.1" 200 1454
::1 - - [25/Apr/2025:16:55:11 +0600] "POST /cgi-bin/search_flights.py HTTP/1.1" 200 2861
::1 - - [25/Apr/2025:16:55:25 +0600] "POST /cgi-bin/search_flights.py HTTP/1.1" 200 2861
::1 - - [25/Apr/2025:16:56:25 +0600] "-" 408 -
::1 - - [25/Apr/2025:16:56:34 +0600] "-" 408 -
::1 - - [25/Apr/2025:16:57:09 +0600] "GET /static/Design3.1.html HTTP/1.1" 304 -
::1 - - [25/Apr/2025:16:57:09 +0600] "GET /static/Design3.1.html HTTP/1.1" 304 -
::1 - - [25/Apr/2025:16:58:09 +0600] "-" 408 -
::1 - - [25/Apr/2025:16:59:49 +0600] "GET /static/Design3.1.html HTTP/1.1" 200 40038
::1 - - [25/Apr/2025:16:59:49 +0600] "GET /static/image1.jpg HTTP/1.1" 404 196
::1 - - [25/Apr/2025:16:59:49 +0600] "GET /static/image2.jpg HTTP/1.1" 404 196
::1 - - [25/Apr/2025:16:59:49 +0600] "GET /static/image3.jpg HTTP/1.1" 404 196
::1 - - [25/Apr/2025:16:59:49 +0600] "GET /static/image4.jpg HTTP/1.1" 404 196
::1 - - [25/Apr/2025:16:59:49 +0600] "GET /static/Map.png HTTP/1.1" 404 196
::1 - - [25/Apr/2025:17:00:00 +0600] "POST /cgi-bin/flight_search.py HTTP/1.1" 500 530
::1 - - [25/Apr/2025:17:00:44 +0600] "GET /static/Design3.1.html HTTP/1.1" 200 40038
::1 - - [25/Apr/2025:17:00:44 +0600] "GET /static/image2.jpg HTTP/1.1" 404 196
::1 - - [25/Apr/2025:17:00:44 +0600] "GET /static/image1.jpg HTTP/1.1" 404 196
::1 - - [25/Apr/2025:17:00:44 +0600] "GET /static/image3.jpg HTTP/1.1" 404 196
::1 - - [25/Apr/2025:17:00:44 +0600] "GET /static/image4.jpg HTTP/1.1" 404 196
::1 - - [25/Apr/2025:17:00:44 +0600] "GET /static/Map.png HTTP/1.1" 404 196
::1 - - [25/Apr/2025:17:00:45 +0600] "GET /static/Design3.1.html HTTP/1.1" 304 -
::1 - - [25/Apr/2025:17:00:45 +0600] "GET /static/image1.jpg HTTP/1.1" 404 196
::1 - - [25/Apr/2025:17:00:45 +0600] "GET /static/image3.jpg HTTP/1.1" 404 196
::1 - - [25/Apr/2025:17:00:45 +0600] "GET /static/image2.jpg HTTP/1.1" 404 196
::1 - - [25/Apr/2025:17:00:45 +0600] "GET /static/image4.jpg HTTP/1.1" 404 196
::1 - - [25/Apr/2025:17:00:45 +0600] "GET /static/Map.png HTTP/1.1" 404 196
::1 - - [25/Apr/2025:17:00:53 +0600] "GET /static/Design3.1.html HTTP/1.1" 200 1886
::1 - - [25/Apr/2025:17:00:53 +0600] "GET /static/Design3.1.html HTTP/1.1" 304 -
::1 - - [25/Apr/2025:17:00:54 +0600] "GET /static/Design3.1.html HTTP/1.1" 304 -
::1 - - [25/Apr/2025:17:01:53 +0600] "-" 408 -
::1 - - [25/Apr/2025:17:05:48 +0600] "GET /static/Design3.1.html HTTP/1.1" 200 16588
::1 - - [25/Apr/2025:17:05:56 +0600] "POST /cgi-bin/search_flights.py HTTP/1.1" 200 1460
::1 - - [25/Apr/2025:17:05:59 +0600] "GET /static/Design3.1.html HTTP/1.1" 304 -
::1 - - [25/Apr/2025:17:06:04 +0600] "POST /cgi-bin/search_flights.py HTTP/1.1" 200 1448
::1 - - [25/Apr/2025:17:07:04 +0600] "-" 408 -
::1 - - [25/Apr/2025:17:09:11 +0600] "POST /cgi-bin/search_flights.py HTTP/1.1" 200 1448
::1 - - [25/Apr/2025:17:09:13 +0600] "GET /static/Design3.1.html HTTP/1.1" 304 -
::1 - - [25/Apr/2025:17:10:09 +0600] "GET /static/Design3.1.html HTTP/1.1" 200 17008
::1 - - [25/Apr/2025:17:10:18 +0600] "POST /cgi-bin/search_flights.py HTTP/1.1" 200 2861
::1 - - [25/Apr/2025:17:11:18 +0600] "-" 408 -
::1 - - [25/Apr/2025:17:14:22 +0600] "GET /static/Design3.1.html HTTP/1.1" 200 21988
::1 - - [25/Apr/2025:17:14:22 +0600] "GET /static/image1.jpg HTTP/1.1" 404 196
::1 - - [25/Apr/2025:17:14:22 +0600] "GET /static/image2.jpg HTTP/1.1" 404 196
::1 - - [25/Apr/2025:17:14:22 +0600] "GET /static/image3.jpg HTTP/1.1" 404 196
::1 - - [25/Apr/2025:17:14:22 +0600] "GET /static/image4.jpg HTTP/1.1" 404 196
::1 - - [25/Apr/2025:17:14:22 +0600] "GET /static/Map.png HTTP/1.1" 404 196
::1 - - [25/Apr/2025:17:14:33 +0600] "POST /cgi-bin/search_flights.py HTTP/1.1" 200 2861
::1 - - [25/Apr/2025:17:15:01 +0600] "GET /static/Design3.1.html HTTP/1.1" 304 -
::1 - - [25/Apr/2025:17:15:01 +0600] "GET /static/image2.jpg HTTP/1.1" 404 196
::1 - - [25/Apr/2025:17:15:01 +0600] "GET /static/image3.jpg HTTP/1.1" 404 196
::1 - - [25/Apr/2025:17:15:01 +0600] "GET /static/Map.png HTTP/1.1" 404 196
::1 - - [25/Apr/2025:17:15:01 +0600] "GET /static/image4.jpg HTTP/1.1" 404 196
::1 - - [25/Apr/2025:17:15:01 +0600] "GET /static/image1.jpg HTTP/1.1" 200 230684
::1 - - [25/Apr/2025:17:15:23 +0600] "GET /static/Design3.1.html HTTP/1.1" 304 -
::1 - - [25/Apr/2025:17:15:23 +0600] "GET /static/Map.png HTTP/1.1" 200 56898
::1 - - [25/Apr/2025:17:15:23 +0600] "GET /static/image3.jpg HTTP/1.1" 200 157713
::1 - - [25/Apr/2025:17:15:23 +0600] "GET /static/image4.jpg HTTP/1.1" 200 680637
::1 - - [25/Apr/2025:17:15:23 +0600] "GET /static/image2.jpg HTTP/1.1" 200 294591
::1 - - [25/Apr/2025:17:15:51 +0600] "POST /cgi-bin/search_flights.py HTTP/1.1" 200 2861
::1 - - [25/Apr/2025:17:16:51 +0600] "-" 408 -
::1 - - [26/Apr/2025:11:19:27 +0600] "GET /static/Design3.1.html HTTP/1.1" 304 -
::1 - - [26/Apr/2025:11:19:27 +0600] "GET /static/image1.jpg HTTP/1.1" 200 230684
::1 - - [26/Apr/2025:11:19:27 +0600] "GET /static/Map.png HTTP/1.1" 200 56898
::1 - - [26/Apr/2025:11:19:27 +0600] "GET /static/image3.jpg HTTP/1.1" 200 157713
::1 - - [26/Apr/2025:11:19:27 +0600] "GET /static/image2.jpg HTTP/1.1" 200 294591
::1 - - [26/Apr/2025:11:19:27 +0600] "GET /static/image4.jpg HTTP/1.1" 200 680637
::1 - - [26/Apr/2025:11:19:27 +0600] "GET /favicon.ico HTTP/1.1" 404 196
::1 - - [26/Apr/2025:11:19:47 +0600] "POST /cgi-bin/search_flights.py HTTP/1.1" 200 2861
::1 - - [26/Apr/2025:11:20:47 +0600] "-" 408 -
::1 - - [26/Apr/2025:11:21:07 +0600] "POST /cgi-bin/search_flights.py HTTP/1.1" 200 2861
::1 - - [26/Apr/2025:11:21:16 +0600] "POST /cgi-bin/search_flights.py HTTP/1.1" 200 1454
::1 - - [26/Apr/2025:11:22:15 +0600] "POST /cgi-bin/search_flights.py HTTP/1.1" 200 1454
::1 - - [26/Apr/2025:11:22:28 +0600] "-" 408 -
::1 - - [26/Apr/2025:11:23:29 +0600] "-" 408 -
::1 - - [26/Apr/2025:11:23:29 +0600] "-" 408 -
::1 - - [26/Apr/2025:11:24:02 +0600] "POST /cgi-bin/search_flights.py HTTP/1.1" 200 1438
::1 - - [26/Apr/2025:11:24:19 +0600] "POST /cgi-bin/search_flights.py HTTP/1.1" 200 2861
::1 - - [26/Apr/2025:11:25:19 +0600] "-" 408 -
::1 - - [26/Apr/2025:11:39:35 +0600] "POST /cgi-bin/search_flights.py HTTP/1.1" 200 2861
::1 - - [26/Apr/2025:11:40:35 +0600] "-" 408 -
::1 - - [26/Apr/2025:11:40:43 +0600] "POST /cgi-bin/search_flights.py HTTP/1.1" 200 2861
::1 - - [26/Apr/2025:11:40:56 +0600] "POST /cgi-bin/search_flights.py HTTP/1.1" 200 2883
::1 - - [26/Apr/2025:11:41:48 +0600] "-" 408 -
::1 - - [26/Apr/2025:11:55:58 +0600] "GET /static/Design3.1.html HTTP/1.1" 304 -
::1 - - [26/Apr/2025:11:56:58 +0600] "-" 408 -
::1 - - [26/Apr/2025:11:57:24 +0600] "POST /cgi-bin/search_flights.py HTTP/1.1" 200 2861
::1 - - [26/Apr/2025:11:58:24 +0600] "-" 408 -
::1 - - [26/Apr/2025:12:22:30 +0600] "GET /static/Design3.1.html HTTP/1.1" 200 21988
::1 - - [26/Apr/2025:12:22:30 +0600] "GET /static/image3.jpg HTTP/1.1" 200 157713
::1 - - [26/Apr/2025:12:22:30 +0600] "GET /static/image2.jpg HTTP/1.1" 200 294591
::1 - - [26/Apr/2025:12:22:30 +0600] "GET /static/image1.jpg HTTP/1.1" 200 230684
::1 - - [26/Apr/2025:12:22:30 +0600] "GET /static/Map.png HTTP/1.1" 200 56898
::1 - - [26/Apr/2025:12:22:30 +0600] "GET /static/image4.jpg HTTP/1.1" 200 680637
::1 - - [26/Apr/2025:12:22:30 +0600] "GET /favicon.ico HTTP/1.1" 404 196
::1 - - [26/Apr/2025:12:25:54 +0600] "GET /static HTTP/1.1" 301 232
::1 - - [26/Apr/2025:12:25:54 +0600] "GET /static/ HTTP/1.1" 200 494
::1 - - [26/Apr/2025:12:26:54 +0600] "-" 408 -
::1 - - [26/Apr/2025:12:27:08 +0600] "-" 408 -
::1 - - [26/Apr/2025:12:27:11 +0600] "POST /cgi-bin/search_flights.py HTTP/1.1" 200 2862
::1 - - [26/Apr/2025:12:27:50 +0600] "POST /cgi-bin/search_flights.py HTTP/1.1" 200 2860
::1 - - [26/Apr/2025:12:29:14 +0600] "POST /cgi-bin/search_flights.py HTTP/1.1" 200 2860
::1 - - [26/Apr/2025:12:29:15 +0600] "GET /favicon.ico HTTP/1.1" 404 196
::1 - - [26/Apr/2025:12:29:17 +0600] "GET /static/Design3.1.html HTTP/1.1" 200 21988
::1 - - [26/Apr/2025:12:29:17 +0600] "GET /static/Map.png HTTP/1.1" 200 56898
::1 - - [26/Apr/2025:12:29:17 +0600] "GET /static/image3.jpg HTTP/1.1" 200 157713
::1 - - [26/Apr/2025:12:29:17 +0600] "GET /static/image1.jpg HTTP/1.1" 200 230684
::1 - - [26/Apr/2025:12:29:17 +0600] "GET /static/image4.jpg HTTP/1.1" 200 680637
::1 - - [26/Apr/2025:12:29:17 +0600] "GET /static/image2.jpg HTTP/1.1" 200 294591
::1 - - [26/Apr/2025:12:29:24 +0600] "GET /static/Design3.1.html HTTP/1.1" 304 -
::1 - - [26/Apr/2025:12:30:24 +0600] "-" 408 -
::1 - - [26/Apr/2025:12:31:36 +0600] "POST /cgi-bin/search_flights.py HTTP/1.1" 200 2861
::1 - - [26/Apr/2025:12:32:36 +0600] "-" 408 -
::1 - - [26/Apr/2025:12:33:44 +0600] "-" 408 -
::1 - - [26/Apr/2025:12:33:44 +0600] "-" 408 -
::1 - - [26/Apr/2025:12:34:21 +0600] "POST /cgi-bin/search_flights.py HTTP/1.1" 200 1520
::1 - - [26/Apr/2025:12:35:21 +0600] "-" 408 -
::1 - - [01/May/2025:15:11:10 +0600] "GET / HTTP/1.1" 200 237
::1 - - [01/May/2025:15:11:10 +0600] "GET /favicon.ico HTTP/1.1" 404 196
::1 - - [01/May/2025:15:11:12 +0600] "GET /static/ HTTP/1.1" 200 494
::1 - - [01/May/2025:15:11:14 +0600] "GET /static/Design3.1.html HTTP/1.1" 200 21988
::1 - - [01/May/2025:15:11:14 +0600] "GET /static/Map.png HTTP/1.1" 200 56898
::1 - - [01/May/2025:15:11:14 +0600] "GET /static/image3.jpg HTTP/1.1" 200 157713
::1 - - [01/May/2025:15:11:14 +0600] "GET /static/image1.jpg HTTP/1.1" 200 230684
::1 - - [01/May/2025:15:11:14 +0600] "GET /static/image2.jpg HTTP/1.1" 200 294591
::1 - - [01/May/2025:15:11:14 +0600] "GET /static/image4.jpg HTTP/1.1" 200 680637
::1 - - [01/May/2025:15:34:12 +0600] "GET / HTTP/1.1" 200 237
::1 - - [01/May/2025:15:34:13 +0600] "GET /static/ HTTP/1.1" 200 546
::1 - - [01/May/2025:15:35:12 +0600] "-" 408 -
::1 - - [01/May/2025:15:35:42 +0600] "-" 408 -
::1 - - [01/May/2025:15:36:13 +0600] "GET / HTTP/1.1" 200 237
::1 - - [01/May/2025:15:36:15 +0600] "GET /static/ HTTP/1.1" 200 546
::1 - - [01/May/2025:15:36:29 +0600] "GET /static/%d0%b2%d0%b2.html HTTP/1.1" 200 21988
::1 - - [01/May/2025:15:37:52 +0600] "GET /static/ HTTP/1.1" 200 494
::1 - - [01/May/2025:15:37:55 +0600] "GET /static/Design3.1.html HTTP/1.1" 200 20451
::1 - - [01/May/2025:15:37:55 +0600] "GET /cgi-bin/check_session.py HTTP/1.1" 200 16
::1 - - [01/May/2025:15:37:55 +0600] "GET /static/Design3.1.html HTTP/1.1" 304 -
::1 - - [01/May/2025:15:37:55 +0600] "GET /cgi-bin/check_session.py HTTP/1.1" 200 16
::1 - - [01/May/2025:15:37:56 +0600] "GET /static/Design3.1.html HTTP/1.1" 304 -
::1 - - [01/May/2025:15:37:56 +0600] "GET /cgi-bin/check_session.py HTTP/1.1" 200 16
::1 - - [01/May/2025:15:37:56 +0600] "GET /static/Design3.1.html HTTP/1.1" 304 -
::1 - - [01/May/2025:15:37:56 +0600] "GET /cgi-bin/check_session.py HTTP/1.1" 200 16
::1 - - [01/May/2025:15:37:56 +0600] "GET /static/Design3.1.html HTTP/1.1" 304 -
::1 - - [01/May/2025:15:37:56 +0600] "GET /cgi-bin/check_session.py HTTP/1.1" 200 16
::1 - - [01/May/2025:15:37:56 +0600] "GET /static/Design3.1.html HTTP/1.1" 304 -
::1 - - [01/May/2025:15:37:56 +0600] "GET /cgi-bin/check_session.py HTTP/1.1" 200 16
::1 - - [01/May/2025:15:38:11 +0600] "POST /cgi-bin/search_flights.py HTTP/1.1" 200 3579
::1 - - [01/May/2025:15:38:15 +0600] "GET /static/Design3.1.html HTTP/1.1" 304 -
::1 - - [01/May/2025:15:38:15 +0600] "GET /cgi-bin/check_session.py HTTP/1.1" 200 16
::1 - - [01/May/2025:15:38:24 +0600] "POST /cgi-bin/search_hotels.py HTTP/1.1" 200 -
::1 - - [01/May/2025:15:38:30 +0600] "POST /cgi-bin/search_hotels.py HTTP/1.1" 200 -
::1 - - [01/May/2025:15:38:36 +0600] "POST /cgi-bin/search_hotels.py HTTP/1.1" 200 -
::1 - - [01/May/2025:15:38:44 +0600] "GET /cgi-bin/register.py HTTP/1.1" 200 1851
::1 - - [01/May/2025:15:38:52 +0600] "POST /cgi-bin/register.py HTTP/1.1" 200 -
::1 - - [01/May/2025:15:38:55 +0600] "GET /cgi-bin/register.py HTTP/1.1" 200 1851
::1 - - [01/May/2025:15:38:57 +0600] "GET /static/Design3.1.html HTTP/1.1" 304 -
::1 - - [01/May/2025:15:38:57 +0600] "GET /cgi-bin/check_session.py HTTP/1.1" 200 16
::1 - - [01/May/2025:15:39:04 +0600] "POST /cgi-bin/login.py HTTP/1.1" 200 210
::1 - - [01/May/2025:15:39:07 +0600] "GET /cgi-bin/check_session.py HTTP/1.1" 200 16
::1 - - [01/May/2025:15:39:11 +0600] "GET /cgi-bin/register.py HTTP/1.1" 200 1851
::1 - - [01/May/2025:15:39:22 +0600] "POST /cgi-bin/register.py HTTP/1.1" 200 -
::1 - - [01/May/2025:15:39:32 +0600] "GET /cgi-bin/register.py HTTP/1.1" 200 1851
::1 - - [01/May/2025:15:39:41 +0600] "POST /cgi-bin/login.py HTTP/1.1" 200 210
::1 - - [01/May/2025:15:39:42 +0600] "GET /static/Design3.1.html HTTP/1.1" 304 -
::1 - - [01/May/2025:15:39:42 +0600] "GET /cgi-bin/check_session.py HTTP/1.1" 200 16
::1 - - [01/May/2025:15:40:41 +0600] "-" 408 -
::1 - - [01/May/2025:16:06:54 +0600] "GET /static/Design3.1.html HTTP/1.1" 304 -
::1 - - [01/May/2025:16:06:54 +0600] "GET /cgi-bin/check_session.py HTTP/1.1" 200 16
::1 - - [01/May/2025:16:06:55 +0600] "GET /static/Design3.1.html HTTP/1.1" 304 -
::1 - - [01/May/2025:16:06:55 +0600] "GET /cgi-bin/check_session.py HTTP/1.1" 200 16
::1 - - [01/May/2025:16:06:55 +0600] "GET /static/Design3.1.html HTTP/1.1" 304 -
::1 - - [01/May/2025:16:06:55 +0600] "GET /cgi-bin/check_session.py HTTP/1.1" 200 16
::1 - - [01/May/2025:16:06:55 +0600] "GET /static/Design3.1.html HTTP/1.1" 304 -
::1 - - [01/May/2025:16:06:55 +0600] "GET /cgi-bin/check_session.py HTTP/1.1" 200 16
::1 - - [01/May/2025:16:06:56 +0600] "GET /static/Design3.1.html HTTP/1.1" 304 -
::1 - - [01/May/2025:16:06:56 +0600] "GET /cgi-bin/check_session.py HTTP/1.1" 200 16
::1 - - [01/May/2025:16:06:56 +0600] "GET /static/Design3.1.html HTTP/1.1" 304 -
::1 - - [01/May/2025:16:06:56 +0600] "GET /cgi-bin/check_session.py HTTP/1.1" 200 16
::1 - - [01/May/2025:16:07:04 +0600] "GET /static/Design3.1.html HTTP/1.1" 304 -
::1 - - [01/May/2025:16:07:04 +0600] "GET /cgi-bin/check_session.py HTTP/1.1" 200 16
::1 - - [01/May/2025:16:07:05 +0600] "GET /static/Design3.1.html HTTP/1.1" 304 -
::1 - - [01/May/2025:16:07:05 +0600] "GET /cgi-bin/check_session.py HTTP/1.1" 200 16
::1 - - [01/May/2025:16:07:05 +0600] "GET /static/Design3.1.html HTTP/1.1" 304 -
::1 - - [01/May/2025:16:07:05 +0600] "GET /cgi-bin/check_session.py HTTP/1.1" 200 16
::1 - - [01/May/2025:16:07:05 +0600] "GET /static/Design3.1.html HTTP/1.1" 304 -
::1 - - [01/May/2025:16:07:05 +0600] "GET /cgi-bin/check_session.py HTTP/1.1" 200 16
::1 - - [01/May/2025:16:07:15 +0600] "POST /cgi-bin/search_flights.py HTTP/1.1" 200 3649
::1 - - [01/May/2025:16:07:18 +0600] "GET /static/Design3.1.html HTTP/1.1" 304 -
::1 - - [01/May/2025:16:07:18 +0600] "GET /cgi-bin/check_session.py HTTP/1.1" 200 16
::1 - - [01/May/2025:16:07:19 +0600] "GET /static/Design3.1.html HTTP/1.1" 304 -
::1 - - [01/May/2025:16:07:19 +0600] "GET /cgi-bin/check_session.py HTTP/1.1" 200 16
::1 - - [01/May/2025:16:07:19 +0600] "GET /static/Design3.1.html HTTP/1.1" 304 -
::1 - - [01/May/2025:16:07:19 +0600] "GET /cgi-bin/check_session.py HTTP/1.1" 200 16
::1 - - [01/May/2025:16:07:19 +0600] "GET /static/Design3.1.html HTTP/1.1" 304 -
::1 - - [01/May/2025:16:07:19 +0600] "GET /cgi-bin/check_session.py HTTP/1.1" 200 16
::1 - - [01/May/2025:16:07:19 +0600] "GET /static/Design3.1.html HTTP/1.1" 304 -
::1 - - [01/May/2025:16:07:19 +0600] "GET /cgi-bin/check_session.py HTTP/1.1" 200 16
::1 - - [01/May/2025:16:07:19 +0600] "GET /static/Design3.1.html HTTP/1.1" 304 -
::1 - - [01/May/2025:16:07:19 +0600] "GET /cgi-bin/check_session.py HTTP/1.1" 200 16
::1 - - [01/May/2025:16:08:15 +0600] "-" 408 -
::1 - - [01/May/2025:16:08:22 +0600] "POST /cgi-bin/login.py HTTP/1.1" 200 179
::1 - - [01/May/2025:16:08:24 +0600] "GET /cgi-bin/check_session.py HTTP/1.1" 200 141
::1 - - [01/May/2025:16:08:36 +0600] "POST /cgi-bin/get_profile.py HTTP/1.1" 404 196
::1 - - [01/May/2025:16:08:58 +0600] "POST /cgi-bin/search_flights.py HTTP/1.1" 200 3643
::1 - - [01/May/2025:16:09:05 +0600] "GET /static/Design3.1.html HTTP/1.1" 304 -
::1 - - [01/May/2025:16:09:05 +0600] "GET /cgi-bin/check_session.py HTTP/1.1" 200 141
::1 - - [01/May/2025:16:09:06 +0600] "GET /static/Design3.1.html HTTP/1.1" 304 -
::1 - - [01/May/2025:16:09:06 +0600] "GET /cgi-bin/check_session.py HTTP/1.1" 200 141
::1 - - [01/May/2025:16:09:06 +0600] "GET /static/Design3.1.html HTTP/1.1" 304 -
::1 - - [01/May/2025:16:09:06 +0600] "GET /cgi-bin/check_session.py HTTP/1.1" 200 141
::1 - - [01/May/2025:16:09:06 +0600] "GET /static/Design3.1.html HTTP/1.1" 304 -
::1 - - [01/May/2025:16:09:06 +0600] "GET /cgi-bin/check_session.py HTTP/1.1" 200 141
::1 - - [01/May/2025:16:09:07 +0600] "GET /static/Design3.1.html HTTP/1.1" 304 -
::1 - - [01/May/2025:16:09:07 +0600] "GET /cgi-bin/check_session.py HTTP/1.1" 200 141
::1 - - [01/May/2025:16:09:07 +0600] "GET /static/Design3.1.html HTTP/1.1" 304 -
::1 - - [01/May/2025:16:09:07 +0600] "GET /cgi-bin/check_session.py HTTP/1.1" 200 141
::1 - - [01/May/2025:16:09:07 +0600] "GET /static/Design3.1.html HTTP/1.1" 304 -
::1 - - [01/May/2025:16:09:07 +0600] "GET /cgi-bin/check_session.py HTTP/1.1" 200 141
::1 - - [01/May/2025:16:09:07 +0600] "GET /static/Design3.1.html HTTP/1.1" 304 -
::1 - - [01/May/2025:16:09:07 +0600] "GET /cgi-bin/check_session.py HTTP/1.1" 200 141
::1 - - [01/May/2025:16:09:08 +0600] "GET /static/Design3.1.html HTTP/1.1" 304 -
::1 - - [01/May/2025:16:09:08 +0600] "GET /cgi-bin/check_session.py HTTP/1.1" 200 141
::1 - - [01/May/2025:16:09:08 +0600] "GET /static/Design3.1.html HTTP/1.1" 304 -
::1 - - [01/May/2025:16:09:08 +0600] "GET /cgi-bin/check_session.py HTTP/1.1" 200 141
::1 - - [01/May/2025:16:09:08 +0600] "GET /static/Design3.1.html HTTP/1.1" 304 -
::1 - - [01/May/2025:16:09:08 +0600] "GET /cgi-bin/check_session.py HTTP/1.1" 200 141
::1 - - [01/May/2025:16:09:08 +0600] "GET /static/Design3.1.html HTTP/1.1" 304 -
::1 - - [01/May/2025:16:09:08 +0600] "GET /cgi-bin/check_session.py HTTP/1.1" 200 141
::1 - - [01/May/2025:16:09:08 +0600] "GET /static/Design3.1.html HTTP/1.1" 304 -
::1 - - [01/May/2025:16:09:08 +0600] "GET /cgi-bin/check_session.py HTTP/1.1" 200 141
::1 - - [01/May/2025:16:09:09 +0600] "GET /static/Design3.1.html HTTP/1.1" 304 -
::1 - - [01/May/2025:16:09:09 +0600] "GET /cgi-bin/check_session.py HTTP/1.1" 200 141
::1 - - [01/May/2025:16:09:09 +0600] "GET /static/Design3.1.html HTTP/1.1" 304 -
::1 - - [01/May/2025:16:09:09 +0600] "GET /cgi-bin/check_session.py HTTP/1.1" 200 141
::1 - - [01/May/2025:16:09:09 +0600] "GET /static/Design3.1.html HTTP/1.1" 304 -
::1 - - [01/May/2025:16:09:09 +0600] "GET /cgi-bin/check_session.py HTTP/1.1" 200 141
::1 - - [01/May/2025:16:09:09 +0600] "GET /static/Design3.1.html HTTP/1.1" 304 -
::1 - - [01/May/2025:16:09:09 +0600] "GET /cgi-bin/check_session.py HTTP/1.1" 200 141
::1 - - [01/May/2025:16:09:09 +0600] "GET /static/Design3.1.html HTTP/1.1" 304 -
::1 - - [01/May/2025:16:09:09 +0600] "GET /cgi-bin/check_session.py HTTP/1.1" 200 141
::1 - - [01/May/2025:16:09:24 +0600] "GET /static/Design3.1.html HTTP/1.1" 304 -
::1 - - [01/May/2025:16:09:24 +0600] "GET /cgi-bin/check_session.py HTTP/1.1" 200 141
::1 - - [01/May/2025:16:09:25 +0600] "GET /static/Design3.1.html HTTP/1.1" 304 -
::1 - - [01/May/2025:16:09:25 +0600] "GET /cgi-bin/check_session.py HTTP/1.1" 200 141
::1 - - [01/May/2025:16:09:25 +0600] "GET /static/Design3.1.html HTTP/1.1" 304 -
::1 - - [01/May/2025:16:09:25 +0600] "GET /cgi-bin/check_session.py HTTP/1.1" 200 141
::1 - - [01/May/2025:16:09:28 +0600] "GET /static/Design3.1.html HTTP/1.1" 304 -
::1 - - [01/May/2025:16:09:28 +0600] "GET /cgi-bin/check_session.py HTTP/1.1" 200 141
::1 - - [01/May/2025:16:09:28 +0600] "GET /static/Design3.1.html HTTP/1.1" 304 -
::1 - - [01/May/2025:16:09:28 +0600] "GET /cgi-bin/check_session.py HTTP/1.1" 200 141
::1 - - [01/May/2025:16:09:28 +0600] "GET /static/Design3.1.html HTTP/1.1" 304 -
::1 - - [01/May/2025:16:09:28 +0600] "GET /cgi-bin/check_session.py HTTP/1.1" 200 141
::1 - - [01/May/2025:16:09:28 +0600] "GET /static/Design3.1.html HTTP/1.1" 304 -
::1 - - [01/May/2025:16:09:28 +0600] "GET /cgi-bin/check_session.py HTTP/1.1" 200 141
::1 - - [01/May/2025:16:09:29 +0600] "GET /static/Design3.1.html HTTP/1.1" 304 -
::1 - - [01/May/2025:16:09:29 +0600] "GET /cgi-bin/check_session.py HTTP/1.1" 200 141
::1 - - [01/May/2025:16:09:29 +0600] "GET /static/Design3.1.html HTTP/1.1" 304 -
::1 - - [01/May/2025:16:09:29 +0600] "GET /cgi-bin/check_session.py HTTP/1.1" 200 141
::1 - - [01/May/2025:16:09:29 +0600] "GET /static/Design3.1.html HTTP/1.1" 304 -
::1 - - [01/May/2025:16:09:29 +0600] "GET /cgi-bin/check_session.py HTTP/1.1" 200 141
::1 - - [01/May/2025:16:09:29 +0600] "GET /static/Design3.1.html HTTP/1.1" 304 -
::1 - - [01/May/2025:16:09:29 +0600] "GET /cgi-bin/check_session.py HTTP/1.1" 200 141
::1 - - [01/May/2025:16:09:37 +0600] "POST /cgi-bin/search_flights.py HTTP/1.1" 200 2480
::1 - - [01/May/2025:16:09:43 +0600] "POST /cgi-bin/search_flights.py HTTP/1.1" 200 2480
::1 - - [01/May/2025:16:09:49 +0600] "POST /cgi-bin/search_flights.py HTTP/1.1" 200 3641
::1 - - [01/May/2025:16:10:49 +0600] "-" 408 -
::1 - - [01/May/2025:21:28:16 +0600] "GET /static/Design3.1.html HTTP/1.1" 200 20451
::1 - - [01/May/2025:21:28:16 +0600] "GET /favicon.ico HTTP/1.1" 404 196
::1 - - [01/May/2025:21:28:16 +0600] "GET /cgi-bin/check_session.py HTTP/1.1" 200 141
::1 - - [01/May/2025:21:39:48 +0600] "GET /static/Design3.1.html HTTP/1.1" 304 -
::1 - - [01/May/2025:21:39:48 +0600] "GET /cgi-bin/check_session.py HTTP/1.1" 200 141
::1 - - [01/May/2025:21:39:49 +0600] "GET /static/Design3.1.html HTTP/1.1" 304 -
::1 - - [01/May/2025:21:39:49 +0600] "GET /cgi-bin/check_session.py HTTP/1.1" 200 141
::1 - - [01/May/2025:21:39:49 +0600] "GET /static/Design3.1.html HTTP/1.1" 304 -
::1 - - [01/May/2025:21:39:49 +0600] "GET /cgi-bin/check_session.py HTTP/1.1" 200 141
::1 - - [01/May/2025:21:39:49 +0600] "GET /static/Design3.1.html HTTP/1.1" 304 -
::1 - - [01/May/2025:21:39:49 +0600] "GET /cgi-bin/check_session.py HTTP/1.1" 200 141
::1 - - [01/May/2025:21:39:50 +0600] "GET /static/Design3.1.html HTTP/1.1" 304 -
::1 - - [01/May/2025:21:39:50 +0600] "GET /cgi-bin/check_session.py HTTP/1.1" 200 141
::1 - - [01/May/2025:21:39:50 +0600] "GET /static/Design3.1.html HTTP/1.1" 304 -
::1 - - [01/May/2025:21:39:50 +0600] "GET /cgi-bin/check_session.py HTTP/1.1" 200 141
::1 - - [01/May/2025:21:39:50 +0600] "GET /static/Design3.1.html HTTP/1.1" 304 -
::1 - - [01/May/2025:21:39:50 +0600] "GET /cgi-bin/check_session.py HTTP/1.1" 200 141
::1 - - [01/May/2025:21:39:50 +0600] "GET /static/Design3.1.html HTTP/1.1" 304 -
::1 - - [01/May/2025:21:39:50 +0600] "GET /cgi-bin/check_session.py HTTP/1.1" 200 141
::1 - - [01/May/2025:21:39:50 +0600] "GET /static/Design3.1.html HTTP/1.1" 304 -
::1 - - [01/May/2025:21:39:50 +0600] "GET /cgi-bin/check_session.py HTTP/1.1" 200 141
::1 - - [01/May/2025:21:39:51 +0600] "GET /static/Design3.1.html HTTP/1.1" 304 -
::1 - - [01/May/2025:21:39:51 +0600] "GET /cgi-bin/check_session.py HTTP/1.1" 200 141
::1 - - [01/May/2025:21:39:57 +0600] "POST /cgi-bin/search_flights.py HTTP/1.1" 200 3643
::1 - - [01/May/2025:21:40:00 +0600] "GET /cgi-bin/check_session.py HTTP/1.1" 200 141
::1 - - [01/May/2025:21:40:02 +0600] "GET /static/Design3.1.html HTTP/1.1" 304 -
::1 - - [01/May/2025:21:40:02 +0600] "GET /cgi-bin/check_session.py HTTP/1.1" 200 141
::1 - - [01/May/2025:21:40:03 +0600] "GET /static/Design3.1.html HTTP/1.1" 304 -
::1 - - [01/May/2025:21:40:03 +0600] "GET /cgi-bin/check_session.py HTTP/1.1" 200 141
::1 - - [01/May/2025:21:40:03 +0600] "GET /static/Design3.1.html HTTP/1.1" 304 -
::1 - - [01/May/2025:21:40:03 +0600] "GET /cgi-bin/check_session.py HTTP/1.1" 200 141
::1 - - [01/May/2025:21:40:03 +0600] "GET /static/Design3.1.html HTTP/1.1" 304 -
::1 - - [01/May/2025:21:40:03 +0600] "GET /cgi-bin/check_session.py HTTP/1.1" 200 141
::1 - - [01/May/2025:21:40:03 +0600] "GET /static/Design3.1.html HTTP/1.1" 304 -
::1 - - [01/May/2025:21:40:03 +0600] "GET /cgi-bin/check_session.py HTTP/1.1" 200 141
::1 - - [01/May/2025:21:40:03 +0600] "GET /static/Design3.1.html HTTP/1.1" 304 -
::1 - - [01/May/2025:21:40:04 +0600] "GET /cgi-bin/check_session.py HTTP/1.1" 200 141
::1 - - [01/May/2025:21:40:04 +0600] "GET /static/Design3.1.html HTTP/1.1" 304 -
::1 - - [01/May/2025:21:40:04 +0600] "GET /cgi-bin/check_session.py HTTP/1.1" 200 141
::1 - - [01/May/2025:21:40:04 +0600] "GET /static/Design3.1.html HTTP/1.1" 304 -
::1 - - [01/May/2025:21:40:04 +0600] "GET /cgi-bin/check_session.py HTTP/1.1" 200 141
::1 - - [01/May/2025:21:40:17 +0600] "GET /static HTTP/1.1" 301 232
::1 - - [01/May/2025:21:40:17 +0600] "GET /static/ HTTP/1.1" 200 494
::1 - - [01/May/2025:21:40:19 +0600] "GET /cgi-bin/check_session.py HTTP/1.1" 200 141
::1 - - [01/May/2025:21:40:21 +0600] "GET /static/Design3.1.html HTTP/1.1" 304 -
::1 - - [01/May/2025:21:40:21 +0600] "GET /cgi-bin/check_session.py HTTP/1.1" 200 141
::1 - - [01/May/2025:21:40:21 +0600] "GET /static/Design3.1.html HTTP/1.1" 304 -
::1 - - [01/May/2025:21:40:21 +0600] "GET /cgi-bin/check_session.py HTTP/1.1" 200 141
::1 - - [01/May/2025:21:40:21 +0600] "GET /static/Design3.1.html HTTP/1.1" 304 -
::1 - - [01/May/2025:21:40:21 +0600] "GET /cgi-bin/check_session.py HTTP/1.1" 200 141
::1 - - [01/May/2025:21:40:21 +0600] "GET /static/Design3.1.html HTTP/1.1" 304 -
::1 - - [01/May/2025:21:40:21 +0600] "GET /cgi-bin/check_session.py HTTP/1.1" 200 141
::1 - - [01/May/2025:21:40:22 +0600] "GET /static/Design3.1.html HTTP/1.1" 304 -
::1 - - [01/May/2025:21:40:22 +0600] "GET /cgi-bin/check_session.py HTTP/1.1" 200 141
::1 - - [01/May/2025:21:40:22 +0600] "GET /static/Design3.1.html HTTP/1.1" 304 -
::1 - - [01/May/2025:21:40:22 +0600] "GET /cgi-bin/check_session.py HTTP/1.1" 200 141
::1 - - [01/May/2025:21:40:22 +0600] "GET /static/Design3.1.html HTTP/1.1" 304 -
::1 - - [01/May/2025:21:40:22 +0600] "GET /cgi-bin/check_session.py HTTP/1.1" 200 141
::1 - - [01/May/2025:21:40:22 +0600] "GET /static/Design3.1.html HTTP/1.1" 304 -
::1 - - [01/May/2025:21:40:22 +0600] "GET /cgi-bin/check_session.py HTTP/1.1" 200 141
::1 - - [01/May/2025:21:40:33 +0600] "POST /cgi-bin/search_flights.py HTTP/1.1" 200 3643
::1 - - [01/May/2025:21:40:35 +0600] "GET /cgi-bin/check_session.py HTTP/1.1" 200 141
::1 - - [01/May/2025:21:41:33 +0600] "-" 408 -
::1 - - [01/May/2025:21:55:48 +0600] "-" 408 -
::1 - - [01/May/2025:22:02:50 +0600] "GET /user/booking.html HTTP/1.1" 404 196
::1 - - [01/May/2025:22:03:50 +0600] "-" 408 -
::1 - - [01/May/2025:22:03:57 +0600] "GET /user/booking.html HTTP/1.1" 404 196
::1 - - [01/May/2025:22:04:57 +0600] "-" 408 -
::1 - - [01/May/2025:22:19:53 +0600] "POST /cgi-bin/get_profile.py HTTP/1.1" 404 196
::1 - - [01/May/2025:22:23:07 +0600] "GET /static/Design3.1.html HTTP/1.1" 200 29927
::1 - - [01/May/2025:22:23:07 +0600] "GET /cgi-bin/check_session.py HTTP/1.1" 200 141
::1 - - [01/May/2025:22:23:07 +0600] "GET /static/Design3.1.html HTTP/1.1" 304 -
::1 - - [01/May/2025:22:23:07 +0600] "GET /cgi-bin/check_session.py HTTP/1.1" 200 141
::1 - - [01/May/2025:22:23:15 +0600] "POST /cgi-bin/search_flights.py HTTP/1.1" 200 2672
::1 - - [01/May/2025:22:23:19 +0600] "POST /cgi-bin/search_flights.py HTTP/1.1" 200 2672
::1 - - [01/May/2025:22:23:23 +0600] "GET /static/Design3.1.html HTTP/1.1" 304 -
::1 - - [01/May/2025:22:23:23 +0600] "GET /cgi-bin/check_session.py HTTP/1.1" 200 141
::1 - - [01/May/2025:22:23:33 +0600] "POST /cgi-bin/search_flights.py HTTP/1.1" 200 2672
::1 - - [01/May/2025:22:23:42 +0600] "POST /cgi-bin/search_flights.py HTTP/1.1" 200 2672
::1 - - [01/May/2025:22:23:43 +0600] "POST /cgi-bin/search_flights.py HTTP/1.1" 200 2672
::1 - - [01/May/2025:22:23:50 +0600] "POST /cgi-bin/search_flights.py HTTP/1.1" 200 2672
::1 - - [01/May/2025:22:25:12 +0600] "POST /cgi-bin/search_flights.py HTTP/1.1" 200 2672
::1 - - [01/May/2025:22:25:23 +0600] "POST /cgi-bin/search_flights.py HTTP/1.1" 200 2672
::1 - - [01/May/2025:22:30:32 +0600] "GET /static/Design3.1.html HTTP/1.1" 304 -
::1 - - [01/May/2025:22:30:32 +0600] "GET /cgi-bin/check_session.py HTTP/1.1" 200 141
::1 - - [01/May/2025:22:30:33 +0600] "GET /static/Design3.1.html HTTP/1.1" 304 -
::1 - - [01/May/2025:22:30:33 +0600] "GET /cgi-bin/check_session.py HTTP/1.1" 200 141
::1 - - [01/May/2025:22:30:33 +0600] "GET /static/Design3.1.html HTTP/1.1" 304 -
::1 - - [01/May/2025:22:30:33 +0600] "GET /cgi-bin/check_session.py HTTP/1.1" 200 141
::1 - - [01/May/2025:22:30:33 +0600] "GET /static/Design3.1.html HTTP/1.1" 304 -
::1 - - [01/May/2025:22:30:33 +0600] "GET /cgi-bin/check_session.py HTTP/1.1" 200 141
::1 - - [01/May/2025:22:30:33 +0600] "GET /static/Design3.1.html HTTP/1.1" 304 -
::1 - - [01/May/2025:22:30:33 +0600] "GET /cgi-bin/check_session.py HTTP/1.1" 200 141
::1 - - [01/May/2025:22:30:34 +0600] "GET /static/Design3.1.html HTTP/1.1" 304 -
::1 - - [01/May/2025:22:30:34 +0600] "GET /cgi-bin/check_session.py HTTP/1.1" 200 141
::1 - - [01/May/2025:22:30:34 +0600] "GET /static/Design3.1.html HTTP/1.1" 304 -
::1 - - [01/May/2025:22:30:34 +0600] "GET /cgi-bin/check_session.py HTTP/1.1" 200 141
::1 - - [01/May/2025:22:30:34 +0600] "GET /static/Design3.1.html HTTP/1.1" 304 -
::1 - - [01/May/2025:22:30:34 +0600] "GET /cgi-bin/check_session.py HTTP/1.1" 200 141
::1 - - [01/May/2025:22:30:35 +0600] "GET /static/Design3.1.html HTTP/1.1" 304 -
::1 - - [01/May/2025:22:30:35 +0600] "GET /cgi-bin/check_session.py HTTP/1.1" 200 141
::1 - - [01/May/2025:22:30:35 +0600] "GET /static/Design3.1.html HTTP/1.1" 304 -
::1 - - [01/May/2025:22:30:35 +0600] "GET /cgi-bin/check_session.py HTTP/1.1" 200 141
::1 - - [01/May/2025:22:30:35 +0600] "GET /static/Design3.1.html HTTP/1.1" 304 -
::1 - - [01/May/2025:22:30:35 +0600] "GET /cgi-bin/check_session.py HTTP/1.1" 200 141
::1 - - [01/May/2025:22:30:35 +0600] "GET /static/Design3.1.html HTTP/1.1" 304 -
::1 - - [01/May/2025:22:30:35 +0600] "GET /cgi-bin/check_session.py HTTP/1.1" 200 141
::1 - - [01/May/2025:22:30:35 +0600] "GET /static/Design3.1.html HTTP/1.1" 304 -
::1 - - [01/May/2025:22:30:35 +0600] "GET /cgi-bin/check_session.py HTTP/1.1" 200 141
::1 - - [01/May/2025:22:30:43 +0600] "POST /cgi-bin/search_flights.py HTTP/1.1" 200 722
::1 - - [01/May/2025:22:30:53 +0600] "POST /cgi-bin/search_flights.py HTTP/1.1" 200 722
::1 - - [01/May/2025:22:30:57 +0600] "POST /cgi-bin/search_flights.py HTTP/1.1" 200 722
::1 - - [01/May/2025:22:31:03 +0600] "GET /static/Design3.1.html HTTP/1.1" 304 -
::1 - - [01/May/2025:22:31:03 +0600] "GET /cgi-bin/check_session.py HTTP/1.1" 200 141
::1 - - [01/May/2025:22:31:03 +0600] "GET /static/Design3.1.html HTTP/1.1" 304 -
::1 - - [01/May/2025:22:31:03 +0600] "GET /cgi-bin/check_session.py HTTP/1.1" 200 141
::1 - - [01/May/2025:22:31:03 +0600] "GET /static/Design3.1.html HTTP/1.1" 304 -
::1 - - [01/May/2025:22:31:03 +0600] "GET /cgi-bin/check_session.py HTTP/1.1" 200 141
::1 - - [01/May/2025:22:31:03 +0600] "GET /static/Design3.1.html HTTP/1.1" 304 -
::1 - - [01/May/2025:22:31:03 +0600] "GET /cgi-bin/check_session.py HTTP/1.1" 200 141
::1 - - [01/May/2025:22:31:09 +0600] "POST /cgi-bin/search_flights.py HTTP/1.1" 200 722
::1 - - [01/May/2025:22:36:18 +0600] "GET /static/Design3.1.html HTTP/1.1" 304 -
::1 - - [01/May/2025:22:36:18 +0600] "GET /cgi-bin/check_session.py HTTP/1.1" 200 141
::1 - - [01/May/2025:22:36:19 +0600] "GET /static/Design3.1.html HTTP/1.1" 304 -
::1 - - [01/May/2025:22:36:19 +0600] "GET /cgi-bin/check_session.py HTTP/1.1" 200 141
::1 - - [01/May/2025:22:36:19 +0600] "GET /static/Design3.1.html HTTP/1.1" 304 -
::1 - - [01/May/2025:22:36:19 +0600] "GET /cgi-bin/check_session.py HTTP/1.1" 200 141
::1 - - [01/May/2025:22:36:19 +0600] "GET /static/Design3.1.html HTTP/1.1" 304 -
::1 - - [01/May/2025:22:36:19 +0600] "GET /cgi-bin/check_session.py HTTP/1.1" 200 141
::1 - - [01/May/2025:22:36:19 +0600] "GET /static/Design3.1.html HTTP/1.1" 304 -
::1 - - [01/May/2025:22:36:19 +0600] "GET /cgi-bin/check_session.py HTTP/1.1" 200 141
::1 - - [01/May/2025:22:36:19 +0600] "GET /static/Design3.1.html HTTP/1.1" 304 -
::1 - - [01/May/2025:22:36:19 +0600] "GET /cgi-bin/check_session.py HTTP/1.1" 200 141
::1 - - [01/May/2025:22:36:20 +0600] "GET /static/Design3.1.html HTTP/1.1" 304 -
::1 - - [01/May/2025:22:36:20 +0600] "GET /cgi-bin/check_session.py HTTP/1.1" 200 141
::1 - - [01/May/2025:22:36:20 +0600] "GET /static/Design3.1.html HTTP/1.1" 304 -
::1 - - [01/May/2025:22:36:20 +0600] "GET /cgi-bin/check_session.py HTTP/1.1" 200 141
::1 - - [01/May/2025:22:36:20 +0600] "GET /static/Design3.1.html HTTP/1.1" 304 -
::1 - - [01/May/2025:22:36:20 +0600] "GET /cgi-bin/check_session.py HTTP/1.1" 200 141
::1 - - [01/May/2025:22:36:20 +0600] "GET /static/Design3.1.html HTTP/1.1" 304 -
::1 - - [01/May/2025:22:36:20 +0600] "GET /cgi-bin/check_session.py HTTP/1.1" 200 141
::1 - - [01/May/2025:22:36:20 +0600] "GET /static/Design3.1.html HTTP/1.1" 304 -
::1 - - [01/May/2025:22:36:20 +0600] "GET /cgi-bin/check_session.py HTTP/1.1" 200 141
::1 - - [01/May/2025:22:36:31 +0600] "POST /cgi-bin/search_flights.py HTTP/1.1" 200 722
::1 - - [01/May/2025:22:45:05 +0600] "-" 408 -
::1 - - [01/May/2025:22:47:15 +0600] "GET /static/Design3.1.html HTTP/1.1" 200 20451
::1 - - [01/May/2025:22:47:15 +0600] "GET /cgi-bin/check_session.py HTTP/1.1" 200 141
::1 - - [01/May/2025:22:47:16 +0600] "GET /static/Design3.1.html HTTP/1.1" 304 -
::1 - - [01/May/2025:22:47:16 +0600] "GET /cgi-bin/check_session.py HTTP/1.1" 200 141
::1 - - [01/May/2025:22:47:23 +0600] "POST /cgi-bin/search_flights.py HTTP/1.1" 500 530
::1 - - [01/May/2025:22:47:31 +0600] "POST /cgi-bin/search_flights.py HTTP/1.1" 500 530
::1 - - [01/May/2025:22:47:34 +0600] "POST /cgi-bin/search_flights.py HTTP/1.1" 500 530
::1 - - [01/May/2025:22:47:58 +0600] "POST /cgi-bin/search_flights.py HTTP/1.1" 500 530
::1 - - [01/May/2025:22:48:34 +0600] "-" 408 -
::1 - - [01/May/2025:22:48:58 +0600] "-" 408 -
::1 - - [01/May/2025:22:50:39 +0600] "GET /static/Design3.1.html HTTP/1.1" 304 -
::1 - - [01/May/2025:22:50:39 +0600] "GET /cgi-bin/check_session.py HTTP/1.1" 200 141
::1 - - [01/May/2025:22:50:39 +0600] "GET /static/Design3.1.html HTTP/1.1" 304 -
::1 - - [01/May/2025:22:50:39 +0600] "GET /cgi-bin/check_session.py HTTP/1.1" 200 141
::1 - - [01/May/2025:22:50:39 +0600] "GET /static/Design3.1.html HTTP/1.1" 304 -
::1 - - [01/May/2025:22:50:39 +0600] "GET /cgi-bin/check_session.py HTTP/1.1" 200 141
::1 - - [01/May/2025:22:50:39 +0600] "GET /static/Design3.1.html HTTP/1.1" 304 -
::1 - - [01/May/2025:22:50:39 +0600] "GET /cgi-bin/check_session.py HTTP/1.1" 200 141
::1 - - [01/May/2025:22:50:40 +0600] "GET /static/Design3.1.html HTTP/1.1" 304 -
::1 - - [01/May/2025:22:50:40 +0600] "GET /cgi-bin/check_session.py HTTP/1.1" 200 141
::1 - - [01/May/2025:22:50:40 +0600] "GET /static/Design3.1.html HTTP/1.1" 304 -
::1 - - [01/May/2025:22:50:40 +0600] "GET /cgi-bin/check_session.py HTTP/1.1" 200 141
::1 - - [01/May/2025:22:50:40 +0600] "GET /static/Design3.1.html HTTP/1.1" 304 -
::1 - - [01/May/2025:22:50:40 +0600] "GET /cgi-bin/check_session.py HTTP/1.1" 200 141
::1 - - [01/May/2025:22:50:45 +0600] "GET /static/Design3.1.html HTTP/1.1" 304 -
::1 - - [01/May/2025:22:50:45 +0600] "GET /cgi-bin/check_session.py HTTP/1.1" 200 141
::1 - - [01/May/2025:22:50:45 +0600] "GET /static/Design3.1.html HTTP/1.1" 304 -
::1 - - [01/May/2025:22:50:45 +0600] "GET /cgi-bin/check_session.py HTTP/1.1" 200 141
::1 - - [01/May/2025:22:50:53 +0600] "POST /cgi-bin/search_flights.py HTTP/1.1" 500 530
::1 - - [01/May/2025:22:51:25 +0600] "POST /cgi-bin/search_flights.py HTTP/1.1" 500 530
::1 - - [01/May/2025:22:52:25 +0600] "-" 408 -
::1 - - [01/May/2025:22:52:25 +0600] "-" 408 -
::1 - - [01/May/2025:22:56:37 +0600] "GET /static/Design3.1.html HTTP/1.1" 304 -
::1 - - [01/May/2025:22:56:37 +0600] "GET /cgi-bin/check_session.py HTTP/1.1" 200 141
::1 - - [01/May/2025:22:56:38 +0600] "GET /static/Design3.1.html HTTP/1.1" 304 -
::1 - - [01/May/2025:22:56:38 +0600] "GET /cgi-bin/check_session.py HTTP/1.1" 200 141
::1 - - [01/May/2025:22:56:38 +0600] "GET /static/Design3.1.html HTTP/1.1" 304 -
::1 - - [01/May/2025:22:56:38 +0600] "GET /cgi-bin/check_session.py HTTP/1.1" 200 141
::1 - - [01/May/2025:22:56:38 +0600] "GET /static/Design3.1.html HTTP/1.1" 304 -
::1 - - [01/May/2025:22:56:38 +0600] "GET /cgi-bin/check_session.py HTTP/1.1" 200 141
::1 - - [01/May/2025:22:56:38 +0600] "GET /static/Design3.1.html HTTP/1.1" 304 -
::1 - - [01/May/2025:22:56:38 +0600] "GET /cgi-bin/check_session.py HTTP/1.1" 200 141
::1 - - [01/May/2025:22:56:40 +0600] "GET /static/Design3.1.html HTTP/1.1" 304 -
::1 - - [01/May/2025:22:56:40 +0600] "GET /cgi-bin/check_session.py HTTP/1.1" 200 141
::1 - - [01/May/2025:22:56:40 +0600] "GET /static/Design3.1.html HTTP/1.1" 304 -
::1 - - [01/May/2025:22:56:40 +0600] "GET /cgi-bin/check_session.py HTTP/1.1" 200 141
::1 - - [01/May/2025:22:56:40 +0600] "GET /static/Design3.1.html HTTP/1.1" 304 -
::1 - - [01/May/2025:22:56:40 +0600] "GET /cgi-bin/check_session.py HTTP/1.1" 200 141
::1 - - [01/May/2025:22:56:48 +0600] "POST /cgi-bin/search_flights.py HTTP/1.1" 200 3643
::1 - - [01/May/2025:22:56:56 +0600] "GET /cgi-bin/check_session.py HTTP/1.1" 200 141
::1 - - [01/May/2025:22:57:15 +0600] "POST /cgi-bin/search_flights.py HTTP/1.1" 200 3643
::1 - - [02/May/2025:00:17:20 +0600] "-" 408 -
::1 - - [02/May/2025:16:18:30 +0600] "GET / HTTP/1.1" 200 237
::1 - - [02/May/2025:16:18:31 +0600] "GET /favicon.ico HTTP/1.1" 404 196
::1 - - [02/May/2025:16:18:34 +0600] "GET /static/ HTTP/1.1" 200 546
::1 - - [02/May/2025:16:19:30 +0600] "-" 408 -
::1 - - [02/May/2025:23:19:32 +0600] "GET / HTTP/1.1" 200 237
::1 - - [02/May/2025:23:19:37 +0600] "GET /logs/ HTTP/1.1" 200 326
::1 - - [02/May/2025:23:19:40 +0600] "GET /static/ HTTP/1.1" 200 546
::1 - - [02/May/2025:23:19:41 +0600] "GET /static/Design3.1.html HTTP/1.1" 304 -
::1 - - [02/May/2025:23:19:41 +0600] "GET /cgi-bin/check_session.py HTTP/1.1" 200 16
::1 - - [02/May/2025:23:19:49 +0600] "POST /cgi-bin/search_flights.py HTTP/1.1" 200 3649
::1 - - [02/May/2025:23:19:50 +0600] "GET /cgi-bin/check_session.py HTTP/1.1" 200 16
::1 - - [02/May/2025:23:20:49 +0600] "-" 408 -
::1 - - [02/May/2025:23:27:58 +0600] "GET /static/Design3.1.html HTTP/1.1" 200 17360
::1 - - [02/May/2025:23:28:11 +0600] "POST /cgi-bin/search_flights.py HTTP/1.1" 200 3614
::1 - - [02/May/2025:23:28:19 +0600] "GET /static/Design3.1.html HTTP/1.1" 304 -
::1 - - [02/May/2025:23:29:19 +0600] "-" 408 -
::1 - - [02/May/2025:23:37:22 +0600] "GET /static/Design3.1.html HTTP/1.1" 200 26837
::1 - - [02/May/2025:23:37:23 +0600] "GET /static/Design3.1.html HTTP/1.1" 304 -
::1 - - [02/May/2025:23:37:23 +0600] "GET /static/Design3.1.html HTTP/1.1" 304 -
::1 - - [02/May/2025:23:37:23 +0600] "GET /static/Design3.1.html HTTP/1.1" 304 -
::1 - - [02/May/2025:23:37:23 +0600] "GET /static/Design3.1.html HTTP/1.1" 304 -
::1 - - [02/May/2025:23:37:32 +0600] "POST /cgi-bin/search_flights.py HTTP/1.1" 200 34
::1 - - [02/May/2025:23:37:33 +0600] "POST /cgi-bin/search_flights.py HTTP/1.1" 200 34
::1 - - [02/May/2025:23:37:37 +0600] "POST /cgi-bin/search_flights.py HTTP/1.1" 200 34
::1 - - [02/May/2025:23:37:38 +0600] "POST /cgi-bin/search_flights.py HTTP/1.1" 200 34
::1 - - [02/May/2025:23:37:48 +0600] "POST /cgi-bin/search_flights.py HTTP/1.1" 200 34
::1 - - [02/May/2025:23:37:48 +0600] "POST /cgi-bin/search_flights.py HTTP/1.1" 200 34
::1 - - [02/May/2025:23:37:52 +0600] "POST /cgi-bin/search_flights.py HTTP/1.1" 200 34
::1 - - [02/May/2025:23:37:52 +0600] "POST /cgi-bin/search_flights.py HTTP/1.1" 200 34
::1 - - [02/May/2025:23:38:23 +0600] "GET /static/Design3.1.html HTTP/1.1" 304 -
::1 - - [02/May/2025:23:38:44 +0600] "POST /cgi-bin/search_flights.py HTTP/1.1" 200 245
::1 - - [02/May/2025:23:38:45 +0600] "POST /cgi-bin/search_flights.py HTTP/1.1" 200 245
::1 - - [02/May/2025:23:38:46 +0600] "POST /cgi-bin/search_flights.py HTTP/1.1" 200 245
::1 - - [02/May/2025:23:38:50 +0600] "POST /cgi-bin/search_flights.py HTTP/1.1" 200 34
::1 - - [02/May/2025:23:38:50 +0600] "POST /cgi-bin/search_flights.py HTTP/1.1" 200 34
::1 - - [02/May/2025:23:39:11 +0600] "POST /cgi-bin/search_flights.py HTTP/1.1" 200 34
::1 - - [02/May/2025:23:39:11 +0600] "POST /cgi-bin/search_flights.py HTTP/1.1" 200 34
::1 - - [02/May/2025:23:39:11 +0600] "POST /cgi-bin/search_flights.py HTTP/1.1" 200 34
::1 - - [02/May/2025:23:39:11 +0600] "POST /cgi-bin/search_flights.py HTTP/1.1" 200 34
::1 - - [02/May/2025:23:39:12 +0600] "POST /cgi-bin/search_flights.py HTTP/1.1" 200 34
::1 - - [02/May/2025:23:39:12 +0600] "POST /cgi-bin/search_flights.py HTTP/1.1" 200 34
::1 - - [02/May/2025:23:39:17 +0600] "POST /cgi-bin/search_flights.py HTTP/1.1" 200 34
::1 - - [02/May/2025:23:39:19 +0600] "POST /cgi-bin/search_flights.py HTTP/1.1" 200 34
::1 - - [02/May/2025:23:39:19 +0600] "POST /cgi-bin/search_flights.py HTTP/1.1" 200 34
::1 - - [02/May/2025:23:39:19 +0600] "POST /cgi-bin/search_flights.py HTTP/1.1" 200 34
::1 - - [02/May/2025:23:39:19 +0600] "POST /cgi-bin/search_flights.py HTTP/1.1" 200 34
::1 - - [02/May/2025:23:39:20 +0600] "POST /cgi-bin/search_flights.py HTTP/1.1" 200 34
::1 - - [02/May/2025:23:39:20 +0600] "POST /cgi-bin/search_flights.py HTTP/1.1" 200 34
::1 - - [02/May/2025:23:39:20 +0600] "POST /cgi-bin/search_flights.py HTTP/1.1" 200 34
::1 - - [02/May/2025:23:39:44 +0600] "GET /static/login.html HTTP/1.1" 404 196
::1 - - [02/May/2025:23:39:48 +0600] "GET /static/Design3.1.html HTTP/1.1" 304 -
::1 - - [02/May/2025:23:39:49 +0600] "GET /static/Design3.1.html HTTP/1.1" 304 -
::1 - - [02/May/2025:23:39:49 +0600] "GET /static/Design3.1.html HTTP/1.1" 304 -
::1 - - [02/May/2025:23:39:49 +0600] "GET /static/Design3.1.html HTTP/1.1" 304 -
::1 - - [02/May/2025:23:39:50 +0600] "GET /static/Design3.1.html HTTP/1.1" 304 -
::1 - - [02/May/2025:23:39:50 +0600] "GET /static/Design3.1.html HTTP/1.1" 304 -
::1 - - [02/May/2025:23:39:50 +0600] "GET /static/Design3.1.html HTTP/1.1" 304 -
::1 - - [02/May/2025:23:39:57 +0600] "POST /cgi-bin/search_flights.py HTTP/1.1" 200 34
::1 - - [02/May/2025:23:39:59 +0600] "POST /cgi-bin/search_flights.py HTTP/1.1" 200 34
::1 - - [02/May/2025:23:40:00 +0600] "POST /cgi-bin/search_flights.py HTTP/1.1" 200 34
::1 - - [02/May/2025:23:56:40 +0600] "GET /static/Design3.1.html HTTP/1.1" 304 -
::1 - - [02/May/2025:23:56:40 +0600] "GET /static/Design3.1.html HTTP/1.1" 304 -
::1 - - [02/May/2025:23:56:40 +0600] "GET /static/Design3.1.html HTTP/1.1" 304 -
::1 - - [02/May/2025:23:56:41 +0600] "GET /static/Design3.1.html HTTP/1.1" 304 -
::1 - - [02/May/2025:23:56:41 +0600] "GET /static/Design3.1.html HTTP/1.1" 304 -
::1 - - [02/May/2025:23:56:41 +0600] "GET /static/Design3.1.html HTTP/1.1" 304 -
::1 - - [02/May/2025:23:56:41 +0600] "GET /static/Design3.1.html HTTP/1.1" 304 -
::1 - - [02/May/2025:23:56:41 +0600] "GET /static/Design3.1.html HTTP/1.1" 304 -
::1 - - [02/May/2025:23:56:42 +0600] "GET /static/Design3.1.html HTTP/1.1" 304 -
::1 - - [02/May/2025:23:56:42 +0600] "GET /static/Design3.1.html HTTP/1.1" 304 -
::1 - - [02/May/2025:23:56:42 +0600] "GET /static/Design3.1.html HTTP/1.1" 304 -
::1 - - [02/May/2025:23:56:43 +0600] "GET /static/Design3.1.html HTTP/1.1" 304 -
::1 - - [02/May/2025:23:56:43 +0600] "GET /static/Design3.1.html HTTP/1.1" 304 -
::1 - - [02/May/2025:23:56:43 +0600] "GET /static/Design3.1.html HTTP/1.1" 304 -
::1 - - [02/May/2025:23:56:43 +0600] "GET /static/Design3.1.html HTTP/1.1" 304 -
::1 - - [02/May/2025:23:56:43 +0600] "GET /static/Design3.1.html HTTP/1.1" 304 -
::1 - - [02/May/2025:23:57:00 +0600] "POST /cgi-bin/search_flights.py HTTP/1.1" 200 -
::1 - - [02/May/2025:23:57:19 +0600] "POST /cgi-bin/search_flights.py HTTP/1.1" 200 -
::1 - - [02/May/2025:23:57:29 +0600] "POST /cgi-bin/search_flights.py HTTP/1.1" 200 -
::1 - - [02/May/2025:23:58:05 +0600] "POST /cgi-bin/search_flights.py HTTP/1.1" 200 -
::1 - - [02/May/2025:23:58:39 +0600] "POST /cgi-bin/search_flights.py HTTP/1.1" 200 -
::1 - - [03/May/2025:00:08:21 +0600] "GET /static/Design3.1.html HTTP/1.1" 200 20281
::1 - - [03/May/2025:00:08:21 +0600] "GET /static/Design3.1.html HTTP/1.1" 304 -
::1 - - [03/May/2025:00:08:22 +0600] "GET /static/Design3.1.html HTTP/1.1" 304 -
::1 - - [03/May/2025:00:08:22 +0600] "GET /static/Design3.1.html HTTP/1.1" 304 -
::1 - - [03/May/2025:00:08:22 +0600] "GET /static/Design3.1.html HTTP/1.1" 304 -
::1 - - [03/May/2025:00:08:45 +0600] "POST /cgi-bin/search_flights.py HTTP/1.1" 200 -
::1 - - [03/May/2025:00:15:12 +0600] "GET /static/Design3.1.html HTTP/1.1" 304 -
::1 - - [03/May/2025:00:15:12 +0600] "GET /static/Design3.1.html HTTP/1.1" 304 -
::1 - - [03/May/2025:00:15:12 +0600] "GET /static/Design3.1.html HTTP/1.1" 304 -
::1 - - [03/May/2025:00:15:13 +0600] "GET /static/Design3.1.html HTTP/1.1" 304 -
::1 - - [03/May/2025:00:15:29 +0600] "POST /cgi-bin/search_flights.py HTTP/1.1" 200 232
::1 - - [03/May/2025:00:15:30 +0600] "POST /cgi-bin/search_flights.py HTTP/1.1" 200 232
::1 - - [03/May/2025:00:15:32 +0600] "POST /cgi-bin/search_flights.py HTTP/1.1" 200 232
::1 - - [03/May/2025:00:15:32 +0600] "POST /cgi-bin/search_flights.py HTTP/1.1" 200 232
::1 - - [03/May/2025:00:15:36 +0600] "POST /cgi-bin/search_flights.py HTTP/1.1" 200 232
::1 - - [03/May/2025:00:15:36 +0600] "POST /cgi-bin/search_flights.py HTTP/1.1" 200 232
::1 - - [03/May/2025:00:15:39 +0600] "POST /cgi-bin/search_flights.py HTTP/1.1" 200 232
::1 - - [03/May/2025:00:15:39 +0600] "POST /cgi-bin/search_flights.py HTTP/1.1" 200 232
::1 - - [03/May/2025:00:16:42 +0600] "POST /cgi-bin/search_flights.py HTTP/1.1" 200 232
::1 - - [03/May/2025:00:16:44 +0600] "GET /static/Design3.1.html HTTP/1.1" 304 -
::1 - - [03/May/2025:00:16:52 +0600] "POST /cgi-bin/search_flights.py HTTP/1.1" 200 232
::1 - - [03/May/2025:00:16:53 +0600] "POST /cgi-bin/search_flights.py HTTP/1.1" 200 232
::1 - - [03/May/2025:00:39:03 +0600] "GET /static/Design3.1.html HTTP/1.1" 304 -
::1 - - [03/May/2025:00:39:03 +0600] "GET /static/Design3.1.html HTTP/1.1" 304 -
::1 - - [03/May/2025:00:39:04 +0600] "GET /static/Design3.1.html HTTP/1.1" 304 -
::1 - - [03/May/2025:00:39:04 +0600] "GET /static/Design3.1.html HTTP/1.1" 304 -
::1 - - [03/May/2025:00:39:04 +0600] "GET /static/Design3.1.html HTTP/1.1" 304 -
::1 - - [03/May/2025:00:39:04 +0600] "GET /static/Design3.1.html HTTP/1.1" 304 -
::1 - - [03/May/2025:00:39:04 +0600] "GET /static/Design3.1.html HTTP/1.1" 304 -
::1 - - [03/May/2025:00:39:04 +0600] "GET /static/Design3.1.html HTTP/1.1" 304 -
::1 - - [03/May/2025:00:39:04 +0600] "GET /static/Design3.1.html HTTP/1.1" 304 -
::1 - - [03/May/2025:00:39:26 +0600] "POST /cgi-bin/search_flights.py HTTP/1.1" 200 1206
::1 - - [03/May/2025:00:47:11 +0600] "GET /static/Design3.1.html HTTP/1.1" 200 20712
::1 - - [03/May/2025:00:47:12 +0600] "GET /static/Design3.1.html HTTP/1.1" 304 -
::1 - - [03/May/2025:00:47:12 +0600] "GET /static/Design3.1.html HTTP/1.1" 304 -
::1 - - [03/May/2025:00:47:12 +0600] "GET /static/Design3.1.html HTTP/1.1" 304 -
::1 - - [03/May/2025:00:47:12 +0600] "GET /static/Design3.1.html HTTP/1.1" 304 -
::1 - - [03/May/2025:00:47:21 +0600] "POST /cgi-bin/search_flights.py HTTP/1.1" 504 247
::1 - - [03/May/2025:00:48:56 +0600] "POST /cgi-bin/search_flights.py HTTP/1.1" 504 247
::1 - - [03/May/2025:00:49:01 +0600] "POST /cgi-bin/search_flights.py HTTP/1.1" 504 247
::1 - - [03/May/2025:00:49:36 +0600] "POST /cgi-bin/search_flights.py HTTP/1.1" 504 247
::1 - - [03/May/2025:00:51:39 +0600] "GET /static/login.html HTTP/1.1" 404 196
::1 - - [03/May/2025:00:52:39 +0600] "-" 408 -
::1 - - [03/May/2025:00:57:11 +0600] "GET /static/Design3.1.html HTTP/1.1" 304 -
::1 - - [03/May/2025:00:57:12 +0600] "GET /static/Design3.1.html HTTP/1.1" 304 -
::1 - - [03/May/2025:00:57:12 +0600] "GET /static/Design3.1.html HTTP/1.1" 304 -
::1 - - [03/May/2025:00:57:16 +0600] "GET /static/Design3.1.html HTTP/1.1" 304 -
::1 - - [03/May/2025:00:57:16 +0600] "GET /static/Design3.1.html HTTP/1.1" 304 -
::1 - - [03/May/2025:00:57:16 +0600] "GET /static/Design3.1.html HTTP/1.1" 304 -
::1 - - [03/May/2025:00:57:16 +0600] "GET /static/Design3.1.html HTTP/1.1" 304 -
::1 - - [03/May/2025:00:57:17 +0600] "GET /static/Design3.1.html HTTP/1.1" 304 -
::1 - - [03/May/2025:00:57:17 +0600] "GET /static/Design3.1.html HTTP/1.1" 304 -
::1 - - [03/May/2025:00:57:17 +0600] "GET /static/Design3.1.html HTTP/1.1" 304 -
::1 - - [03/May/2025:00:57:17 +0600] "GET /static/Design3.1.html HTTP/1.1" 304 -
::1 - - [03/May/2025:00:57:23 +0600] "POST /cgi-bin/search_flights.py HTTP/1.1" 504 247
::1 - - [03/May/2025:00:58:02 +0600] "POST /cgi-bin/search_flights.py HTTP/1.1" 504 247
::1 - - [03/May/2025:00:58:03 +0600] "POST /cgi-bin/search_flights.py HTTP/1.1" 504 247
::1 - - [03/May/2025:01:00:43 +0600] "GET /static/Design3.1.html HTTP/1.1" 304 -
::1 - - [03/May/2025:01:00:43 +0600] "GET /static/Design3.1.html HTTP/1.1" 304 -
::1 - - [03/May/2025:01:00:44 +0600] "GET /static/Design3.1.html HTTP/1.1" 304 -
::1 - - [03/May/2025:01:00:44 +0600] "GET /static/Design3.1.html HTTP/1.1" 304 -
::1 - - [03/May/2025:01:00:44 +0600] "GET /static/Design3.1.html HTTP/1.1" 304 -
::1 - - [03/May/2025:01:00:51 +0600] "POST /cgi-bin/search_flights.py HTTP/1.1" 504 247
::1 - - [03/May/2025:01:04:50 +0600] "GET /static/Design3.1.html HTTP/1.1" 304 -
::1 - - [03/May/2025:01:04:50 +0600] "GET /static/Design3.1.html HTTP/1.1" 304 -
::1 - - [03/May/2025:01:04:50 +0600] "GET /static/Design3.1.html HTTP/1.1" 304 -
::1 - - [03/May/2025:01:04:50 +0600] "GET /static/Design3.1.html HTTP/1.1" 304 -
::1 - - [03/May/2025:01:04:50 +0600] "GET /static/Design3.1.html HTTP/1.1" 304 -
::1 - - [03/May/2025:01:04:51 +0600] "GET /static/Design3.1.html HTTP/1.1" 304 -
::1 - - [03/May/2025:01:04:51 +0600] "GET /static/Design3.1.html HTTP/1.1" 304 -
::1 - - [03/May/2025:01:04:51 +0600] "GET /static/Design3.1.html HTTP/1.1" 304 -
::1 - - [03/May/2025:01:04:51 +0600] "GET /static/Design3.1.html HTTP/1.1" 304 -
::1 - - [03/May/2025:01:04:51 +0600] "GET /static/Design3.1.html HTTP/1.1" 304 -
::1 - - [03/May/2025:01:04:51 +0600] "GET /static/Design3.1.html HTTP/1.1" 304 -
::1 - - [03/May/2025:01:04:59 +0600] "POST /cgi-bin/search_flights.py HTTP/1.1" 504 247
::1 - - [03/May/2025:01:07:16 +0600] "GET /static/Design3.1.html HTTP/1.1" 200 20281
::1 - - [03/May/2025:01:07:16 +0600] "GET /static/Design3.1.html HTTP/1.1" 304 -
::1 - - [03/May/2025:01:07:16 +0600] "GET /static/Design3.1.html HTTP/1.1" 304 -
::1 - - [03/May/2025:01:07:16 +0600] "GET /static/Design3.1.html HTTP/1.1" 304 -
::1 - - [03/May/2025:01:07:17 +0600] "GET /static/Design3.1.html HTTP/1.1" 304 -
::1 - - [03/May/2025:01:07:17 +0600] "GET /static/Design3.1.html HTTP/1.1" 304 -
::1 - - [03/May/2025:01:07:17 +0600] "GET /static/Design3.1.html HTTP/1.1" 304 -
::1 - - [03/May/2025:01:07:17 +0600] "GET /static/Design3.1.html HTTP/1.1" 304 -
::1 - - [03/May/2025:01:07:17 +0600] "GET /static/Design3.1.html HTTP/1.1" 304 -
::1 - - [03/May/2025:01:07:18 +0600] "GET /static/Design3.1.html HTTP/1.1" 304 -
::1 - - [03/May/2025:01:07:18 +0600] "GET /static/Design3.1.html HTTP/1.1" 304 -
::1 - - [03/May/2025:01:07:18 +0600] "GET /static/Design3.1.html HTTP/1.1" 304 -
::1 - - [03/May/2025:01:07:18 +0600] "GET /static/Design3.1.html HTTP/1.1" 304 -
::1 - - [03/May/2025:01:07:29 +0600] "POST /cgi-bin/search_flights.py HTTP/1.1" 504 247
::1 - - [03/May/2025:01:17:17 +0600] "GET /static/Design3.1.html HTTP/1.1" 200 20281
::1 - - [03/May/2025:01:17:18 +0600] "GET /static/Design3.1.html HTTP/1.1" 304 -
::1 - - [03/May/2025:01:17:18 +0600] "GET /static/Design3.1.html HTTP/1.1" 304 -
::1 - - [03/May/2025:01:17:18 +0600] "GET /static/Design3.1.html HTTP/1.1" 304 -
::1 - - [03/May/2025:01:17:18 +0600] "GET /static/Design3.1.html HTTP/1.1" 304 -
::1 - - [03/May/2025:01:17:19 +0600] "GET /static/Design3.1.html HTTP/1.1" 304 -
::1 - - [03/May/2025:01:17:26 +0600] "POST /cgi-bin/search_flights.py HTTP/1.1" 200 232
::1 - - [03/May/2025:01:17:27 +0600] "POST /cgi-bin/search_flights.py HTTP/1.1" 200 232
::1 - - [03/May/2025:01:17:28 +0600] "POST /cgi-bin/search_flights.py HTTP/1.1" 200 232
::1 - - [03/May/2025:01:18:23 +0600] "GET /static/Design3.1.html HTTP/1.1" 200 20656
::1 - - [03/May/2025:01:18:23 +0600] "GET /static/Design3.1.html HTTP/1.1" 304 -
::1 - - [03/May/2025:01:18:23 +0600] "GET /static/Design3.1.html HTTP/1.1" 304 -
::1 - - [03/May/2025:01:18:24 +0600] "GET /static/Design3.1.html HTTP/1.1" 304 -
::1 - - [03/May/2025:01:18:24 +0600] "GET /static/Design3.1.html HTTP/1.1" 304 -
::1 - - [03/May/2025:01:18:24 +0600] "GET /static/Design3.1.html HTTP/1.1" 304 -
::1 - - [03/May/2025:01:18:25 +0600] "GET /static/Design3.1.html HTTP/1.1" 304 -
::1 - - [03/May/2025:01:18:25 +0600] "GET /static/Design3.1.html HTTP/1.1" 304 -
::1 - - [03/May/2025:01:18:25 +0600] "GET /static/Design3.1.html HTTP/1.1" 304 -
::1 - - [03/May/2025:01:18:25 +0600] "GET /static/Design3.1.html HTTP/1.1" 304 -
::1 - - [03/May/2025:01:18:32 +0600] "POST /cgi-bin/search_flights.py HTTP/1.1" 200 232
::1 - - [03/May/2025:01:18:33 +0600] "POST /cgi-bin/search_flights.py HTTP/1.1" 200 232
::1 - - [03/May/2025:01:18:33 +0600] "POST /cgi-bin/search_flights.py HTTP/1.1" 200 232
::1 - - [03/May/2025:01:18:34 +0600] "POST /cgi-bin/search_flights.py HTTP/1.1" 200 232
::1 - - [03/May/2025:01:18:34 +0600] "POST /cgi-bin/search_flights.py HTTP/1.1" 200 232
::1 - - [03/May/2025:01:18:34 +0600] "POST /cgi-bin/search_flights.py HTTP/1.1" 200 232
::1 - - [03/May/2025:01:18:34 +0600] "POST /cgi-bin/search_flights.py HTTP/1.1" 200 232
::1 - - [03/May/2025:01:18:35 +0600] "POST /cgi-bin/search_flights.py HTTP/1.1" 200 232
::1 - - [03/May/2025:01:24:57 +0600] "GET /static/Design3.1.html HTTP/1.1" 304 -
::1 - - [03/May/2025:01:24:57 +0600] "GET /static/Design3.1.html HTTP/1.1" 304 -
::1 - - [03/May/2025:01:24:57 +0600] "GET /static/Design3.1.html HTTP/1.1" 304 -
::1 - - [03/May/2025:01:24:58 +0600] "GET /static/Design3.1.html HTTP/1.1" 304 -
::1 - - [03/May/2025:01:24:58 +0600] "GET /static/Design3.1.html HTTP/1.1" 304 -
::1 - - [03/May/2025:01:25:06 +0600] "POST /cgi-bin/search_flights.py HTTP/1.1" 200 2011
::1 - - [03/May/2025:01:45:29 +0600] "GET /static/Design3.1.html HTTP/1.1" 304 -
::1 - - [03/May/2025:01:45:29 +0600] "GET /static/Design3.1.html HTTP/1.1" 304 -
::1 - - [03/May/2025:01:45:38 +0600] "POST /cgi-bin/search_flights.py HTTP/1.1" 500 530
::1 - - [03/May/2025:01:45:41 +0600] "POST /cgi-bin/search_flights.py HTTP/1.1" 500 530
::1 - - [03/May/2025:01:45:45 +0600] "POST /cgi-bin/search_flights.py HTTP/1.1" 500 530
::1 - - [03/May/2025:01:45:52 +0600] "POST /cgi-bin/search_flights.py HTTP/1.1" 500 530
::1 - - [03/May/2025:01:50:26 +0600] "GET /static/Design3.1.html HTTP/1.1" 304 -
::1 - - [03/May/2025:01:50:26 +0600] "GET /static/Design3.1.html HTTP/1.1" 304 -
::1 - - [03/May/2025:01:50:27 +0600] "GET /static/Design3.1.html HTTP/1.1" 304 -
::1 - - [03/May/2025:01:50:33 +0600] "GET /static/Design3.1.html HTTP/1.1" 304 -
::1 - - [03/May/2025:01:50:34 +0600] "GET /static/Design3.1.html HTTP/1.1" 304 -
::1 - - [03/May/2025:01:50:40 +0600] "POST /cgi-bin/search_flights.py HTTP/1.1" 200 34
::1 - - [03/May/2025:01:50:55 +0600] "POST /cgi-bin/search_flights.py HTTP/1.1" 200 34
::1 - - [03/May/2025:01:50:59 +0600] "POST /cgi-bin/search_flights.py HTTP/1.1" 200 34
::1 - - [03/May/2025:01:51:08 +0600] "POST /cgi-bin/search_flights.py HTTP/1.1" 200 34
::1 - - [03/May/2025:01:51:20 +0600] "POST /cgi-bin/search_flights.py HTTP/1.1" 200 34
::1 - - [03/May/2025:01:51:22 +0600] "POST /cgi-bin/search_flights.py HTTP/1.1" 200 34
::1 - - [03/May/2025:01:51:52 +0600] "GET /static/Design3.1.html HTTP/1.1" 304 -
::1 - - [03/May/2025:01:51:53 +0600] "GET /static/Design3.1.html HTTP/1.1" 304 -
::1 - - [03/May/2025:01:51:53 +0600] "GET /static/Design3.1.html HTTP/1.1" 304 -
::1 - - [03/May/2025:01:51:53 +0600] "GET /static/Design3.1.html HTTP/1.1" 304 -
::1 - - [03/May/2025:01:52:06 +0600] "POST /cgi-bin/search_flights.py HTTP/1.1" 200 34
::1 - - [03/May/2025:01:52:10 +0600] "POST /cgi-bin/search_flights.py HTTP/1.1" 200 34
::1 - - [03/May/2025:01:52:17 +0600] "POST /cgi-bin/search_flights.py HTTP/1.1" 200 34
::1 - - [03/May/2025:02:01:12 +0600] "GET /static/Design3.1.html HTTP/1.1" 304 -
::1 - - [03/May/2025:02:01:12 +0600] "GET /static/Design3.1.html HTTP/1.1" 304 -
::1 - - [03/May/2025:02:01:12 +0600] "GET /static/Design3.1.html HTTP/1.1" 304 -
::1 - - [03/May/2025:02:01:13 +0600] "GET /static/Design3.1.html HTTP/1.1" 304 -
::1 - - [03/May/2025:02:01:13 +0600] "GET /static/Design3.1.html HTTP/1.1" 304 -
::1 - - [03/May/2025:02:01:13 +0600] "GET /static/Design3.1.html HTTP/1.1" 304 -
::1 - - [03/May/2025:02:01:18 +0600] "POST /cgi-bin/search_flights.py HTTP/1.1" 200 34
::1 - - [03/May/2025:02:08:14 +0600] "GET /static/Design3.1.html HTTP/1.1" 304 -
::1 - - [03/May/2025:02:08:15 +0600] "GET /static/Design3.1.html HTTP/1.1" 304 -
::1 - - [03/May/2025:02:08:15 +0600] "GET /static/Design3.1.html HTTP/1.1" 304 -
::1 - - [03/May/2025:02:08:15 +0600] "GET /static/Design3.1.html HTTP/1.1" 304 -
::1 - - [03/May/2025:02:08:15 +0600] "GET /static/Design3.1.html HTTP/1.1" 304 -
::1 - - [03/May/2025:02:08:15 +0600] "GET /static/Design3.1.html HTTP/1.1" 304 -
::1 - - [03/May/2025:02:08:21 +0600] "POST /cgi-bin/search_flights.py HTTP/1.1" 200 34
::1 - - [03/May/2025:02:08:26 +0600] "POST /cgi-bin/search_flights.py HTTP/1.1" 200 34
::1 - - [03/May/2025:02:09:13 +0600] "POST /cgi-bin/search_flights.py HTTP/1.1" 200 34
::1 - - [03/May/2025:02:11:16 +0600] "POST /cgi-bin/search_flights.py HTTP/1.1" 200 34
::1 - - [03/May/2025:02:11:21 +0600] "POST /cgi-bin/search_flights.py HTTP/1.1" 200 34
::1 - - [03/May/2025:02:12:26 +0600] "GET /static/Design3.1.html HTTP/1.1" 304 -
::1 - - [03/May/2025:02:12:27 +0600] "GET /static/Design3.1.html HTTP/1.1" 304 -
::1 - - [03/May/2025:02:12:27 +0600] "GET /static/Design3.1.html HTTP/1.1" 304 -
::1 - - [03/May/2025:02:12:27 +0600] "GET /static/Design3.1.html HTTP/1.1" 304 -
::1 - - [03/May/2025:02:12:27 +0600] "GET /static/Design3.1.html HTTP/1.1" 304 -
::1 - - [03/May/2025:02:12:27 +0600] "GET /static/Design3.1.html HTTP/1.1" 304 -
::1 - - [03/May/2025:02:12:41 +0600] "POST /cgi-bin/search_flights.py HTTP/1.1" 200 407
::1 - - [03/May/2025:02:13:07 +0600] "POST /cgi-bin/search_flights.py HTTP/1.1" 200 407
::1 - - [03/May/2025:02:13:31 +0600] "POST /cgi-bin/search_flights.py HTTP/1.1" 200 407
::1 - - [03/May/2025:02:17:06 +0600] "GET /static/Design3.1.html HTTP/1.1" 304 -
::1 - - [03/May/2025:02:17:07 +0600] "GET /static/Design3.1.html HTTP/1.1" 304 -
::1 - - [03/May/2025:02:17:07 +0600] "GET /static/Design3.1.html HTTP/1.1" 304 -
::1 - - [03/May/2025:02:17:07 +0600] "GET /static/Design3.1.html HTTP/1.1" 304 -
::1 - - [03/May/2025:02:17:07 +0600] "GET /static/Design3.1.html HTTP/1.1" 304 -
::1 - - [03/May/2025:02:17:35 +0600] "POST /cgi-bin/search_flights.py HTTP/1.1" 200 524
::1 - - [03/May/2025:02:17:58 +0600] "POST /cgi-bin/search_flights.py HTTP/1.1" 200 524
::1 - - [03/May/2025:02:18:08 +0600] "POST /cgi-bin/search_flights.py HTTP/1.1" 200 524
::1 - - [03/May/2025:02:18:42 +0600] "POST /cgi-bin/search_flights.py HTTP/1.1" 200 524
::1 - - [03/May/2025:02:18:51 +0600] "POST /cgi-bin/search_flights.py HTTP/1.1" 200 378
::1 - - [03/May/2025:02:21:13 +0600] "POST /cgi-bin/search_flights.py HTTP/1.1" 200 358
::1 - - [03/May/2025:02:24:59 +0600] "POST /cgi-bin/search_flights.py HTTP/1.1" 200 524
::1 - - [03/May/2025:02:25:01 +0600] "POST /cgi-bin/search_flights.py HTTP/1.1" 200 524
::1 - - [03/May/2025:02:25:06 +0600] "POST /cgi-bin/search_flights.py HTTP/1.1" 200 524
::1 - - [03/May/2025:02:31:28 +0600] "GET /static/Design3.1.html HTTP/1.1" 304 -
::1 - - [03/May/2025:02:31:28 +0600] "GET /static/Design3.1.html HTTP/1.1" 304 -
::1 - - [03/May/2025:02:31:28 +0600] "GET /static/Design3.1.html HTTP/1.1" 304 -
::1 - - [03/May/2025:02:31:29 +0600] "GET /static/Design3.1.html HTTP/1.1" 304 -
::1 - - [03/May/2025:02:31:29 +0600] "GET /static/Design3.1.html HTTP/1.1" 304 -
::1 - - [03/May/2025:02:31:29 +0600] "GET /static/Design3.1.html HTTP/1.1" 304 -
::1 - - [03/May/2025:02:31:48 +0600] "POST /cgi-bin/search_flights.py HTTP/1.1" 200 1319
::1 - - [03/May/2025:02:32:20 +0600] "POST /cgi-bin/search_flights.py HTTP/1.1" 200 1319
::1 - - [03/May/2025:02:37:53 +0600] "GET /static/Design3.1.html HTTP/1.1" 304 -
::1 - - [03/May/2025:02:37:53 +0600] "GET /static/Design3.1.html HTTP/1.1" 304 -
::1 - - [03/May/2025:02:37:54 +0600] "GET /static/Design3.1.html HTTP/1.1" 304 -
::1 - - [03/May/2025:02:37:54 +0600] "GET /static/Design3.1.html HTTP/1.1" 304 -
::1 - - [03/May/2025:02:37:54 +0600] "GET /static/Design3.1.html HTTP/1.1" 304 -
::1 - - [03/May/2025:02:37:54 +0600] "GET /static/Design3.1.html HTTP/1.1" 304 -
::1 - - [03/May/2025:02:38:17 +0600] "POST /cgi-bin/search_flights.py HTTP/1.1" 200 890
::1 - - [03/May/2025:02:49:00 +0600] "GET /static/Design3.1.html HTTP/1.1" 200 7596
::1 - - [03/May/2025:02:49:01 +0600] "GET /static/Design3.1.html HTTP/1.1" 304 -
::1 - - [03/May/2025:02:49:01 +0600] "GET /static/Design3.1.html HTTP/1.1" 304 -
::1 - - [03/May/2025:02:49:20 +0600] "POST /cgi-bin/search_flights.py HTTP/1.1" 200 930
::1 - - [03/May/2025:02:49:22 +0600] "GET /img/valuair.png HTTP/1.1" 404 196
::1 - - [03/May/2025:02:49:22 +0600] "GET /img/atlasglobal.png HTTP/1.1" 404 196
::1 - - [03/May/2025:02:49:37 +0600] "POST /cgi-bin/search_flights.py HTTP/1.1" 200 930
::1 - - [03/May/2025:02:49:39 +0600] "GET /img/valuair.png HTTP/1.1" 404 196
::1 - - [03/May/2025:02:49:39 +0600] "GET /img/atlasglobal.png HTTP/1.1" 404 196
::1 - - [03/May/2025:02:50:02 +0600] "POST /cgi-bin/search_flights.py HTTP/1.1" 200 1298
::1 - - [03/May/2025:02:50:04 +0600] "GET /img/ut.png HTTP/1.1" 404 196
::1 - - [03/May/2025:02:50:04 +0600] "GET /img/dp.png HTTP/1.1" 404 196
::1 - - [03/May/2025:02:58:57 +0600] "GET /static/Design3.1.html HTTP/1.1" 200 21935
::1 - - [03/May/2025:02:58:57 +0600] "GET /cdn-cgi/scripts/5c5dd728/cloudflare-static/email-decode.min.js HTTP/1.1" 404 196
::1 - - [03/May/2025:02:58:57 +0600] "GET /cdn-cgi/challenge-platform/scripts/jsd/main.js HTTP/1.1" 404 196
::1 - - [03/May/2025:02:58:58 +0600] "GET /static/Design3.1.html HTTP/1.1" 304 -
::1 - - [03/May/2025:02:58:58 +0600] "GET /cdn-cgi/scripts/5c5dd728/cloudflare-static/email-decode.min.js HTTP/1.1" 404 196
::1 - - [03/May/2025:02:58:58 +0600] "GET /cdn-cgi/challenge-platform/scripts/jsd/main.js HTTP/1.1" 404 196
::1 - - [03/May/2025:02:59:08 +0600] "GET /static/Design3.1.html?departure=%D0%9C%D0%BE%D1%81%D0%BA%D0%B2%D0%B0&destination=%D0%94%D1%83%D0%B1%D0%B0%D0%B9&departure_date=2025-05-03&return_date=&passengers=1&class=economy HTTP/1.1" 200 21935
::1 - - [03/May/2025:02:59:08 +0600] "GET /cdn-cgi/scripts/5c5dd728/cloudflare-static/email-decode.min.js HTTP/1.1" 404 196
::1 - - [03/May/2025:02:59:08 +0600] "GET /cdn-cgi/challenge-platform/scripts/jsd/main.js HTTP/1.1" 404 196
::1 - - [03/May/2025:02:59:24 +0600] "GET /cdn-cgi/scripts/5c5dd728/cloudflare-static/email-decode.min.js HTTP/1.1" 404 196
::1 - - [03/May/2025:02:59:24 +0600] "GET /cdn-cgi/challenge-platform/scripts/jsd/main.js HTTP/1.1" 404 196
::1 - - [03/May/2025:02:59:26 +0600] "GET /static/Design3.1.html?departure=&destination=&departure_date=&return_date=&passengers=1&class=economy HTTP/1.1" 200 21935
::1 - - [03/May/2025:02:59:26 +0600] "GET /cdn-cgi/scripts/5c5dd728/cloudflare-static/email-decode.min.js HTTP/1.1" 404 196
::1 - - [03/May/2025:02:59:26 +0600] "GET /cdn-cgi/challenge-platform/scripts/jsd/main.js HTTP/1.1" 404 196
::1 - - [03/May/2025:02:59:26 +0600] "GET /cdn-cgi/scripts/5c5dd728/cloudflare-static/email-decode.min.js HTTP/1.1" 404 196
::1 - - [03/May/2025:02:59:26 +0600] "GET /cdn-cgi/challenge-platform/scripts/jsd/main.js HTTP/1.1" 404 196
::1 - - [03/May/2025:03:00:15 +0600] "GET /cdn-cgi/challenge-platform/scripts/jsd/main.js HTTP/1.1" 404 196
::1 - - [03/May/2025:03:00:17 +0600] "GET /cdn-cgi/challenge-platform/scripts/jsd/main.js HTTP/1.1" 404 196
::1 - - [03/May/2025:03:00:20 +0600] "GET /static/Design3.1.html HTTP/1.1" 304 -
::1 - - [03/May/2025:03:00:20 +0600] "GET /cdn-cgi/scripts/5c5dd728/cloudflare-static/email-decode.min.js HTTP/1.1" 404 196
::1 - - [03/May/2025:03:00:20 +0600] "GET /cdn-cgi/challenge-platform/scripts/jsd/main.js HTTP/1.1" 404 196
::1 - - [03/May/2025:03:00:21 +0600] "GET /static/Design3.1.html HTTP/1.1" 304 -
::1 - - [03/May/2025:03:00:21 +0600] "GET /cdn-cgi/scripts/5c5dd728/cloudflare-static/email-decode.min.js HTTP/1.1" 404 196
::1 - - [03/May/2025:03:00:21 +0600] "GET /cdn-cgi/challenge-platform/scripts/jsd/main.js HTTP/1.1" 404 196
::1 - - [03/May/2025:03:00:21 +0600] "GET /static/Design3.1.html HTTP/1.1" 304 -
::1 - - [03/May/2025:03:00:21 +0600] "GET /cdn-cgi/scripts/5c5dd728/cloudflare-static/email-decode.min.js HTTP/1.1" 404 196
::1 - - [03/May/2025:03:00:21 +0600] "GET /cdn-cgi/challenge-platform/scripts/jsd/main.js HTTP/1.1" 404 196
::1 - - [03/May/2025:03:00:29 +0600] "GET /static/Design3.1.html?departure=%D0%9C%D0%BE%D1%81%D0%BA%D0%B2%D0%B0&destination=%D0%94%D1%83%D0%B1%D0%B0%D0%B9&departure_date=2025-05-03&return_date=&passengers=1&class=economy HTTP/1.1" 304 -
::1 - - [03/May/2025:03:00:29 +0600] "GET /cdn-cgi/scripts/5c5dd728/cloudflare-static/email-decode.min.js HTTP/1.1" 404 196
::1 - - [03/May/2025:03:00:29 +0600] "GET /cdn-cgi/challenge-platform/scripts/jsd/main.js HTTP/1.1" 404 196
::1 - - [03/May/2025:03:01:08 +0600] "GET /static/Design3.1.html?departure=%D0%9C%D0%BE%D1%81%D0%BA%D0%B2%D0%B0&destination=%D0%94%D1%83%D0%B1%D0%B0%D0%B9&departure_date=2025-05-03&return_date=&passengers=1&class=economy HTTP/1.1" 200 20656
::1 - - [03/May/2025:03:01:09 +0600] "GET /static/Design3.1.html?departure=%D0%9C%D0%BE%D1%81%D0%BA%D0%B2%D0%B0&destination=%D0%94%D1%83%D0%B1%D0%B0%D0%B9&departure_date=2025-05-03&return_date=&passengers=1&class=economy HTTP/1.1" 304 -
::1 - - [03/May/2025:03:01:17 +0600] "POST /cgi-bin/search_flights.py HTTP/1.1" 200 930
::1 - - [03/May/2025:03:01:44 +0600] "POST /cgi-bin/search_flights.py HTTP/1.1" 200 932
::1 - - [03/May/2025:03:07:50 +0600] "GET /static/Design3.1.html?departure=%D0%9C%D0%BE%D1%81%D0%BA%D0%B2%D0%B0&destination=%D0%94%D1%83%D0%B1%D0%B0%D0%B9&departure_date=2025-05-03&return_date=&passengers=1&class=economy HTTP/1.1" 200 23480
::1 - - [03/May/2025:03:07:50 +0600] "GET /cdn-cgi/scripts/5c5dd728/cloudflare-static/email-decode.min.js HTTP/1.1" 404 196
::1 - - [03/May/2025:03:07:50 +0600] "GET /cdn-cgi/challenge-platform/scripts/jsd/main.js HTTP/1.1" 404 196
::1 - - [03/May/2025:03:07:51 +0600] "GET /static/Design3.1.html?departure=%D0%9C%D0%BE%D1%81%D0%BA%D0%B2%D0%B0&destination=%D0%94%D1%83%D0%B1%D0%B0%D0%B9&departure_date=2025-05-03&return_date=&passengers=1&class=economy HTTP/1.1" 304 -
::1 - - [03/May/2025:03:07:51 +0600] "GET /cdn-cgi/scripts/5c5dd728/cloudflare-static/email-decode.min.js HTTP/1.1" 404 196
::1 - - [03/May/2025:03:07:51 +0600] "GET /cdn-cgi/challenge-platform/scripts/jsd/main.js HTTP/1.1" 404 196
::1 - - [03/May/2025:03:08:06 +0600] "POST /cgi-bin/search_flights.py HTTP/1.1" 200 928
::1 - - [03/May/2025:03:08:09 +0600] "GET /img/dp.png HTTP/1.1" 404 196
::1 - - [03/May/2025:03:08:09 +0600] "GET /img/fv.png HTTP/1.1" 404 196
::1 - - [03/May/2025:03:26:32 +0600] "GET /static/Design3.1.html?departure=%D0%9C%D0%BE%D1%81%D0%BA%D0%B2%D0%B0&destination=%D0%94%D1%83%D0%B1%D0%B0%D0%B9&departure_date=2025-05-03&return_date=&passengers=1&class=economy HTTP/1.1" 200 24758
::1 - - [03/May/2025:03:26:32 +0600] "GET /cdn-cgi/scripts/5c5dd728/cloudflare-static/email-decode.min.js HTTP/1.1" 404 196
::1 - - [03/May/2025:03:26:32 +0600] "GET /cdn-cgi/challenge-platform/scripts/jsd/main.js HTTP/1.1" 404 196
::1 - - [03/May/2025:03:26:33 +0600] "GET /static/Design3.1.html?departure=%D0%9C%D0%BE%D1%81%D0%BA%D0%B2%D0%B0&destination=%D0%94%D1%83%D0%B1%D0%B0%D0%B9&departure_date=2025-05-03&return_date=&passengers=1&class=economy HTTP/1.1" 304 -
::1 - - [03/May/2025:03:26:33 +0600] "GET /cdn-cgi/scripts/5c5dd728/cloudflare-static/email-decode.min.js HTTP/1.1" 404 196
::1 - - [03/May/2025:03:26:33 +0600] "GET /cdn-cgi/challenge-platform/scripts/jsd/main.js HTTP/1.1" 404 196
::1 - - [03/May/2025:03:26:33 +0600] "GET /static/Design3.1.html?departure=%D0%9C%D0%BE%D1%81%D0%BA%D0%B2%D0%B0&destination=%D0%94%D1%83%D0%B1%D0%B0%D0%B9&departure_date=2025-05-03&return_date=&passengers=1&class=economy HTTP/1.1" 304 -
::1 - - [03/May/2025:03:26:33 +0600] "GET /cdn-cgi/scripts/5c5dd728/cloudflare-static/email-decode.min.js HTTP/1.1" 404 196
::1 - - [03/May/2025:03:26:33 +0600] "GET /cdn-cgi/challenge-platform/scripts/jsd/main.js HTTP/1.1" 404 196
::1 - - [03/May/2025:03:26:33 +0600] "GET /static/Design3.1.html?departure=%D0%9C%D0%BE%D1%81%D0%BA%D0%B2%D0%B0&destination=%D0%94%D1%83%D0%B1%D0%B0%D0%B9&departure_date=2025-05-03&return_date=&passengers=1&class=economy HTTP/1.1" 304 -
::1 - - [03/May/2025:03:26:33 +0600] "GET /cdn-cgi/scripts/5c5dd728/cloudflare-static/email-decode.min.js HTTP/1.1" 404 196
::1 - - [03/May/2025:03:26:33 +0600] "GET /cdn-cgi/challenge-platform/scripts/jsd/main.js HTTP/1.1" 404 196
::1 - - [03/May/2025:03:26:34 +0600] "GET /static/Design3.1.html?departure=%D0%9C%D0%BE%D1%81%D0%BA%D0%B2%D0%B0&destination=%D0%94%D1%83%D0%B1%D0%B0%D0%B9&departure_date=2025-05-03&return_date=&passengers=1&class=economy HTTP/1.1" 304 -
::1 - - [03/May/2025:03:26:34 +0600] "GET /cdn-cgi/scripts/5c5dd728/cloudflare-static/email-decode.min.js HTTP/1.1" 404 196
::1 - - [03/May/2025:03:26:34 +0600] "GET /cdn-cgi/challenge-platform/scripts/jsd/main.js HTTP/1.1" 404 196
::1 - - [03/May/2025:03:26:34 +0600] "GET /static/Design3.1.html?departure=%D0%9C%D0%BE%D1%81%D0%BA%D0%B2%D0%B0&destination=%D0%94%D1%83%D0%B1%D0%B0%D0%B9&departure_date=2025-05-03&return_date=&passengers=1&class=economy HTTP/1.1" 304 -
::1 - - [03/May/2025:03:26:34 +0600] "GET /cdn-cgi/scripts/5c5dd728/cloudflare-static/email-decode.min.js HTTP/1.1" 404 196
::1 - - [03/May/2025:03:26:34 +0600] "GET /cdn-cgi/challenge-platform/scripts/jsd/main.js HTTP/1.1" 404 196
::1 - - [03/May/2025:03:26:44 +0600] "POST /cgi-bin/search_flights.py HTTP/1.1" 200 454
::1 - - [03/May/2025:03:26:47 +0600] "GET /img/airarabia.png HTTP/1.1" 404 196
::1 - - [03/May/2025:03:26:54 +0600] "POST /cgi-bin/search_flights.py HTTP/1.1" 200 455
::1 - - [03/May/2025:03:26:57 +0600] "GET /img/airarabia.png HTTP/1.1" 404 196
::1 - - [03/May/2025:03:27:03 +0600] "POST /cgi-bin/search_flights.py HTTP/1.1" 200 452
::1 - - [03/May/2025:03:27:05 +0600] "GET /img/airarabia.png HTTP/1.1" 404 196
::1 - - [03/May/2025:03:27:12 +0600] "POST /cgi-bin/search_flights.py HTTP/1.1" 200 452
::1 - - [03/May/2025:03:27:14 +0600] "GET /img/airarabia.png HTTP/1.1" 404 196
::1 - - [03/May/2025:03:27:19 +0600] "POST /cgi-bin/search_flights.py HTTP/1.1" 200 454
::1 - - [03/May/2025:03:27:21 +0600] "GET /img/airarabia.png HTTP/1.1" 404 196
::1 - - [03/May/2025:03:27:36 +0600] "POST /cgi-bin/search_flights.py HTTP/1.1" 200 480
::1 - - [03/May/2025:03:27:38 +0600] "GET /img/airastana.png HTTP/1.1" 404 196
::1 - - [03/May/2025:03:55:35 +0600] "GET /static/Design3.1.html?departure=%D0%9C%D0%BE%D1%81%D0%BA%D0%B2%D0%B0&destination=%D0%94%D1%83%D0%B1%D0%B0%D0%B9&departure_date=2025-05-03&return_date=&passengers=1&class=economy HTTP/1.1" 304 -
::1 - - [03/May/2025:03:55:35 +0600] "GET /cdn-cgi/scripts/5c5dd728/cloudflare-static/email-decode.min.js HTTP/1.1" 404 196
::1 - - [03/May/2025:03:55:35 +0600] "GET /cdn-cgi/challenge-platform/scripts/jsd/main.js HTTP/1.1" 404 196
::1 - - [03/May/2025:03:55:35 +0600] "GET /static/Design3.1.html?departure=%D0%9C%D0%BE%D1%81%D0%BA%D0%B2%D0%B0&destination=%D0%94%D1%83%D0%B1%D0%B0%D0%B9&departure_date=2025-05-03&return_date=&passengers=1&class=economy HTTP/1.1" 304 -
::1 - - [03/May/2025:03:55:35 +0600] "GET /cdn-cgi/scripts/5c5dd728/cloudflare-static/email-decode.min.js HTTP/1.1" 404 196
::1 - - [03/May/2025:03:55:35 +0600] "GET /cdn-cgi/challenge-platform/scripts/jsd/main.js HTTP/1.1" 404 196
::1 - - [03/May/2025:03:55:42 +0600] "POST /cgi-bin/search_flights.py HTTP/1.1" 200 930
::1 - - [03/May/2025:03:55:58 +0600] "GET /img/valuair.png HTTP/1.1" 404 196
::1 - - [03/May/2025:03:55:58 +0600] "GET /img/atlasglobal.png HTTP/1.1" 404 196
::1 - - [03/May/2025:04:02:57 +0600] "GET /static/Design3.1.html?departure=%D0%9C%D0%BE%D1%81%D0%BA%D0%B2%D0%B0&destination=%D0%94%D1%83%D0%B1%D0%B0%D0%B9&departure_date=2025-05-03&return_date=&passengers=1&class=economy HTTP/1.1" 304 -
::1 - - [03/May/2025:04:02:57 +0600] "GET /cdn-cgi/scripts/5c5dd728/cloudflare-static/email-decode.min.js HTTP/1.1" 404 196
::1 - - [03/May/2025:04:02:57 +0600] "GET /cdn-cgi/challenge-platform/scripts/jsd/main.js HTTP/1.1" 404 196
::1 - - [03/May/2025:04:02:57 +0600] "GET /static/Design3.1.html?departure=%D0%9C%D0%BE%D1%81%D0%BA%D0%B2%D0%B0&destination=%D0%94%D1%83%D0%B1%D0%B0%D0%B9&departure_date=2025-05-03&return_date=&passengers=1&class=economy HTTP/1.1" 304 -
::1 - - [03/May/2025:04:02:57 +0600] "GET /cdn-cgi/scripts/5c5dd728/cloudflare-static/email-decode.min.js HTTP/1.1" 404 196
::1 - - [03/May/2025:04:02:57 +0600] "GET /cdn-cgi/challenge-platform/scripts/jsd/main.js HTTP/1.1" 404 196
::1 - - [03/May/2025:04:03:04 +0600] "POST /cgi-bin/search_flights.py HTTP/1.1" 200 465
::1 - - [03/May/2025:04:03:19 +0600] "GET /img/uralairlines.png HTTP/1.1" 404 196
::1 - - [03/May/2025:04:08:57 +0600] "GET /static/Design3.1.html?departure=%D0%9C%D0%BE%D1%81%D0%BA%D0%B2%D0%B0&destination=%D0%94%D1%83%D0%B1%D0%B0%D0%B9&departure_date=2025-05-03&return_date=&passengers=1&class=economy HTTP/1.1" 200 26478
::1 - - [03/May/2025:04:08:57 +0600] "GET /cdn-cgi/scripts/5c5dd728/cloudflare-static/email-decode.min.js HTTP/1.1" 404 196
::1 - - [03/May/2025:04:08:57 +0600] "GET /cdn-cgi/challenge-platform/scripts/jsd/main.js HTTP/1.1" 404 196
::1 - - [03/May/2025:04:08:57 +0600] "GET /static/Design3.1.html?departure=%D0%9C%D0%BE%D1%81%D0%BA%D0%B2%D0%B0&destination=%D0%94%D1%83%D0%B1%D0%B0%D0%B9&departure_date=2025-05-03&return_date=&passengers=1&class=economy HTTP/1.1" 304 -
::1 - - [03/May/2025:04:08:57 +0600] "GET /cdn-cgi/scripts/5c5dd728/cloudflare-static/email-decode.min.js HTTP/1.1" 404 196
::1 - - [03/May/2025:04:08:57 +0600] "GET /cdn-cgi/challenge-platform/scripts/jsd/main.js HTTP/1.1" 404 196
::1 - - [03/May/2025:04:09:04 +0600] "GET /cgi-bin/check_session.py HTTP/1.1" 200 16
::1 - - [03/May/2025:04:09:04 +0600] "POST /cgi-bin/save_search_request.py HTTP/1.1" 200 67
::1 - - [03/May/2025:04:09:04 +0600] "POST /cgi-bin/search_flights.py HTTP/1.1" 200 876
::1 - - [03/May/2025:04:09:21 +0600] "GET /img/airarabia.png HTTP/1.1" 404 196
::1 - - [03/May/2025:04:23:01 +0600] "GET /static/Design3.1.html?departure=%D0%9C%D0%BE%D1%81%D0%BA%D0%B2%D0%B0&destination=%D0%94%D1%83%D0%B1%D0%B0%D0%B9&departure_date=2025-05-03&return_date=&passengers=1&class=economy HTTP/1.1" 304 -
::1 - - [03/May/2025:04:23:01 +0600] "GET /cdn-cgi/scripts/5c5dd728/cloudflare-static/email-decode.min.js HTTP/1.1" 404 196
::1 - - [03/May/2025:04:23:01 +0600] "GET /cdn-cgi/challenge-platform/scripts/jsd/main.js HTTP/1.1" 404 196
::1 - - [03/May/2025:04:23:02 +0600] "GET /static/Design3.1.html?departure=%D0%9C%D0%BE%D1%81%D0%BA%D0%B2%D0%B0&destination=%D0%94%D1%83%D0%B1%D0%B0%D0%B9&departure_date=2025-05-03&return_date=&passengers=1&class=economy HTTP/1.1" 304 -
::1 - - [03/May/2025:04:23:02 +0600] "GET /cdn-cgi/scripts/5c5dd728/cloudflare-static/email-decode.min.js HTTP/1.1" 404 196
::1 - - [03/May/2025:04:23:02 +0600] "GET /cdn-cgi/challenge-platform/scripts/jsd/main.js HTTP/1.1" 404 196
::1 - - [03/May/2025:04:23:02 +0600] "GET /static/Design3.1.html?departure=%D0%9C%D0%BE%D1%81%D0%BA%D0%B2%D0%B0&destination=%D0%94%D1%83%D0%B1%D0%B0%D0%B9&departure_date=2025-05-03&return_date=&passengers=1&class=economy HTTP/1.1" 304 -
::1 - - [03/May/2025:04:23:02 +0600] "GET /cdn-cgi/scripts/5c5dd728/cloudflare-static/email-decode.min.js HTTP/1.1" 404 196
::1 - - [03/May/2025:04:23:02 +0600] "GET /cdn-cgi/challenge-platform/scripts/jsd/main.js HTTP/1.1" 404 196
::1 - - [03/May/2025:04:23:03 +0600] "GET /static/Design3.1.html?departure=%D0%9C%D0%BE%D1%81%D0%BA%D0%B2%D0%B0&destination=%D0%94%D1%83%D0%B1%D0%B0%D0%B9&departure_date=2025-05-03&return_date=&passengers=1&class=economy HTTP/1.1" 304 -
::1 - - [03/May/2025:04:23:03 +0600] "GET /cdn-cgi/scripts/5c5dd728/cloudflare-static/email-decode.min.js HTTP/1.1" 404 196
::1 - - [03/May/2025:04:23:03 +0600] "GET /cdn-cgi/challenge-platform/scripts/jsd/main.js HTTP/1.1" 404 196
::1 - - [03/May/2025:04:23:23 +0600] "GET /cgi-bin/check_session.py HTTP/1.1" 200 16
::1 - - [03/May/2025:04:23:23 +0600] "POST /cgi-bin/save_search_request.py HTTP/1.1" 200 51
::1 - - [03/May/2025:04:23:29 +0600] "POST /cgi-bin/search_flights.py HTTP/1.1" 200 886
::1 - - [03/May/2025:04:23:44 +0600] "GET /img/airastana.png HTTP/1.1" 404 196
::1 - - [03/May/2025:04:23:44 +0600] "GET /img/scatairlines.png HTTP/1.1" 404 196
::1 - - [03/May/2025:04:50:59 +0600] "GET /static/Design3.1.html?departure=%D0%9C%D0%BE%D1%81%D0%BA%D0%B2%D0%B0&destination=%D0%94%D1%83%D0%B1%D0%B0%D0%B9&departure_date=2025-05-03&return_date=&passengers=1&class=economy HTTP/1.1" 200 28938
::1 - - [03/May/2025:04:50:59 +0600] "GET /cdn-cgi/scripts/5c5dd728/cloudflare-static/email-decode.min.js HTTP/1.1" 404 196
::1 - - [03/May/2025:04:51:00 +0600] "GET /cdn-cgi/challenge-platform/scripts/jsd/main.js HTTP/1.1" 404 196
::1 - - [03/May/2025:04:51:00 +0600] "GET /static/Design3.1.html?departure=%D0%9C%D0%BE%D1%81%D0%BA%D0%B2%D0%B0&destination=%D0%94%D1%83%D0%B1%D0%B0%D0%B9&departure_date=2025-05-03&return_date=&passengers=1&class=economy HTTP/1.1" 304 -
::1 - - [03/May/2025:04:51:00 +0600] "GET /cdn-cgi/scripts/5c5dd728/cloudflare-static/email-decode.min.js HTTP/1.1" 404 196
::1 - - [03/May/2025:04:51:00 +0600] "GET /cdn-cgi/challenge-platform/scripts/jsd/main.js HTTP/1.1" 404 196
::1 - - [03/May/2025:04:51:07 +0600] "GET /cgi-bin/check_session.py HTTP/1.1" 200 16
::1 - - [03/May/2025:04:51:07 +0600] "POST /cgi-bin/save_search_request.py HTTP/1.1" 200 51
::1 - - [03/May/2025:04:51:12 +0600] "POST /cgi-bin/search_flights.py HTTP/1.1" 200 454
::1 - - [03/May/2025:04:51:29 +0600] "GET /img/airarabia.png HTTP/1.1" 404 196
::1 - - [03/May/2025:05:13:12 +0600] "GET /static/Design3.1.html?departure=%D0%9C%D0%BE%D1%81%D0%BA%D0%B2%D0%B0&destination=%D0%94%D1%83%D0%B1%D0%B0%D0%B9&departure_date=2025-05-03&return_date=&passengers=1&class=economy HTTP/1.1" 200 28038
::1 - - [03/May/2025:05:13:12 +0600] "GET /cdn-cgi/scripts/5c5dd728/cloudflare-static/email-decode.min.js HTTP/1.1" 404 196
::1 - - [03/May/2025:05:13:12 +0600] "GET /cdn-cgi/challenge-platform/scripts/jsd/main.js HTTP/1.1" 404 196
::1 - - [03/May/2025:05:13:12 +0600] "GET /static/Design3.1.html?departure=%D0%9C%D0%BE%D1%81%D0%BA%D0%B2%D0%B0&destination=%D0%94%D1%83%D0%B1%D0%B0%D0%B9&departure_date=2025-05-03&return_date=&passengers=1&class=economy HTTP/1.1" 304 -
::1 - - [03/May/2025:05:13:12 +0600] "GET /cdn-cgi/scripts/5c5dd728/cloudflare-static/email-decode.min.js HTTP/1.1" 404 196
::1 - - [03/May/2025:05:13:12 +0600] "GET /cdn-cgi/challenge-platform/scripts/jsd/main.js HTTP/1.1" 404 196
::1 - - [03/May/2025:05:13:13 +0600] "GET /static/Design3.1.html?departure=%D0%9C%D0%BE%D1%81%D0%BA%D0%B2%D0%B0&destination=%D0%94%D1%83%D0%B1%D0%B0%D0%B9&departure_date=2025-05-03&return_date=&passengers=1&class=economy HTTP/1.1" 304 -
::1 - - [03/May/2025:05:13:13 +0600] "GET /cdn-cgi/scripts/5c5dd728/cloudflare-static/email-decode.min.js HTTP/1.1" 404 196
::1 - - [03/May/2025:05:13:13 +0600] "GET /cdn-cgi/challenge-platform/scripts/jsd/main.js HTTP/1.1" 404 196
::1 - - [03/May/2025:05:13:13 +0600] "GET /static/Design3.1.html?departure=%D0%9C%D0%BE%D1%81%D0%BA%D0%B2%D0%B0&destination=%D0%94%D1%83%D0%B1%D0%B0%D0%B9&departure_date=2025-05-03&return_date=&passengers=1&class=economy HTTP/1.1" 304 -
::1 - - [03/May/2025:05:13:13 +0600] "GET /cdn-cgi/scripts/5c5dd728/cloudflare-static/email-decode.min.js HTTP/1.1" 404 196
::1 - - [03/May/2025:05:13:13 +0600] "GET /cdn-cgi/challenge-platform/scripts/jsd/main.js HTTP/1.1" 404 196
::1 - - [03/May/2025:05:13:18 +0600] "GET /cgi-bin/check_session.py HTTP/1.1" 200 16
::1 - - [03/May/2025:05:13:19 +0600] "POST /cgi-bin/save_search_request.py HTTP/1.1" 200 51
::1 - - [03/May/2025:05:13:24 +0600] "POST /cgi-bin/search_flights.py HTTP/1.1" 200 454
::1 - - [03/May/2025:05:13:42 +0600] "GET /img/airarabia.png HTTP/1.1" 404 196
::1 - - [03/May/2025:05:18:22 +0600] "GET /static/Design3.1.html?departure=%D0%9C%D0%BE%D1%81%D0%BA%D0%B2%D0%B0&destination=%D0%94%D1%83%D0%B1%D0%B0%D0%B9&departure_date=2025-05-03&return_date=&passengers=1&class=economy HTTP/1.1" 200 28517
::1 - - [03/May/2025:05:18:22 +0600] "GET /cdn-cgi/scripts/5c5dd728/cloudflare-static/email-decode.min.js HTTP/1.1" 404 196
::1 - - [03/May/2025:05:18:22 +0600] "GET /cdn-cgi/challenge-platform/scripts/jsd/main.js HTTP/1.1" 404 196
::1 - - [03/May/2025:05:18:23 +0600] "GET /static/Design3.1.html?departure=%D0%9C%D0%BE%D1%81%D0%BA%D0%B2%D0%B0&destination=%D0%94%D1%83%D0%B1%D0%B0%D0%B9&departure_date=2025-05-03&return_date=&passengers=1&class=economy HTTP/1.1" 304 -
::1 - - [03/May/2025:05:18:23 +0600] "GET /cdn-cgi/scripts/5c5dd728/cloudflare-static/email-decode.min.js HTTP/1.1" 404 196
::1 - - [03/May/2025:05:18:23 +0600] "GET /cdn-cgi/challenge-platform/scripts/jsd/main.js HTTP/1.1" 404 196
::1 - - [03/May/2025:05:18:29 +0600] "GET /cgi-bin/check_session.py HTTP/1.1" 200 16
::1 - - [03/May/2025:05:18:29 +0600] "POST /cgi-bin/save_search_request.py HTTP/1.1" 200 51
::1 - - [03/May/2025:05:18:35 +0600] "POST /cgi-bin/search_flights.py HTTP/1.1" 200 454
::1 - - [03/May/2025:05:18:51 +0600] "GET /img/airarabia.png HTTP/1.1" 404 196
::1 - - [03/May/2025:05:19:08 +0600] "GET /.well-known/appspecific/com.chrome.devtools.json HTTP/1.1" 404 196
::1 - - [03/May/2025:05:24:05 +0600] "GET /static/Design3.1.html?departure=%D0%9C%D0%BE%D1%81%D0%BA%D0%B2%D0%B0&destination=%D0%94%D1%83%D0%B1%D0%B0%D0%B9&departure_date=2025-05-03&return_date=&passengers=1&class=economy HTTP/1.1" 200 28321
::1 - - [03/May/2025:05:24:06 +0600] "GET /cdn-cgi/scripts/5c5dd728/cloudflare-static/email-decode.min.js HTTP/1.1" 404 196
::1 - - [03/May/2025:05:24:06 +0600] "GET /.well-known/appspecific/com.chrome.devtools.json HTTP/1.1" 404 196
::1 - - [03/May/2025:05:24:06 +0600] "GET /cdn-cgi/challenge-platform/scripts/jsd/main.js HTTP/1.1" 404 196
::1 - - [03/May/2025:05:24:11 +0600] "GET /static/Design3.1.html?departure=%D0%9C%D0%BE%D1%81%D0%BA%D0%B2%D0%B0&destination=%D0%94%D1%83%D0%B1%D0%B0%D0%B9&departure_date=2025-05-03&return_date=&passengers=1&class=economy HTTP/1.1" 304 -
::1 - - [03/May/2025:05:24:11 +0600] "GET /cdn-cgi/scripts/5c5dd728/cloudflare-static/email-decode.min.js HTTP/1.1" 404 196
::1 - - [03/May/2025:05:24:11 +0600] "GET /cdn-cgi/challenge-platform/scripts/jsd/main.js HTTP/1.1" 404 196
::1 - - [03/May/2025:05:24:12 +0600] "GET /static/Design3.1.html?departure=%D0%9C%D0%BE%D1%81%D0%BA%D0%B2%D0%B0&destination=%D0%94%D1%83%D0%B1%D0%B0%D0%B9&departure_date=2025-05-03&return_date=&passengers=1&class=economy HTTP/1.1" 304 -
::1 - - [03/May/2025:05:24:12 +0600] "GET /cdn-cgi/scripts/5c5dd728/cloudflare-static/email-decode.min.js HTTP/1.1" 404 196
::1 - - [03/May/2025:05:24:12 +0600] "GET /cdn-cgi/challenge-platform/scripts/jsd/main.js HTTP/1.1" 404 196
::1 - - [03/May/2025:05:24:12 +0600] "GET /static/Design3.1.html?departure=%D0%9C%D0%BE%D1%81%D0%BA%D0%B2%D0%B0&destination=%D0%94%D1%83%D0%B1%D0%B0%D0%B9&departure_date=2025-05-03&return_date=&passengers=1&class=economy HTTP/1.1" 304 -
::1 - - [03/May/2025:05:24:12 +0600] "GET /cdn-cgi/scripts/5c5dd728/cloudflare-static/email-decode.min.js HTTP/1.1" 404 196
::1 - - [03/May/2025:05:24:12 +0600] "GET /cdn-cgi/challenge-platform/scripts/jsd/main.js HTTP/1.1" 404 196
::1 - - [03/May/2025:05:24:18 +0600] "GET /cgi-bin/check_session.py HTTP/1.1" 200 16
::1 - - [03/May/2025:05:24:18 +0600] "POST /cgi-bin/save_search_request.py HTTP/1.1" 200 51
::1 - - [03/May/2025:05:24:24 +0600] "POST /cgi-bin/search_flights.py HTTP/1.1" 200 454
::1 - - [03/May/2025:05:24:40 +0600] "GET /img/airarabia.png HTTP/1.1" 404 196
::1 - - [03/May/2025:05:24:48 +0600] "GET /cgi-bin/check_session.py HTTP/1.1" 200 16
::1 - - [03/May/2025:05:24:48 +0600] "POST /cgi-bin/book_flight.py HTTP/1.1" 200 78
::1 - - [03/May/2025:05:24:51 +0600] "GET /cgi-bin/check_session.py HTTP/1.1" 200 16
::1 - - [03/May/2025:05:24:51 +0600] "POST /cgi-bin/book_flight.py HTTP/1.1" 200 78
::1 - - [03/May/2025:05:24:57 +0600] "GET /.well-known/appspecific/com.chrome.devtools.json HTTP/1.1" 404 196
::1 - - [03/May/2025:05:24:59 +0600] "GET /cgi-bin/check_session.py HTTP/1.1" 200 16
::1 - - [03/May/2025:05:24:59 +0600] "POST /cgi-bin/book_flight.py HTTP/1.1" 200 78
::1 - - [03/May/2025:05:25:17 +0600] "GET /cgi-bin/check_session.py HTTP/1.1" 200 16
::1 - - [03/May/2025:05:25:18 +0600] "POST /cgi-bin/book_flight.py HTTP/1.1" 200 78
::1 - - [03/May/2025:05:28:14 +0600] "GET /static/Design3.1.html?departure=%D0%9C%D0%BE%D1%81%D0%BA%D0%B2%D0%B0&destination=%D0%94%D1%83%D0%B1%D0%B0%D0%B9&departure_date=2025-05-03&return_date=&passengers=1&class=economy HTTP/1.1" 304 -
::1 - - [03/May/2025:05:28:14 +0600] "GET /cdn-cgi/scripts/5c5dd728/cloudflare-static/email-decode.min.js HTTP/1.1" 404 196
::1 - - [03/May/2025:05:28:14 +0600] "GET /cdn-cgi/challenge-platform/scripts/jsd/main.js HTTP/1.1" 404 196
::1 - - [03/May/2025:05:28:15 +0600] "GET /static/Design3.1.html?departure=%D0%9C%D0%BE%D1%81%D0%BA%D0%B2%D0%B0&destination=%D0%94%D1%83%D0%B1%D0%B0%D0%B9&departure_date=2025-05-03&return_date=&passengers=1&class=economy HTTP/1.1" 304 -
::1 - - [03/May/2025:05:28:15 +0600] "GET /cdn-cgi/scripts/5c5dd728/cloudflare-static/email-decode.min.js HTTP/1.1" 404 196
::1 - - [03/May/2025:05:28:15 +0600] "GET /cdn-cgi/challenge-platform/scripts/jsd/main.js HTTP/1.1" 404 196
::1 - - [03/May/2025:05:28:20 +0600] "GET /cgi-bin/check_session.py HTTP/1.1" 200 16
::1 - - [03/May/2025:05:28:20 +0600] "POST /cgi-bin/save_search_request.py HTTP/1.1" 200 51
::1 - - [03/May/2025:05:28:26 +0600] "POST /cgi-bin/search_flights.py HTTP/1.1" 200 454
::1 - - [03/May/2025:05:28:43 +0600] "GET /img/airarabia.png HTTP/1.1" 404 196
::1 - - [03/May/2025:05:28:50 +0600] "GET /cgi-bin/check_session.py HTTP/1.1" 200 16
::1 - - [03/May/2025:05:28:50 +0600] "POST /cgi-bin/book_flight.py HTTP/1.1" 200 78
::1 - - [03/May/2025:05:29:02 +0600] "GET /.well-known/appspecific/com.chrome.devtools.json HTTP/1.1" 404 196
::1 - - [03/May/2025:05:29:08 +0600] "GET /cgi-bin/check_session.py HTTP/1.1" 200 16
::1 - - [03/May/2025:05:29:08 +0600] "POST /cgi-bin/book_flight.py HTTP/1.1" 200 78
::1 - - [03/May/2025:05:31:05 +0600] "GET /.well-known/appspecific/com.chrome.devtools.json HTTP/1.1" 404 196
::1 - - [03/May/2025:05:31:06 +0600] "GET /static/Design3.1.html?departure=%D0%9C%D0%BE%D1%81%D0%BA%D0%B2%D0%B0&destination=%D0%94%D1%83%D0%B1%D0%B0%D0%B9&departure_date=2025-05-03&return_date=&passengers=1&class=economy HTTP/1.1" 304 -
::1 - - [03/May/2025:05:31:06 +0600] "GET /.well-known/appspecific/com.chrome.devtools.json HTTP/1.1" 404 196
::1 - - [03/May/2025:05:31:06 +0600] "GET /cdn-cgi/scripts/5c5dd728/cloudflare-static/email-decode.min.js HTTP/1.1" 404 196
::1 - - [03/May/2025:05:31:06 +0600] "GET /cdn-cgi/challenge-platform/scripts/jsd/main.js HTTP/1.1" 404 196
::1 - - [03/May/2025:05:31:12 +0600] "GET /cgi-bin/check_session.py HTTP/1.1" 200 16
::1 - - [03/May/2025:05:31:12 +0600] "POST /cgi-bin/save_search_request.py HTTP/1.1" 200 51
::1 - - [03/May/2025:05:31:17 +0600] "POST /cgi-bin/search_flights.py HTTP/1.1" 200 454
::1 - - [03/May/2025:05:31:34 +0600] "GET /img/airarabia.png HTTP/1.1" 404 196
::1 - - [03/May/2025:05:31:46 +0600] "GET /cgi-bin/check_session.py HTTP/1.1" 200 16
::1 - - [03/May/2025:05:31:46 +0600] "POST /cgi-bin/book_flight.py HTTP/1.1" 200 78
::1 - - [03/May/2025:05:35:25 +0600] "GET /cgi-bin/check_session.py HTTP/1.1" 200 16
::1 - - [03/May/2025:05:35:25 +0600] "POST /cgi-bin/book_flight.py HTTP/1.1" 200 78
::1 - - [03/May/2025:05:43:44 +0600] "GET /static/Design3.1.html?departure=%D0%9C%D0%BE%D1%81%D0%BA%D0%B2%D0%B0&destination=%D0%94%D1%83%D0%B1%D0%B0%D0%B9&departure_date=2025-05-03&return_date=&passengers=1&class=economy HTTP/1.1" 304 -
::1 - - [03/May/2025:05:43:45 +0600] "GET /cdn-cgi/scripts/5c5dd728/cloudflare-static/email-decode.min.js HTTP/1.1" 404 196
::1 - - [03/May/2025:05:43:45 +0600] "GET /.well-known/appspecific/com.chrome.devtools.json HTTP/1.1" 404 196
::1 - - [03/May/2025:05:43:45 +0600] "GET /cdn-cgi/challenge-platform/scripts/jsd/main.js HTTP/1.1" 404 196
::1 - - [03/May/2025:05:43:46 +0600] "GET /static/Design3.1.html?departure=%D0%9C%D0%BE%D1%81%D0%BA%D0%B2%D0%B0&destination=%D0%94%D1%83%D0%B1%D0%B0%D0%B9&departure_date=2025-05-03&return_date=&passengers=1&class=economy HTTP/1.1" 304 -
::1 - - [03/May/2025:05:43:46 +0600] "GET /cdn-cgi/scripts/5c5dd728/cloudflare-static/email-decode.min.js HTTP/1.1" 404 196
::1 - - [03/May/2025:05:43:46 +0600] "GET /.well-known/appspecific/com.chrome.devtools.json HTTP/1.1" 404 196
::1 - - [03/May/2025:05:43:46 +0600] "GET /cdn-cgi/challenge-platform/scripts/jsd/main.js HTTP/1.1" 404 196
::1 - - [03/May/2025:05:44:02 +0600] "GET /cgi-bin/check_session.py HTTP/1.1" 200 16
::1 - - [03/May/2025:05:44:02 +0600] "POST /cgi-bin/save_search_request.py HTTP/1.1" 200 51
::1 - - [03/May/2025:05:44:08 +0600] "POST /cgi-bin/search_flights.py HTTP/1.1" 200 524
::1 - - [03/May/2025:05:44:34 +0600] "GET /cgi-bin/check_session.py HTTP/1.1" 200 16
::1 - - [03/May/2025:05:44:34 +0600] "POST /cgi-bin/save_search_request.py HTTP/1.1" 200 51
::1 - - [03/May/2025:05:44:40 +0600] "POST /cgi-bin/search_flights.py HTTP/1.1" 200 480
::1 - - [03/May/2025:05:44:59 +0600] "GET /img/airastana.png HTTP/1.1" 404 196
::1 - - [03/May/2025:05:45:27 +0600] "GET /cgi-bin/check_session.py HTTP/1.1" 200 16
::1 - - [03/May/2025:05:45:28 +0600] "POST /cgi-bin/book_flight.py HTTP/1.1" 200 78
::1 - - [03/May/2025:05:51:35 +0600] "GET /static/Design3.1.html?departure=%D0%9C%D0%BE%D1%81%D0%BA%D0%B2%D0%B0&destination=%D0%94%D1%83%D0%B1%D0%B0%D0%B9&departure_date=2025-05-03&return_date=&passengers=1&class=economy HTTP/1.1" 304 -
::1 - - [03/May/2025:05:51:35 +0600] "GET /cdn-cgi/scripts/5c5dd728/cloudflare-static/email-decode.min.js HTTP/1.1" 404 196
::1 - - [03/May/2025:05:51:35 +0600] "GET /cdn-cgi/challenge-platform/scripts/jsd/main.js HTTP/1.1" 404 196
::1 - - [03/May/2025:05:51:35 +0600] "GET /static/Design3.1.html?departure=%D0%9C%D0%BE%D1%81%D0%BA%D0%B2%D0%B0&destination=%D0%94%D1%83%D0%B1%D0%B0%D0%B9&departure_date=2025-05-03&return_date=&passengers=1&class=economy HTTP/1.1" 304 -
::1 - - [03/May/2025:05:51:35 +0600] "GET /cdn-cgi/scripts/5c5dd728/cloudflare-static/email-decode.min.js HTTP/1.1" 404 196
::1 - - [03/May/2025:05:51:35 +0600] "GET /cdn-cgi/challenge-platform/scripts/jsd/main.js HTTP/1.1" 404 196
::1 - - [03/May/2025:05:51:35 +0600] "GET /static/Design3.1.html?departure=%D0%9C%D0%BE%D1%81%D0%BA%D0%B2%D0%B0&destination=%D0%94%D1%83%D0%B1%D0%B0%D0%B9&departure_date=2025-05-03&return_date=&passengers=1&class=economy HTTP/1.1" 304 -
::1 - - [03/May/2025:05:51:35 +0600] "GET /cdn-cgi/scripts/5c5dd728/cloudflare-static/email-decode.min.js HTTP/1.1" 404 196
::1 - - [03/May/2025:05:51:35 +0600] "GET /cdn-cgi/challenge-platform/scripts/jsd/main.js HTTP/1.1" 404 196
::1 - - [03/May/2025:05:51:35 +0600] "GET /static/Design3.1.html?departure=%D0%9C%D0%BE%D1%81%D0%BA%D0%B2%D0%B0&destination=%D0%94%D1%83%D0%B1%D0%B0%D0%B9&departure_date=2025-05-03&return_date=&passengers=1&class=economy HTTP/1.1" 304 -
::1 - - [03/May/2025:05:51:35 +0600] "GET /cdn-cgi/scripts/5c5dd728/cloudflare-static/email-decode.min.js HTTP/1.1" 404 196
::1 - - [03/May/2025:05:51:35 +0600] "GET /cdn-cgi/challenge-platform/scripts/jsd/main.js HTTP/1.1" 404 196
::1 - - [03/May/2025:05:51:36 +0600] "GET /static/Design3.1.html?departure=%D0%9C%D0%BE%D1%81%D0%BA%D0%B2%D0%B0&destination=%D0%94%D1%83%D0%B1%D0%B0%D0%B9&departure_date=2025-05-03&return_date=&passengers=1&class=economy HTTP/1.1" 304 -
::1 - - [03/May/2025:05:51:36 +0600] "GET /cdn-cgi/scripts/5c5dd728/cloudflare-static/email-decode.min.js HTTP/1.1" 404 196
::1 - - [03/May/2025:05:51:36 +0600] "GET /cdn-cgi/challenge-platform/scripts/jsd/main.js HTTP/1.1" 404 196
::1 - - [03/May/2025:05:51:36 +0600] "GET /static/Design3.1.html?departure=%D0%9C%D0%BE%D1%81%D0%BA%D0%B2%D0%B0&destination=%D0%94%D1%83%D0%B1%D0%B0%D0%B9&departure_date=2025-05-03&return_date=&passengers=1&class=economy HTTP/1.1" 304 -
::1 - - [03/May/2025:05:51:36 +0600] "GET /cdn-cgi/scripts/5c5dd728/cloudflare-static/email-decode.min.js HTTP/1.1" 404 196
::1 - - [03/May/2025:05:51:36 +0600] "GET /cdn-cgi/challenge-platform/scripts/jsd/main.js HTTP/1.1" 404 196
::1 - - [03/May/2025:05:51:36 +0600] "GET /static/Design3.1.html?departure=%D0%9C%D0%BE%D1%81%D0%BA%D0%B2%D0%B0&destination=%D0%94%D1%83%D0%B1%D0%B0%D0%B9&departure_date=2025-05-03&return_date=&passengers=1&class=economy HTTP/1.1" 304 -
::1 - - [03/May/2025:05:51:36 +0600] "GET /cdn-cgi/scripts/5c5dd728/cloudflare-static/email-decode.min.js HTTP/1.1" 404 196
::1 - - [03/May/2025:05:51:36 +0600] "GET /cdn-cgi/challenge-platform/scripts/jsd/main.js HTTP/1.1" 404 196
::1 - - [03/May/2025:05:51:36 +0600] "GET /static/Design3.1.html?departure=%D0%9C%D0%BE%D1%81%D0%BA%D0%B2%D0%B0&destination=%D0%94%D1%83%D0%B1%D0%B0%D0%B9&departure_date=2025-05-03&return_date=&passengers=1&class=economy HTTP/1.1" 304 -
::1 - - [03/May/2025:05:51:36 +0600] "GET /cdn-cgi/scripts/5c5dd728/cloudflare-static/email-decode.min.js HTTP/1.1" 404 196
::1 - - [03/May/2025:05:51:36 +0600] "GET /cdn-cgi/challenge-platform/scripts/jsd/main.js HTTP/1.1" 404 196
::1 - - [03/May/2025:05:51:37 +0600] "GET /static/Design3.1.html?departure=%D0%9C%D0%BE%D1%81%D0%BA%D0%B2%D0%B0&destination=%D0%94%D1%83%D0%B1%D0%B0%D0%B9&departure_date=2025-05-03&return_date=&passengers=1&class=economy HTTP/1.1" 304 -
::1 - - [03/May/2025:05:51:37 +0600] "GET /cdn-cgi/scripts/5c5dd728/cloudflare-static/email-decode.min.js HTTP/1.1" 404 196
::1 - - [03/May/2025:05:51:37 +0600] "GET /cdn-cgi/challenge-platform/scripts/jsd/main.js HTTP/1.1" 404 196
::1 - - [03/May/2025:05:51:39 +0600] "GET /.well-known/appspecific/com.chrome.devtools.json HTTP/1.1" 404 196
::1 - - [03/May/2025:05:51:55 +0600] "GET /cgi-bin/check_session.py HTTP/1.1" 200 16
::1 - - [03/May/2025:05:51:55 +0600] "POST /cgi-bin/save_search_request.py HTTP/1.1" 200 51
::1 - - [03/May/2025:05:52:00 +0600] "POST /cgi-bin/search_flights.py HTTP/1.1" 200 454
::1 - - [03/May/2025:05:52:17 +0600] "GET /img/airarabia.png HTTP/1.1" 404 196
::1 - - [03/May/2025:05:52:27 +0600] "GET /cgi-bin/check_session.py HTTP/1.1" 200 16
::1 - - [03/May/2025:05:52:27 +0600] "POST /cgi-bin/book_flight.py HTTP/1.1" 200 78
::1 - - [03/May/2025:05:53:05 +0600] "GET /cgi-bin/check_session.py HTTP/1.1" 200 16
::1 - - [03/May/2025:05:53:05 +0600] "POST /cgi-bin/book_flight.py HTTP/1.1" 200 78
::1 - - [03/May/2025:06:10:29 +0600] "GET /static/Design3.1.html?departure=%D0%9C%D0%BE%D1%81%D0%BA%D0%B2%D0%B0&destination=%D0%94%D1%83%D0%B1%D0%B0%D0%B9&departure_date=2025-05-03&return_date=&passengers=1&class=economy HTTP/1.1" 304 -
::1 - - [03/May/2025:06:10:29 +0600] "GET /cdn-cgi/scripts/5c5dd728/cloudflare-static/email-decode.min.js HTTP/1.1" 404 196
::1 - - [03/May/2025:06:10:29 +0600] "GET /.well-known/appspecific/com.chrome.devtools.json HTTP/1.1" 404 196
::1 - - [03/May/2025:06:10:30 +0600] "GET /cdn-cgi/challenge-platform/scripts/jsd/main.js HTTP/1.1" 404 196
::1 - - [03/May/2025:06:10:30 +0600] "GET /static/Design3.1.html?departure=%D0%9C%D0%BE%D1%81%D0%BA%D0%B2%D0%B0&destination=%D0%94%D1%83%D0%B1%D0%B0%D0%B9&departure_date=2025-05-03&return_date=&passengers=1&class=economy HTTP/1.1" 304 -
::1 - - [03/May/2025:06:10:30 +0600] "GET /.well-known/appspecific/com.chrome.devtools.json HTTP/1.1" 404 196
::1 - - [03/May/2025:06:10:30 +0600] "GET /cdn-cgi/scripts/5c5dd728/cloudflare-static/email-decode.min.js HTTP/1.1" 404 196
::1 - - [03/May/2025:06:10:30 +0600] "GET /cdn-cgi/challenge-platform/scripts/jsd/main.js HTTP/1.1" 404 196
::1 - - [03/May/2025:06:10:30 +0600] "GET /static/Design3.1.html?departure=%D0%9C%D0%BE%D1%81%D0%BA%D0%B2%D0%B0&destination=%D0%94%D1%83%D0%B1%D0%B0%D0%B9&departure_date=2025-05-03&return_date=&passengers=1&class=economy HTTP/1.1" 304 -
::1 - - [03/May/2025:06:10:30 +0600] "GET /.well-known/appspecific/com.chrome.devtools.json HTTP/1.1" 404 196
::1 - - [03/May/2025:06:10:30 +0600] "GET /cdn-cgi/scripts/5c5dd728/cloudflare-static/email-decode.min.js HTTP/1.1" 404 196
::1 - - [03/May/2025:06:10:30 +0600] "GET /cdn-cgi/challenge-platform/scripts/jsd/main.js HTTP/1.1" 404 196
::1 - - [03/May/2025:06:10:30 +0600] "GET /static/Design3.1.html?departure=%D0%9C%D0%BE%D1%81%D0%BA%D0%B2%D0%B0&destination=%D0%94%D1%83%D0%B1%D0%B0%D0%B9&departure_date=2025-05-03&return_date=&passengers=1&class=economy HTTP/1.1" 304 -
::1 - - [03/May/2025:06:10:30 +0600] "GET /.well-known/appspecific/com.chrome.devtools.json HTTP/1.1" 404 196
::1 - - [03/May/2025:06:10:30 +0600] "GET /cdn-cgi/scripts/5c5dd728/cloudflare-static/email-decode.min.js HTTP/1.1" 404 196
::1 - - [03/May/2025:06:10:30 +0600] "GET /cdn-cgi/challenge-platform/scripts/jsd/main.js HTTP/1.1" 404 196
::1 - - [03/May/2025:06:10:35 +0600] "GET /cgi-bin/check_session.py HTTP/1.1" 200 16
::1 - - [03/May/2025:06:10:35 +0600] "POST /cgi-bin/save_search_request.py HTTP/1.1" 200 51
::1 - - [03/May/2025:06:10:41 +0600] "POST /cgi-bin/search_flights.py HTTP/1.1" 200 454
::1 - - [03/May/2025:06:10:56 +0600] "GET /img/airarabia.png HTTP/1.1" 404 196
::1 - - [03/May/2025:06:11:06 +0600] "GET /cgi-bin/check_session.py HTTP/1.1" 200 16
::1 - - [03/May/2025:06:11:06 +0600] "POST /cgi-bin/book_flight.py HTTP/1.1" 200 78
::1 - - [03/May/2025:06:11:23 +0600] "GET /cgi-bin/check_session.py HTTP/1.1" 200 16
::1 - - [03/May/2025:06:11:23 +0600] "POST /cgi-bin/save_search_request.py HTTP/1.1" 200 51
::1 - - [03/May/2025:06:11:29 +0600] "POST /cgi-bin/search_flights.py HTTP/1.1" 200 480
::1 - - [03/May/2025:06:11:44 +0600] "GET /img/scatairlines.png HTTP/1.1" 404 196
::1 - - [03/May/2025:06:11:55 +0600] "GET /cgi-bin/check_session.py HTTP/1.1" 200 16
::1 - - [03/May/2025:06:11:56 +0600] "POST /cgi-bin/save_search_request.py HTTP/1.1" 200 51
::1 - - [03/May/2025:06:12:01 +0600] "POST /cgi-bin/search_flights.py HTTP/1.1" 200 459
::1 - - [03/May/2025:06:12:19 +0600] "GET /img/scatairlines.png HTTP/1.1" 404 196
::1 - - [03/May/2025:06:12:50 +0600] "GET /static/Design3.1.html?first_name=dias&last_name=karim&email=kkarimolla98%40bk.ru&flight_id=1&passengers=1&price=6926 HTTP/1.1" 200 28321
::1 - - [03/May/2025:06:12:50 +0600] "GET /cdn-cgi/scripts/5c5dd728/cloudflare-static/email-decode.min.js HTTP/1.1" 404 196
::1 - - [03/May/2025:06:12:50 +0600] "GET /cdn-cgi/challenge-platform/scripts/jsd/main.js HTTP/1.1" 404 196
::1 - - [03/May/2025:06:13:03 +0600] "GET /cgi-bin/check_session.py HTTP/1.1" 200 16
::1 - - [03/May/2025:06:13:03 +0600] "POST /cgi-bin/save_search_request.py HTTP/1.1" 200 51
::1 - - [03/May/2025:06:13:08 +0600] "POST /cgi-bin/search_flights.py HTTP/1.1" 200 474
::1 - - [03/May/2025:06:13:26 +0600] "GET /img/uzbekistanairways.png HTTP/1.1" 404 196
::1 - - [03/May/2025:06:13:37 +0600] "GET /.well-known/appspecific/com.chrome.devtools.json HTTP/1.1" 404 196
::1 - - [03/May/2025:06:13:38 +0600] "GET /cgi-bin/check_session.py HTTP/1.1" 200 16
::1 - - [03/May/2025:06:13:38 +0600] "POST /cgi-bin/book_flight.py HTTP/1.1" 200 78
::1 - - [03/May/2025:06:17:32 +0600] "GET /static/Design3.1.html?first_name=dias&last_name=karim&email=kkarimolla98%40bk.ru&flight_id=1&passengers=1&price=6926 HTTP/1.1" 304 -
::1 - - [03/May/2025:06:17:32 +0600] "GET /cdn-cgi/scripts/5c5dd728/cloudflare-static/email-decode.min.js HTTP/1.1" 404 196
::1 - - [03/May/2025:06:17:32 +0600] "GET /.well-known/appspecific/com.chrome.devtools.json HTTP/1.1" 404 196
::1 - - [03/May/2025:06:17:32 +0600] "GET /cdn-cgi/challenge-platform/scripts/jsd/main.js HTTP/1.1" 404 196
::1 - - [03/May/2025:06:17:33 +0600] "GET /static/Design3.1.html?first_name=dias&last_name=karim&email=kkarimolla98%40bk.ru&flight_id=1&passengers=1&price=6926 HTTP/1.1" 304 -
::1 - - [03/May/2025:06:17:33 +0600] "GET /.well-known/appspecific/com.chrome.devtools.json HTTP/1.1" 404 196
::1 - - [03/May/2025:06:17:33 +0600] "GET /cdn-cgi/scripts/5c5dd728/cloudflare-static/email-decode.min.js HTTP/1.1" 404 196
::1 - - [03/May/2025:06:17:33 +0600] "GET /cdn-cgi/challenge-platform/scripts/jsd/main.js HTTP/1.1" 404 196
::1 - - [03/May/2025:06:17:33 +0600] "GET /static/Design3.1.html?first_name=dias&last_name=karim&email=kkarimolla98%40bk.ru&flight_id=1&passengers=1&price=6926 HTTP/1.1" 304 -
::1 - - [03/May/2025:06:17:33 +0600] "GET /.well-known/appspecific/com.chrome.devtools.json HTTP/1.1" 404 196
::1 - - [03/May/2025:06:17:33 +0600] "GET /cdn-cgi/scripts/5c5dd728/cloudflare-static/email-decode.min.js HTTP/1.1" 404 196
::1 - - [03/May/2025:06:17:33 +0600] "GET /cdn-cgi/challenge-platform/scripts/jsd/main.js HTTP/1.1" 404 196
::1 - - [03/May/2025:06:17:33 +0600] "GET /static/Design3.1.html?first_name=dias&last_name=karim&email=kkarimolla98%40bk.ru&flight_id=1&passengers=1&price=6926 HTTP/1.1" 304 -
::1 - - [03/May/2025:06:17:33 +0600] "GET /.well-known/appspecific/com.chrome.devtools.json HTTP/1.1" 404 196
::1 - - [03/May/2025:06:17:33 +0600] "GET /cdn-cgi/scripts/5c5dd728/cloudflare-static/email-decode.min.js HTTP/1.1" 404 196
::1 - - [03/May/2025:06:17:33 +0600] "GET /cdn-cgi/challenge-platform/scripts/jsd/main.js HTTP/1.1" 404 196
::1 - - [03/May/2025:06:17:42 +0600] "GET /cgi-bin/check_session.py HTTP/1.1" 200 16
::1 - - [03/May/2025:06:17:42 +0600] "POST /cgi-bin/save_search_request.py HTTP/1.1" 200 51
::1 - - [03/May/2025:06:17:48 +0600] "POST /cgi-bin/search_flights.py HTTP/1.1" 200 454
::1 - - [03/May/2025:06:18:05 +0600] "GET /img/airarabia.png HTTP/1.1" 404 196
::1 - - [03/May/2025:06:18:15 +0600] "GET /cgi-bin/check_session.py HTTP/1.1" 200 16
::1 - - [03/May/2025:06:18:15 +0600] "POST /cgi-bin/book_flight.py HTTP/1.1" 200 78
::1 - - [03/May/2025:06:18:22 +0600] "GET /.well-known/appspecific/com.chrome.devtools.json HTTP/1.1" 404 196
::1 - - [03/May/2025:06:20:58 +0600] "GET /static/Design3.1.html?first_name=dias&last_name=karim&email=kkarimolla98%40bk.ru&flight_id=1&passengers=1&price=6926 HTTP/1.1" 304 -
::1 - - [03/May/2025:06:20:58 +0600] "GET /cdn-cgi/scripts/5c5dd728/cloudflare-static/email-decode.min.js HTTP/1.1" 404 196
::1 - - [03/May/2025:06:20:58 +0600] "GET /.well-known/appspecific/com.chrome.devtools.json HTTP/1.1" 404 196
::1 - - [03/May/2025:06:20:59 +0600] "GET /cdn-cgi/challenge-platform/scripts/jsd/main.js HTTP/1.1" 404 196
::1 - - [03/May/2025:06:21:05 +0600] "GET /cgi-bin/check_session.py HTTP/1.1" 200 16
::1 - - [03/May/2025:06:21:05 +0600] "POST /cgi-bin/save_search_request.py HTTP/1.1" 200 67
::1 - - [03/May/2025:06:21:06 +0600] "POST /cgi-bin/search_flights.py HTTP/1.1" 200 454
::1 - - [03/May/2025:06:21:22 +0600] "GET /img/airarabia.png HTTP/1.1" 404 196
::1 - - [03/May/2025:06:21:29 +0600] "GET /cgi-bin/check_session.py HTTP/1.1" 200 16
::1 - - [03/May/2025:06:21:29 +0600] "POST /cgi-bin/book_flight.py HTTP/1.1" 200 69
::1 - - [03/May/2025:06:21:29 +0600] "GET /cgi-bin/generate_ticket.py?booking_id=1 HTTP/1.1" 200 -
::1 - - [03/May/2025:06:21:42 +0600] "GET /.well-known/appspecific/com.chrome.devtools.json HTTP/1.1" 404 196
::1 - - [03/May/2025:06:21:53 +0600] "GET /cgi-bin/generate_ticket.py?booking_id=1 HTTP/1.1" 200 -
::1 - - [03/May/2025:06:21:53 +0600] "GET /.well-known/appspecific/com.chrome.devtools.json HTTP/1.1" 404 196
::1 - - [03/May/2025:06:21:54 +0600] "GET /.well-known/appspecific/com.chrome.devtools.json HTTP/1.1" 404 196
::1 - - [03/May/2025:06:21:54 +0600] "GET /cgi-bin/generate_ticket.py?booking_id=1 HTTP/1.1" 200 -
::1 - - [03/May/2025:06:21:55 +0600] "GET /.well-known/appspecific/com.chrome.devtools.json HTTP/1.1" 404 196
::1 - - [03/May/2025:06:21:54 +0600] "GET /cgi-bin/generate_ticket.py?booking_id=1 HTTP/1.1" 200 -
::1 - - [03/May/2025:06:22:01 +0600] "GET /.well-known/appspecific/com.chrome.devtools.json HTTP/1.1" 404 196
::1 - - [03/May/2025:06:22:01 +0600] "GET /.well-known/appspecific/com.chrome.devtools.json HTTP/1.1" 404 196
::1 - - [03/May/2025:06:22:07 +0600] "GET /static/Design3.1.html?first_name=dias&last_name=karim&email=kkarimolla98%40bk.ru&flight_id=1&passengers=1&price=23109 HTTP/1.1" 200 28321
::1 - - [03/May/2025:06:22:07 +0600] "GET /.well-known/appspecific/com.chrome.devtools.json HTTP/1.1" 404 196
::1 - - [03/May/2025:06:22:07 +0600] "GET /cdn-cgi/scripts/5c5dd728/cloudflare-static/email-decode.min.js HTTP/1.1" 404 196
::1 - - [03/May/2025:06:22:07 +0600] "GET /cdn-cgi/challenge-platform/scripts/jsd/main.js HTTP/1.1" 404 196
::1 - - [03/May/2025:06:22:24 +0600] "GET /static/Design3.1.html?first_name=dias&last_name=karim&email=kkarimolla98%40bk.ru&flight_id=1&passengers=1&price=23109 HTTP/1.1" 304 -
::1 - - [03/May/2025:06:22:24 +0600] "GET /.well-known/appspecific/com.chrome.devtools.json HTTP/1.1" 404 196
::1 - - [03/May/2025:06:22:24 +0600] "GET /cdn-cgi/scripts/5c5dd728/cloudflare-static/email-decode.min.js HTTP/1.1" 404 196
::1 - - [03/May/2025:06:22:24 +0600] "GET /cdn-cgi/challenge-platform/scripts/jsd/main.js HTTP/1.1" 404 196
::1 - - [03/May/2025:06:22:31 +0600] "GET /cgi-bin/check_session.py HTTP/1.1" 200 16
::1 - - [03/May/2025:06:22:31 +0600] "POST /cgi-bin/save_search_request.py HTTP/1.1" 200 67
::1 - - [03/May/2025:06:22:31 +0600] "POST /cgi-bin/search_flights.py HTTP/1.1" 200 886
::1 - - [03/May/2025:06:22:48 +0600] "GET /img/scatairlines.png HTTP/1.1" 404 196
::1 - - [03/May/2025:06:22:48 +0600] "GET /img/airastana.png HTTP/1.1" 404 196
::1 - - [03/May/2025:06:22:55 +0600] "GET /cgi-bin/check_session.py HTTP/1.1" 200 16
::1 - - [03/May/2025:06:22:55 +0600] "POST /cgi-bin/book_flight.py HTTP/1.1" 200 69
::1 - - [03/May/2025:06:22:55 +0600] "GET /cgi-bin/generate_ticket.py?booking_id=2 HTTP/1.1" 200 -
::1 - - [03/May/2025:06:22:55 +0600] "GET /.well-known/appspecific/com.chrome.devtools.json HTTP/1.1" 404 196
::1 - - [03/May/2025:06:23:55 +0600] "-" 408 -
::1 - - [03/May/2025:06:24:02 +0600] "GET /.well-known/appspecific/com.chrome.devtools.json HTTP/1.1" 404 196
::1 - - [03/May/2025:06:24:08 +0600] "GET /.well-known/appspecific/com.chrome.devtools.json HTTP/1.1" 404 196
::1 - - [03/May/2025:06:24:08 +0600] "GET /.well-known/appspecific/com.chrome.devtools.json HTTP/1.1" 404 196
::1 - - [03/May/2025:06:25:24 +0600] "GET /static/Design3.1.html?first_name=dias&last_name=karim&email=kkarimolla98%40bk.ru&flight_id=1&passengers=1&price=7722 HTTP/1.1" 200 28321
::1 - - [03/May/2025:06:25:24 +0600] "GET /cdn-cgi/scripts/5c5dd728/cloudflare-static/email-decode.min.js HTTP/1.1" 404 196
::1 - - [03/May/2025:06:25:24 +0600] "GET /cdn-cgi/challenge-platform/scripts/jsd/main.js HTTP/1.1" 404 196
::1 - - [03/May/2025:06:25:36 +0600] "GET /static/Design3.1.html?first_name=dias&last_name=karim&email=kkarimolla98%40bk.ru&flight_id=1&passengers=1&price=7722 HTTP/1.1" 304 -
::1 - - [03/May/2025:06:25:36 +0600] "GET /cdn-cgi/scripts/5c5dd728/cloudflare-static/email-decode.min.js HTTP/1.1" 404 196
::1 - - [03/May/2025:06:25:36 +0600] "GET /cdn-cgi/challenge-platform/scripts/jsd/main.js HTTP/1.1" 404 196
::1 - - [03/May/2025:06:25:37 +0600] "GET /static/Design3.1.html?first_name=dias&last_name=karim&email=kkarimolla98%40bk.ru&flight_id=1&passengers=1&price=7722 HTTP/1.1" 304 -
::1 - - [03/May/2025:06:25:37 +0600] "GET /cdn-cgi/scripts/5c5dd728/cloudflare-static/email-decode.min.js HTTP/1.1" 404 196
::1 - - [03/May/2025:06:25:37 +0600] "GET /cdn-cgi/challenge-platform/scripts/jsd/main.js HTTP/1.1" 404 196
::1 - - [03/May/2025:06:25:39 +0600] "GET /cdn-cgi/challenge-platform/scripts/jsd/main.js HTTP/1.1" 404 196
::1 - - [03/May/2025:06:25:39 +0600] "GET /cdn-cgi/challenge-platform/scripts/jsd/main.js HTTP/1.1" 404 196
::1 - - [03/May/2025:06:25:40 +0600] "GET /static/Design3.1.html HTTP/1.1" 200 28321
::1 - - [03/May/2025:06:25:40 +0600] "GET /cdn-cgi/scripts/5c5dd728/cloudflare-static/email-decode.min.js HTTP/1.1" 404 196
::1 - - [03/May/2025:06:25:40 +0600] "GET /cdn-cgi/challenge-platform/scripts/jsd/main.js HTTP/1.1" 404 196
::1 - - [03/May/2025:06:25:40 +0600] "GET /static/Design3.1.html HTTP/1.1" 304 -
::1 - - [03/May/2025:06:25:40 +0600] "GET /cdn-cgi/scripts/5c5dd728/cloudflare-static/email-decode.min.js HTTP/1.1" 404 196
::1 - - [03/May/2025:06:25:40 +0600] "GET /cdn-cgi/challenge-platform/scripts/jsd/main.js HTTP/1.1" 404 196
::1 - - [03/May/2025:06:25:41 +0600] "GET /static/Design3.1.html HTTP/1.1" 304 -
::1 - - [03/May/2025:06:25:41 +0600] "GET /cdn-cgi/scripts/5c5dd728/cloudflare-static/email-decode.min.js HTTP/1.1" 404 196
::1 - - [03/May/2025:06:25:41 +0600] "GET /cdn-cgi/challenge-platform/scripts/jsd/main.js HTTP/1.1" 404 196
::1 - - [03/May/2025:06:25:41 +0600] "GET /static/Design3.1.html HTTP/1.1" 304 -
::1 - - [03/May/2025:06:25:41 +0600] "GET /cdn-cgi/scripts/5c5dd728/cloudflare-static/email-decode.min.js HTTP/1.1" 404 196
::1 - - [03/May/2025:06:25:41 +0600] "GET /cdn-cgi/challenge-platform/scripts/jsd/main.js HTTP/1.1" 404 196
::1 - - [03/May/2025:06:25:41 +0600] "GET /static/Design3.1.html HTTP/1.1" 304 -
::1 - - [03/May/2025:06:25:41 +0600] "GET /cdn-cgi/scripts/5c5dd728/cloudflare-static/email-decode.min.js HTTP/1.1" 404 196
::1 - - [03/May/2025:06:25:41 +0600] "GET /cdn-cgi/challenge-platform/scripts/jsd/main.js HTTP/1.1" 404 196
::1 - - [03/May/2025:06:25:41 +0600] "GET /static/Design3.1.html HTTP/1.1" 304 -
::1 - - [03/May/2025:06:25:41 +0600] "GET /cdn-cgi/scripts/5c5dd728/cloudflare-static/email-decode.min.js HTTP/1.1" 404 196
::1 - - [03/May/2025:06:25:41 +0600] "GET /cdn-cgi/challenge-platform/scripts/jsd/main.js HTTP/1.1" 404 196
::1 - - [03/May/2025:06:25:50 +0600] "GET /cgi-bin/check_session.py HTTP/1.1" 200 16
::1 - - [03/May/2025:06:25:50 +0600] "POST /cgi-bin/save_search_request.py HTTP/1.1" 200 67
::1 - - [03/May/2025:06:25:50 +0600] "POST /cgi-bin/search_flights.py HTTP/1.1" 200 486
::1 - - [03/May/2025:06:26:06 +0600] "GET /img/aeroflot.png HTTP/1.1" 404 196
::1 - - [03/May/2025:06:26:12 +0600] "GET /cgi-bin/check_session.py HTTP/1.1" 200 16
::1 - - [03/May/2025:06:26:12 +0600] "POST /cgi-bin/book_flight.py HTTP/1.1" 200 69
::1 - - [03/May/2025:06:26:12 +0600] "GET /cgi-bin/generate_ticket.py?booking_id=3 HTTP/1.1" 200 -
::1 - - [03/May/2025:06:27:12 +0600] "-" 408 -
::1 - - [03/May/2025:06:32:19 +0600] "GET /static/Design3.1.html HTTP/1.1" 304 -
::1 - - [03/May/2025:06:32:19 +0600] "GET /cdn-cgi/scripts/5c5dd728/cloudflare-static/email-decode.min.js HTTP/1.1" 404 196
::1 - - [03/May/2025:06:32:19 +0600] "GET /cdn-cgi/challenge-platform/scripts/jsd/main.js HTTP/1.1" 404 196
::1 - - [03/May/2025:06:32:20 +0600] "GET /static/Design3.1.html HTTP/1.1" 304 -
::1 - - [03/May/2025:06:32:20 +0600] "GET /cdn-cgi/scripts/5c5dd728/cloudflare-static/email-decode.min.js HTTP/1.1" 404 196
::1 - - [03/May/2025:06:32:20 +0600] "GET /cdn-cgi/challenge-platform/scripts/jsd/main.js HTTP/1.1" 404 196
::1 - - [03/May/2025:06:32:20 +0600] "GET /static/Design3.1.html HTTP/1.1" 304 -
::1 - - [03/May/2025:06:32:20 +0600] "GET /cdn-cgi/scripts/5c5dd728/cloudflare-static/email-decode.min.js HTTP/1.1" 404 196
::1 - - [03/May/2025:06:32:20 +0600] "GET /cdn-cgi/challenge-platform/scripts/jsd/main.js HTTP/1.1" 404 196
::1 - - [03/May/2025:06:32:20 +0600] "GET /static/Design3.1.html HTTP/1.1" 304 -
::1 - - [03/May/2025:06:32:20 +0600] "GET /cdn-cgi/scripts/5c5dd728/cloudflare-static/email-decode.min.js HTTP/1.1" 404 196
::1 - - [03/May/2025:06:32:20 +0600] "GET /cdn-cgi/challenge-platform/scripts/jsd/main.js HTTP/1.1" 404 196
::1 - - [03/May/2025:06:32:26 +0600] "GET /cgi-bin/check_session.py HTTP/1.1" 200 16
::1 - - [03/May/2025:06:32:27 +0600] "POST /cgi-bin/save_search_request.py HTTP/1.1" 200 67
::1 - - [03/May/2025:06:32:27 +0600] "POST /cgi-bin/search_flights.py HTTP/1.1" 200 930
::1 - - [03/May/2025:06:32:44 +0600] "GET /img/valuair.png HTTP/1.1" 404 196
::1 - - [03/May/2025:06:32:44 +0600] "GET /img/atlasglobal.png HTTP/1.1" 404 196
::1 - - [03/May/2025:06:32:52 +0600] "GET /cgi-bin/check_session.py HTTP/1.1" 200 16
::1 - - [03/May/2025:06:32:52 +0600] "POST /cgi-bin/book_flight.py HTTP/1.1" 200 69
::1 - - [03/May/2025:06:32:52 +0600] "GET /cgi-bin/generate_ticket.py?booking_id=4 HTTP/1.1" 200 -
::1 - - [03/May/2025:06:33:25 +0600] "GET /.well-known/appspecific/com.chrome.devtools.json HTTP/1.1" 404 196
::1 - - [03/May/2025:06:33:36 +0600] "GET /cgi-bin/generate_ticket.py?booking_id=4 HTTP/1.1" 200 -
::1 - - [03/May/2025:06:34:06 +0600] "GET /static/Design3.1.html HTTP/1.1" 304 -
::1 - - [03/May/2025:06:34:06 +0600] "GET /cdn-cgi/scripts/5c5dd728/cloudflare-static/email-decode.min.js HTTP/1.1" 404 196
::1 - - [03/May/2025:06:34:06 +0600] "GET /cdn-cgi/challenge-platform/scripts/jsd/main.js HTTP/1.1" 404 196
::1 - - [03/May/2025:06:34:07 +0600] "GET /static/Design3.1.html HTTP/1.1" 304 -
::1 - - [03/May/2025:06:34:07 +0600] "GET /cdn-cgi/scripts/5c5dd728/cloudflare-static/email-decode.min.js HTTP/1.1" 404 196
::1 - - [03/May/2025:06:34:07 +0600] "GET /cdn-cgi/challenge-platform/scripts/jsd/main.js HTTP/1.1" 404 196
::1 - - [03/May/2025:06:34:07 +0600] "GET /static/Design3.1.html HTTP/1.1" 304 -
::1 - - [03/May/2025:06:34:07 +0600] "GET /cdn-cgi/scripts/5c5dd728/cloudflare-static/email-decode.min.js HTTP/1.1" 404 196
::1 - - [03/May/2025:06:34:07 +0600] "GET /cdn-cgi/challenge-platform/scripts/jsd/main.js HTTP/1.1" 404 196
::1 - - [03/May/2025:06:34:15 +0600] "GET /cgi-bin/check_session.py HTTP/1.1" 200 16
::1 - - [03/May/2025:06:34:15 +0600] "POST /cgi-bin/save_search_request.py HTTP/1.1" 200 67
::1 - - [03/May/2025:06:34:15 +0600] "POST /cgi-bin/search_flights.py HTTP/1.1" 200 940
::1 - - [03/May/2025:06:34:31 +0600] "GET /img/aeroflot.png HTTP/1.1" 404 196
::1 - - [03/May/2025:06:34:44 +0600] "GET /cgi-bin/check_session.py HTTP/1.1" 200 16
::1 - - [03/May/2025:06:34:44 +0600] "POST /cgi-bin/book_flight.py HTTP/1.1" 200 69
::1 - - [03/May/2025:06:34:44 +0600] "GET /cgi-bin/generate_ticket.py?booking_id=5 HTTP/1.1" 200 -
::1 - - [03/May/2025:06:35:30 +0600] "GET /static/Design3.1.html?first_name=%D0%98%D0%B2%D0%B0%D0%BD&last_name=%D0%98%D0%B2%D0%B0%D0%BD&email=ivan%40ivanov.ru&flight_id=2&passengers=1&price=22615 HTTP/1.1" 200 28321
::1 - - [03/May/2025:06:35:30 +0600] "GET /cdn-cgi/scripts/5c5dd728/cloudflare-static/email-decode.min.js HTTP/1.1" 404 196
::1 - - [03/May/2025:06:35:30 +0600] "GET /cdn-cgi/challenge-platform/scripts/jsd/main.js HTTP/1.1" 404 196
::1 - - [03/May/2025:06:35:39 +0600] "GET /cdn-cgi/scripts/5c5dd728/cloudflare-static/email-decode.min.js HTTP/1.1" 404 196
::1 - - [03/May/2025:06:35:39 +0600] "GET /cdn-cgi/challenge-platform/scripts/jsd/main.js HTTP/1.1" 404 196
::1 - - [03/May/2025:06:35:47 +0600] "GET /cgi-bin/check_session.py HTTP/1.1" 200 16
::1 - - [03/May/2025:06:35:47 +0600] "POST /cgi-bin/save_search_request.py HTTP/1.1" 200 67
::1 - - [03/May/2025:06:35:47 +0600] "POST /cgi-bin/search_flights.py HTTP/1.1" 200 485
::1 - - [03/May/2025:06:36:04 +0600] "GET /img/a4.png HTTP/1.1" 404 196
::1 - - [03/May/2025:06:36:16 +0600] "GET /cgi-bin/check_session.py HTTP/1.1" 200 16
::1 - - [03/May/2025:06:36:16 +0600] "POST /cgi-bin/book_flight.py HTTP/1.1" 200 69
::1 - - [03/May/2025:06:36:16 +0600] "GET /cgi-bin/generate_ticket.py?booking_id=6 HTTP/1.1" 200 -
::1 - - [03/May/2025:06:37:16 +0600] "-" 408 -
::1 - - [03/May/2025:06:40:32 +0600] "GET /static/Design3.1.html HTTP/1.1" 304 -
::1 - - [03/May/2025:06:40:32 +0600] "GET /cdn-cgi/scripts/5c5dd728/cloudflare-static/email-decode.min.js HTTP/1.1" 404 196
::1 - - [03/May/2025:06:40:32 +0600] "GET /cdn-cgi/challenge-platform/scripts/jsd/main.js HTTP/1.1" 404 196
::1 - - [03/May/2025:06:40:33 +0600] "GET /static/Design3.1.html HTTP/1.1" 304 -
::1 - - [03/May/2025:06:40:33 +0600] "GET /cdn-cgi/scripts/5c5dd728/cloudflare-static/email-decode.min.js HTTP/1.1" 404 196
::1 - - [03/May/2025:06:40:33 +0600] "GET /cdn-cgi/challenge-platform/scripts/jsd/main.js HTTP/1.1" 404 196
::1 - - [03/May/2025:06:40:33 +0600] "GET /static/Design3.1.html HTTP/1.1" 304 -
::1 - - [03/May/2025:06:40:33 +0600] "GET /cdn-cgi/scripts/5c5dd728/cloudflare-static/email-decode.min.js HTTP/1.1" 404 196
::1 - - [03/May/2025:06:40:33 +0600] "GET /cdn-cgi/challenge-platform/scripts/jsd/main.js HTTP/1.1" 404 196
::1 - - [03/May/2025:06:40:39 +0600] "GET /cgi-bin/check_session.py HTTP/1.1" 200 16
::1 - - [03/May/2025:06:40:39 +0600] "POST /cgi-bin/save_search_request.py HTTP/1.1" 200 67
::1 - - [03/May/2025:06:40:39 +0600] "POST /cgi-bin/search_flights.py HTTP/1.1" 200 930
::1 - - [03/May/2025:06:40:56 +0600] "GET /img/valuair.png HTTP/1.1" 404 196
::1 - - [03/May/2025:06:40:56 +0600] "GET /img/atlasglobal.png HTTP/1.1" 404 196
::1 - - [03/May/2025:06:41:03 +0600] "GET /cgi-bin/check_session.py HTTP/1.1" 200 16
::1 - - [03/May/2025:06:41:03 +0600] "POST /cgi-bin/book_flight.py HTTP/1.1" 200 69
::1 - - [03/May/2025:06:41:03 +0600] "GET /cgi-bin/generate_ticket.py?booking_id=7 HTTP/1.1" 200 -
::1 - - [03/May/2025:06:42:03 +0600] "-" 408 -
::1 - - [03/May/2025:06:50:58 +0600] "GET /static/Design3.1.html HTTP/1.1" 304 -
::1 - - [03/May/2025:06:50:58 +0600] "GET /cdn-cgi/scripts/5c5dd728/cloudflare-static/email-decode.min.js HTTP/1.1" 404 196
::1 - - [03/May/2025:06:50:58 +0600] "GET /cdn-cgi/challenge-platform/scripts/jsd/main.js HTTP/1.1" 404 196
::1 - - [03/May/2025:06:50:58 +0600] "GET /static/Design3.1.html HTTP/1.1" 304 -
::1 - - [03/May/2025:06:50:58 +0600] "GET /cdn-cgi/scripts/5c5dd728/cloudflare-static/email-decode.min.js HTTP/1.1" 404 196
::1 - - [03/May/2025:06:50:58 +0600] "GET /cdn-cgi/challenge-platform/scripts/jsd/main.js HTTP/1.1" 404 196
::1 - - [03/May/2025:06:50:58 +0600] "GET /static/Design3.1.html HTTP/1.1" 304 -
::1 - - [03/May/2025:06:50:58 +0600] "GET /cdn-cgi/scripts/5c5dd728/cloudflare-static/email-decode.min.js HTTP/1.1" 404 196
::1 - - [03/May/2025:06:50:58 +0600] "GET /cdn-cgi/challenge-platform/scripts/jsd/main.js HTTP/1.1" 404 196
::1 - - [03/May/2025:06:51:07 +0600] "GET /cgi-bin/check_session.py HTTP/1.1" 200 16
::1 - - [03/May/2025:06:51:07 +0600] "POST /cgi-bin/save_search_request.py HTTP/1.1" 200 67
::1 - - [03/May/2025:06:51:07 +0600] "POST /cgi-bin/search_flights.py HTTP/1.1" 200 886
::1 - - [03/May/2025:06:51:24 +0600] "GET /img/scatairlines.png HTTP/1.1" 404 196
::1 - - [03/May/2025:06:51:24 +0600] "GET /img/airastana.png HTTP/1.1" 404 196
::1 - - [03/May/2025:06:51:30 +0600] "GET /cgi-bin/check_session.py HTTP/1.1" 200 16
::1 - - [03/May/2025:06:51:30 +0600] "POST /cgi-bin/book_flight.py HTTP/1.1" 200 69
::1 - - [03/May/2025:06:51:31 +0600] "GET /cgi-bin/generate_ticket.py?booking_id=8 HTTP/1.1" 200 2128
::1 - - [03/May/2025:06:52:31 +0600] "-" 408 -
::1 - - [03/May/2025:06:53:34 +0600] "GET /static/Design3.1.html HTTP/1.1" 304 -
::1 - - [03/May/2025:06:53:34 +0600] "GET /cdn-cgi/scripts/5c5dd728/cloudflare-static/email-decode.min.js HTTP/1.1" 404 196
::1 - - [03/May/2025:06:53:34 +0600] "GET /cdn-cgi/challenge-platform/scripts/jsd/main.js HTTP/1.1" 404 196
::1 - - [03/May/2025:06:53:35 +0600] "GET /static/Design3.1.html HTTP/1.1" 304 -
::1 - - [03/May/2025:06:53:35 +0600] "GET /cdn-cgi/scripts/5c5dd728/cloudflare-static/email-decode.min.js HTTP/1.1" 404 196
::1 - - [03/May/2025:06:53:35 +0600] "GET /cdn-cgi/challenge-platform/scripts/jsd/main.js HTTP/1.1" 404 196
::1 - - [03/May/2025:06:53:41 +0600] "GET /cgi-bin/check_session.py HTTP/1.1" 200 16
::1 - - [03/May/2025:06:53:41 +0600] "POST /cgi-bin/save_search_request.py HTTP/1.1" 200 67
::1 - - [03/May/2025:06:53:42 +0600] "POST /cgi-bin/search_flights.py HTTP/1.1" 200 486
::1 - - [03/May/2025:06:53:58 +0600] "GET /img/aeroflot.png HTTP/1.1" 404 196
::1 - - [03/May/2025:06:54:05 +0600] "GET /cgi-bin/check_session.py HTTP/1.1" 200 16
::1 - - [03/May/2025:06:54:05 +0600] "POST /cgi-bin/book_flight.py HTTP/1.1" 200 69
::1 - - [03/May/2025:06:54:05 +0600] "GET /cgi-bin/generate_ticket.py?booking_id=9 HTTP/1.1" 200 2379
::1 - - [03/May/2025:06:55:05 +0600] "-" 408 -
::1 - - [03/May/2025:06:55:20 +0600] "GET /static/login.html HTTP/1.1" 404 196
::1 - - [03/May/2025:06:55:33 +0600] "GET /cdn-cgi/challenge-platform/scripts/jsd/main.js HTTP/1.1" 404 196
::1 - - [03/May/2025:06:55:34 +0600] "GET /static/ HTTP/1.1" 200 546
::1 - - [03/May/2025:06:55:39 +0600] "GET /static/Design3.1.html HTTP/1.1" 304 -
::1 - - [03/May/2025:06:55:39 +0600] "GET /cdn-cgi/scripts/5c5dd728/cloudflare-static/email-decode.min.js HTTP/1.1" 404 196
::1 - - [03/May/2025:06:55:39 +0600] "GET /cdn-cgi/challenge-platform/scripts/jsd/main.js HTTP/1.1" 404 196
::1 - - [03/May/2025:06:55:40 +0600] "GET /static/Design3.1.html HTTP/1.1" 304 -
::1 - - [03/May/2025:06:55:40 +0600] "GET /cdn-cgi/scripts/5c5dd728/cloudflare-static/email-decode.min.js HTTP/1.1" 404 196
::1 - - [03/May/2025:06:55:40 +0600] "GET /cdn-cgi/challenge-platform/scripts/jsd/main.js HTTP/1.1" 404 196
::1 - - [03/May/2025:06:56:04 +0600] "GET /cgi-bin/check_session.py HTTP/1.1" 200 16
::1 - - [03/May/2025:06:56:04 +0600] "POST /cgi-bin/save_search_request.py HTTP/1.1" 200 67
::1 - - [03/May/2025:06:56:12 +0600] "GET /cgi-bin/check_session.py HTTP/1.1" 200 16
::1 - - [03/May/2025:06:56:12 +0600] "POST /cgi-bin/save_search_request.py HTTP/1.1" 200 67
::1 - - [03/May/2025:06:56:12 +0600] "GET /cgi-bin/check_session.py HTTP/1.1" 200 16
::1 - - [03/May/2025:06:56:13 +0600] "POST /cgi-bin/save_search_request.py HTTP/1.1" 200 67
::1 - - [03/May/2025:06:56:04 +0600] "POST /cgi-bin/search_flights.py HTTP/1.1" 200 485
::1 - - [03/May/2025:06:56:20 +0600] "GET /img/a4.png HTTP/1.1" 404 196
::1 - - [03/May/2025:06:56:24 +0600] "GET /cgi-bin/check_session.py HTTP/1.1" 200 16
::1 - - [03/May/2025:06:56:25 +0600] "POST /cgi-bin/book_flight.py HTTP/1.1" 200 70
::1 - - [03/May/2025:06:56:25 +0600] "GET /cgi-bin/generate_ticket.py?booking_id=10 HTTP/1.1" 200 2381
::1 - - [03/May/2025:06:56:12 +0600] "POST /cgi-bin/search_flights.py HTTP/1.1" 200 886
::1 - - [03/May/2025:06:56:13 +0600] "POST /cgi-bin/search_flights.py HTTP/1.1" 200 886
::1 - - [03/May/2025:06:56:43 +0600] "GET /img/airastana.png HTTP/1.1" 404 196
::1 - - [03/May/2025:06:56:43 +0600] "GET /img/scatairlines.png HTTP/1.1" 404 196
::1 - - [03/May/2025:07:04:53 +0600] "GET /static/Design3.1.html HTTP/1.1" 200 28339
::1 - - [03/May/2025:07:04:53 +0600] "GET /cdn-cgi/scripts/5c5dd728/cloudflare-static/email-decode.min.js HTTP/1.1" 404 196
::1 - - [03/May/2025:07:04:53 +0600] "GET /cdn-cgi/challenge-platform/scripts/jsd/main.js HTTP/1.1" 404 196
::1 - - [03/May/2025:07:04:54 +0600] "GET /static/Design3.1.html HTTP/1.1" 304 -
::1 - - [03/May/2025:07:04:54 +0600] "GET /cdn-cgi/scripts/5c5dd728/cloudflare-static/email-decode.min.js HTTP/1.1" 404 196
::1 - - [03/May/2025:07:04:54 +0600] "GET /cdn-cgi/challenge-platform/scripts/jsd/main.js HTTP/1.1" 404 196
::1 - - [03/May/2025:07:04:55 +0600] "GET /static/Design3.1.html HTTP/1.1" 304 -
::1 - - [03/May/2025:07:04:55 +0600] "GET /cdn-cgi/scripts/5c5dd728/cloudflare-static/email-decode.min.js HTTP/1.1" 404 196
::1 - - [03/May/2025:07:04:55 +0600] "GET /cdn-cgi/challenge-platform/scripts/jsd/main.js HTTP/1.1" 404 196
::1 - - [03/May/2025:07:05:06 +0600] "GET /static/Design3.1.html HTTP/1.1" 200 28340
::1 - - [03/May/2025:07:05:06 +0600] "GET /cdn-cgi/scripts/5c5dd728/cloudflare-static/email-decode.min.js HTTP/1.1" 404 196
::1 - - [03/May/2025:07:05:06 +0600] "GET /cdn-cgi/challenge-platform/scripts/jsd/main.js HTTP/1.1" 404 196
::1 - - [03/May/2025:07:05:07 +0600] "GET /static/Design3.1.html HTTP/1.1" 304 -
::1 - - [03/May/2025:07:05:07 +0600] "GET /cdn-cgi/scripts/5c5dd728/cloudflare-static/email-decode.min.js HTTP/1.1" 404 196
::1 - - [03/May/2025:07:05:07 +0600] "GET /cdn-cgi/challenge-platform/scripts/jsd/main.js HTTP/1.1" 404 196
::1 - - [03/May/2025:07:05:07 +0600] "GET /static/Design3.1.html HTTP/1.1" 304 -
::1 - - [03/May/2025:07:05:07 +0600] "GET /cdn-cgi/scripts/5c5dd728/cloudflare-static/email-decode.min.js HTTP/1.1" 404 196
::1 - - [03/May/2025:07:05:07 +0600] "GET /cdn-cgi/challenge-platform/scripts/jsd/main.js HTTP/1.1" 404 196
::1 - - [03/May/2025:07:05:07 +0600] "GET /static/Design3.1.html HTTP/1.1" 304 -
::1 - - [03/May/2025:07:05:07 +0600] "GET /cdn-cgi/scripts/5c5dd728/cloudflare-static/email-decode.min.js HTTP/1.1" 404 196
::1 - - [03/May/2025:07:05:07 +0600] "GET /cdn-cgi/challenge-platform/scripts/jsd/main.js HTTP/1.1" 404 196
::1 - - [03/May/2025:07:05:07 +0600] "GET /static/Design3.1.html HTTP/1.1" 304 -
::1 - - [03/May/2025:07:05:07 +0600] "GET /cdn-cgi/scripts/5c5dd728/cloudflare-static/email-decode.min.js HTTP/1.1" 404 196
::1 - - [03/May/2025:07:05:07 +0600] "GET /cdn-cgi/challenge-platform/scripts/jsd/main.js HTTP/1.1" 404 196
::1 - - [03/May/2025:07:05:09 +0600] "GET /.well-known/appspecific/com.chrome.devtools.json HTTP/1.1" 404 196
::1 - - [03/May/2025:07:06:06 +0600] "-" 408 -
::1 - - [03/May/2025:07:08:06 +0600] "-" 408 -
::1 - - [03/May/2025:07:10:25 +0600] "GET /static/Design3.1.html HTTP/1.1" 200 28721
::1 - - [03/May/2025:07:10:25 +0600] "GET /cdn-cgi/scripts/5c5dd728/cloudflare-static/email-decode.min.js HTTP/1.1" 404 196
::1 - - [03/May/2025:07:10:25 +0600] "GET /cdn-cgi/challenge-platform/scripts/jsd/main.js HTTP/1.1" 404 196
::1 - - [03/May/2025:07:10:26 +0600] "GET /static/Design3.1.html HTTP/1.1" 304 -
::1 - - [03/May/2025:07:10:26 +0600] "GET /cdn-cgi/scripts/5c5dd728/cloudflare-static/email-decode.min.js HTTP/1.1" 404 196
::1 - - [03/May/2025:07:10:26 +0600] "GET /cdn-cgi/challenge-platform/scripts/jsd/main.js HTTP/1.1" 404 196
::1 - - [03/May/2025:07:10:32 +0600] "GET /cgi-bin/check_session.py HTTP/1.1" 200 16
::1 - - [03/May/2025:07:10:33 +0600] "POST /cgi-bin/save_search_request.py HTTP/1.1" 200 67
::1 - - [03/May/2025:07:10:33 +0600] "POST /cgi-bin/search_flights.py HTTP/1.1" 200 916
::1 - - [03/May/2025:07:10:50 +0600] "GET /img/scatairlines.png HTTP/1.1" 404 196
::1 - - [03/May/2025:07:10:51 +0600] "GET /img/pc.png HTTP/1.1" 404 196
::1 - - [03/May/2025:07:11:06 +0600] "GET /cgi-bin/check_session.py HTTP/1.1" 200 16
::1 - - [03/May/2025:07:11:06 +0600] "POST /cgi-bin/book_flight.py HTTP/1.1" 200 70
::1 - - [03/May/2025:07:11:06 +0600] "GET /cgi-bin/generate_ticket.py?booking_id=11 HTTP/1.1" 200 2381
::1 - - [03/May/2025:07:12:06 +0600] "-" 408 -
::1 - - [03/May/2025:07:14:14 +0600] "GET /static/Design3.1.html HTTP/1.1" 304 -
::1 - - [03/May/2025:07:14:14 +0600] "GET /cdn-cgi/scripts/5c5dd728/cloudflare-static/email-decode.min.js HTTP/1.1" 404 196
::1 - - [03/May/2025:07:14:14 +0600] "GET /cdn-cgi/challenge-platform/scripts/jsd/main.js HTTP/1.1" 404 196
::1 - - [03/May/2025:07:14:14 +0600] "GET /static/Design3.1.html HTTP/1.1" 304 -
::1 - - [03/May/2025:07:14:14 +0600] "GET /cdn-cgi/scripts/5c5dd728/cloudflare-static/email-decode.min.js HTTP/1.1" 404 196
::1 - - [03/May/2025:07:14:14 +0600] "GET /cdn-cgi/challenge-platform/scripts/jsd/main.js HTTP/1.1" 404 196
::1 - - [03/May/2025:07:14:21 +0600] "GET /cgi-bin/check_session.py HTTP/1.1" 200 16
::1 - - [03/May/2025:07:14:21 +0600] "POST /cgi-bin/save_search_request.py HTTP/1.1" 200 67
::1 - - [03/May/2025:07:14:21 +0600] "POST /cgi-bin/search_flights.py HTTP/1.1" 200 930
::1 - - [03/May/2025:07:14:37 +0600] "GET /img/valuair.png HTTP/1.1" 404 196
::1 - - [03/May/2025:07:14:37 +0600] "GET /img/atlasglobal.png HTTP/1.1" 404 196
::1 - - [03/May/2025:07:14:42 +0600] "GET /cgi-bin/check_session.py HTTP/1.1" 200 16
::1 - - [03/May/2025:07:14:42 +0600] "POST /cgi-bin/book_flight.py HTTP/1.1" 200 70
::1 - - [03/May/2025:07:14:42 +0600] "GET /cgi-bin/generate_ticket.py?booking_id=12 HTTP/1.1" 200 -
::1 - - [03/May/2025:07:15:42 +0600] "-" 408 -
::1 - - [03/May/2025:07:15:55 +0600] "GET /static/Design3.1.html HTTP/1.1" 304 -
::1 - - [03/May/2025:07:15:55 +0600] "GET /cdn-cgi/scripts/5c5dd728/cloudflare-static/email-decode.min.js HTTP/1.1" 404 196
::1 - - [03/May/2025:07:15:55 +0600] "GET /cdn-cgi/challenge-platform/scripts/jsd/main.js HTTP/1.1" 404 196
::1 - - [03/May/2025:07:16:55 +0600] "-" 408 -
::1 - - [03/May/2025:07:26:33 +0600] "GET /static/Design3.1.html HTTP/1.1" 200 29680
::1 - - [03/May/2025:07:26:33 +0600] "GET /cdn-cgi/scripts/5c5dd728/cloudflare-static/email-decode.min.js HTTP/1.1" 404 196
::1 - - [03/May/2025:07:26:33 +0600] "GET /cdn-cgi/challenge-platform/scripts/jsd/main.js HTTP/1.1" 404 196
::1 - - [03/May/2025:07:27:06 +0600] "GET /static/Design3.1.html HTTP/1.1" 200 28721
::1 - - [03/May/2025:07:27:06 +0600] "GET /cdn-cgi/scripts/5c5dd728/cloudflare-static/email-decode.min.js HTTP/1.1" 404 196
::1 - - [03/May/2025:07:27:06 +0600] "GET /cdn-cgi/challenge-platform/scripts/jsd/main.js HTTP/1.1" 404 196
::1 - - [03/May/2025:07:28:06 +0600] "-" 408 -
::1 - - [03/May/2025:07:32:49 +0600] "GET /static/Design3.1.html HTTP/1.1" 200 32649
::1 - - [03/May/2025:07:32:49 +0600] "GET /cdn-cgi/scripts/5c5dd728/cloudflare-static/email-decode.min.js HTTP/1.1" 404 196
::1 - - [03/May/2025:07:32:49 +0600] "GET /cdn-cgi/challenge-platform/scripts/jsd/main.js HTTP/1.1" 404 196
::1 - - [03/May/2025:07:33:08 +0600] "GET /cgi-bin/check_session.py HTTP/1.1" 200 16
::1 - - [03/May/2025:07:33:09 +0600] "POST /cgi-bin/save_search_request.py HTTP/1.1" 200 67
::1 - - [03/May/2025:07:33:09 +0600] "POST /cgi-bin/search_flights.py HTTP/1.1" 200 486
::1 - - [03/May/2025:07:33:25 +0600] "GET /img/fs.png HTTP/1.1" 404 196
::1 - - [03/May/2025:07:33:37 +0600] "GET /cgi-bin/check_session.py HTTP/1.1" 200 16
::1 - - [03/May/2025:07:33:37 +0600] "POST /cgi-bin/book_flight.py HTTP/1.1" 200 70
::1 - - [03/May/2025:07:33:37 +0600] "GET /cgi-bin/generate_ticket.py?booking_id=13 HTTP/1.1" 200 2381
::1 - - [03/May/2025:07:34:37 +0600] "-" 408 -
::1 - - [03/May/2025:07:41:31 +0600] "GET /static/Design3.1.html HTTP/1.1" 200 32924
::1 - - [03/May/2025:07:41:31 +0600] "GET /cdn-cgi/scripts/5c5dd728/cloudflare-static/email-decode.min.js HTTP/1.1" 404 196
::1 - - [03/May/2025:07:41:31 +0600] "GET /cdn-cgi/challenge-platform/scripts/jsd/main.js HTTP/1.1" 404 196
::1 - - [03/May/2025:07:41:33 +0600] "GET /static/Design3.1.html HTTP/1.1" 304 -
::1 - - [03/May/2025:07:41:33 +0600] "GET /cdn-cgi/scripts/5c5dd728/cloudflare-static/email-decode.min.js HTTP/1.1" 404 196
::1 - - [03/May/2025:07:41:33 +0600] "GET /cdn-cgi/challenge-platform/scripts/jsd/main.js HTTP/1.1" 404 196
::1 - - [03/May/2025:07:41:45 +0600] "GET /cgi-bin/check_session.py HTTP/1.1" 200 16
::1 - - [03/May/2025:07:41:45 +0600] "POST /cgi-bin/save_search_request.py HTTP/1.1" 200 67
::1 - - [03/May/2025:07:41:45 +0600] "POST /cgi-bin/search_flights.py HTTP/1.1" 200 930
::1 - - [03/May/2025:07:42:03 +0600] "GET /img/valuair.png HTTP/1.1" 404 196
::1 - - [03/May/2025:07:42:03 +0600] "GET /img/atlasglobal.png HTTP/1.1" 404 196
::1 - - [03/May/2025:07:42:19 +0600] "GET /cgi-bin/check_session.py HTTP/1.1" 200 16
::1 - - [03/May/2025:07:42:19 +0600] "POST /cgi-bin/book_flight.py HTTP/1.1" 200 70
::1 - - [03/May/2025:07:42:19 +0600] "GET /cgi-bin/generate_ticket.py?booking_id=14 HTTP/1.1" 200 2381
::1 - - [03/May/2025:07:43:16 +0600] "GET /.well-known/appspecific/com.chrome.devtools.json HTTP/1.1" 404 196
::1 - - [03/May/2025:07:43:52 +0600] "GET /static/Design3.1.html HTTP/1.1" 200 32927
::1 - - [03/May/2025:07:43:52 +0600] "GET /cdn-cgi/scripts/5c5dd728/cloudflare-static/email-decode.min.js HTTP/1.1" 404 196
::1 - - [03/May/2025:07:43:52 +0600] "GET /.well-known/appspecific/com.chrome.devtools.json HTTP/1.1" 404 196
::1 - - [03/May/2025:07:43:52 +0600] "GET /cdn-cgi/challenge-platform/scripts/jsd/main.js HTTP/1.1" 404 196
::1 - - [03/May/2025:07:44:00 +0600] "GET /cgi-bin/check_session.py HTTP/1.1" 200 16
::1 - - [03/May/2025:07:44:00 +0600] "POST /cgi-bin/save_search_request.py HTTP/1.1" 200 67
::1 - - [03/May/2025:07:44:00 +0600] "POST /cgi-bin/search_flights.py HTTP/1.1" 200 486
::1 - - [03/May/2025:07:44:16 +0600] "GET /img/fs.png HTTP/1.1" 404 196
::1 - - [03/May/2025:11:55:57 +0600] "GET /static/Design3.1.html HTTP/1.1" 200 32927
::1 - - [03/May/2025:11:55:57 +0600] "GET /cdn-cgi/scripts/5c5dd728/cloudflare-static/email-decode.min.js HTTP/1.1" 404 196
::1 - - [03/May/2025:11:55:59 +0600] "GET /cdn-cgi/challenge-platform/scripts/jsd/main.js HTTP/1.1" 404 196
::1 - - [03/May/2025:11:56:00 +0600] "GET /favicon.ico HTTP/1.1" 404 196
::1 - - [03/May/2025:11:56:16 +0600] "GET /cgi-bin/check_session.py HTTP/1.1" 200 16
::1 - - [03/May/2025:11:56:16 +0600] "POST /cgi-bin/save_search_request.py HTTP/1.1" 200 67
::1 - - [03/May/2025:11:56:16 +0600] "POST /cgi-bin/search_flights.py HTTP/1.1" 200 480
::1 - - [03/May/2025:11:56:34 +0600] "GET /img/fs.png HTTP/1.1" 404 196
::1 - - [03/May/2025:11:56:56 +0600] "GET /cgi-bin/check_session.py HTTP/1.1" 200 16
::1 - - [03/May/2025:11:56:56 +0600] "POST /cgi-bin/book_flight.py HTTP/1.1" 200 70
::1 - - [03/May/2025:11:56:56 +0600] "GET /cgi-bin/generate_ticket.py?booking_id=15 HTTP/1.1" 200 2381
::1 - - [03/May/2025:12:06:32 +0600] "GET /static/Design3.1.html HTTP/1.1" 304 -
::1 - - [03/May/2025:12:06:32 +0600] "GET /cdn-cgi/scripts/5c5dd728/cloudflare-static/email-decode.min.js HTTP/1.1" 404 196
::1 - - [03/May/2025:12:06:32 +0600] "GET /cdn-cgi/challenge-platform/scripts/jsd/main.js HTTP/1.1" 404 196
::1 - - [03/May/2025:12:06:33 +0600] "GET /static/Design3.1.html HTTP/1.1" 304 -
::1 - - [03/May/2025:12:06:33 +0600] "GET /cdn-cgi/scripts/5c5dd728/cloudflare-static/email-decode.min.js HTTP/1.1" 404 196
::1 - - [03/May/2025:12:06:33 +0600] "GET /cdn-cgi/challenge-platform/scripts/jsd/main.js HTTP/1.1" 404 196
::1 - - [03/May/2025:12:06:45 +0600] "GET /cgi-bin/check_session.py HTTP/1.1" 200 16
::1 - - [03/May/2025:12:06:45 +0600] "POST /cgi-bin/save_search_request.py HTTP/1.1" 200 67
::1 - - [03/May/2025:12:06:45 +0600] "POST /cgi-bin/search_flights.py HTTP/1.1" 200 524
::1 - - [03/May/2025:12:07:11 +0600] "GET /cgi-bin/check_session.py HTTP/1.1" 200 16
::1 - - [03/May/2025:12:07:11 +0600] "POST /cgi-bin/save_search_request.py HTTP/1.1" 200 67
::1 - - [03/May/2025:12:07:11 +0600] "POST /cgi-bin/search_flights.py HTTP/1.1" 200 524
::1 - - [03/May/2025:12:07:40 +0600] "GET /cgi-bin/check_session.py HTTP/1.1" 200 16
::1 - - [03/May/2025:12:07:40 +0600] "POST /cgi-bin/save_search_request.py HTTP/1.1" 200 67
::1 - - [03/May/2025:12:07:45 +0600] "GET /cgi-bin/check_session.py HTTP/1.1" 200 16
::1 - - [03/May/2025:12:07:45 +0600] "POST /cgi-bin/save_search_request.py HTTP/1.1" 200 67
::1 - - [03/May/2025:12:07:46 +0600] "GET /cgi-bin/check_session.py HTTP/1.1" 200 16
::1 - - [03/May/2025:12:07:46 +0600] "POST /cgi-bin/save_search_request.py HTTP/1.1" 200 67
::1 - - [03/May/2025:12:07:48 +0600] "GET /cgi-bin/check_session.py HTTP/1.1" 200 16
::1 - - [03/May/2025:12:07:48 +0600] "POST /cgi-bin/save_search_request.py HTTP/1.1" 200 67
::1 - - [03/May/2025:12:07:41 +0600] "POST /cgi-bin/search_flights.py HTTP/1.1" 200 524
::1 - - [03/May/2025:12:07:46 +0600] "POST /cgi-bin/search_flights.py HTTP/1.1" 200 486
::1 - - [03/May/2025:12:08:03 +0600] "GET /img/aeroflot.png HTTP/1.1" 404 196
::1 - - [03/May/2025:12:07:47 +0600] "POST /cgi-bin/search_flights.py HTTP/1.1" 200 486
::1 - - [03/May/2025:12:08:03 +0600] "GET /img/aeroflot.png HTTP/1.1" 404 196
::1 - - [03/May/2025:12:07:48 +0600] "POST /cgi-bin/search_flights.py HTTP/1.1" 200 486
::1 - - [03/May/2025:12:08:05 +0600] "GET /img/aeroflot.png HTTP/1.1" 404 196
::1 - - [03/May/2025:12:08:12 +0600] "GET /cgi-bin/check_session.py HTTP/1.1" 200 16
::1 - - [03/May/2025:12:08:12 +0600] "POST /cgi-bin/save_search_request.py HTTP/1.1" 200 67
::1 - - [03/May/2025:12:08:12 +0600] "POST /cgi-bin/search_flights.py HTTP/1.1" 200 524
::1 - - [03/May/2025:12:18:19 +0600] "GET /static/Design3.1.html HTTP/1.1" 200 34054
::1 - - [03/May/2025:12:18:19 +0600] "GET /cdn-cgi/scripts/5c5dd728/cloudflare-static/email-decode.min.js HTTP/1.1" 404 196
::1 - - [03/May/2025:12:18:19 +0600] "GET /cdn-cgi/challenge-platform/scripts/jsd/main.js HTTP/1.1" 404 196
::1 - - [03/May/2025:12:18:19 +0600] "GET /cdn-cgi/challenge-platform/scripts/jsd/main.js HTTP/1.1" 404 196
::1 - - [03/May/2025:12:18:20 +0600] "GET /static/Design3.1.html HTTP/1.1" 304 -
::1 - - [03/May/2025:12:18:20 +0600] "GET /cdn-cgi/scripts/5c5dd728/cloudflare-static/email-decode.min.js HTTP/1.1" 404 196
::1 - - [03/May/2025:12:18:20 +0600] "GET /cdn-cgi/challenge-platform/scripts/jsd/main.js HTTP/1.1" 404 196
::1 - - [03/May/2025:12:18:20 +0600] "GET /cdn-cgi/challenge-platform/scripts/jsd/main.js HTTP/1.1" 404 196
::1 - - [03/May/2025:12:18:20 +0600] "GET /static/Design3.1.html HTTP/1.1" 304 -
::1 - - [03/May/2025:12:18:20 +0600] "GET /cdn-cgi/scripts/5c5dd728/cloudflare-static/email-decode.min.js HTTP/1.1" 404 196
::1 - - [03/May/2025:12:18:20 +0600] "GET /cdn-cgi/challenge-platform/scripts/jsd/main.js HTTP/1.1" 404 196
::1 - - [03/May/2025:12:18:20 +0600] "GET /cdn-cgi/challenge-platform/scripts/jsd/main.js HTTP/1.1" 404 196
::1 - - [03/May/2025:12:18:20 +0600] "GET /static/Design3.1.html HTTP/1.1" 304 -
::1 - - [03/May/2025:12:18:20 +0600] "GET /cdn-cgi/scripts/5c5dd728/cloudflare-static/email-decode.min.js HTTP/1.1" 404 196
::1 - - [03/May/2025:12:18:20 +0600] "GET /cdn-cgi/challenge-platform/scripts/jsd/main.js HTTP/1.1" 404 196
::1 - - [03/May/2025:12:18:20 +0600] "GET /cdn-cgi/challenge-platform/scripts/jsd/main.js HTTP/1.1" 404 196
::1 - - [03/May/2025:12:18:20 +0600] "GET /static/Design3.1.html HTTP/1.1" 304 -
::1 - - [03/May/2025:12:18:20 +0600] "GET /cdn-cgi/scripts/5c5dd728/cloudflare-static/email-decode.min.js HTTP/1.1" 404 196
::1 - - [03/May/2025:12:18:20 +0600] "GET /cdn-cgi/challenge-platform/scripts/jsd/main.js HTTP/1.1" 404 196
::1 - - [03/May/2025:12:18:20 +0600] "GET /cdn-cgi/challenge-platform/scripts/jsd/main.js HTTP/1.1" 404 196
::1 - - [03/May/2025:12:18:30 +0600] "GET /cgi-bin/check_session.py HTTP/1.1" 200 16
::1 - - [03/May/2025:12:18:30 +0600] "POST /cgi-bin/save_search_request.py HTTP/1.1" 200 67
::1 - - [03/May/2025:12:18:30 +0600] "POST /cgi-bin/search_flights.py HTTP/1.1" 200 703
::1 - - [03/May/2025:12:18:47 +0600] "GET /img/aeroflot.png HTTP/1.1" 404 196
::1 - - [03/May/2025:12:19:05 +0600] "GET /cgi-bin/check_session.py HTTP/1.1" 200 16
::1 - - [03/May/2025:12:19:05 +0600] "POST /cgi-bin/save_search_request.py HTTP/1.1" 200 67
::1 - - [03/May/2025:12:19:06 +0600] "POST /cgi-bin/search_flights.py HTTP/1.1" 200 524
::1 - - [03/May/2025:12:24:10 +0600] "GET /static/Design3.1.html HTTP/1.1" 200 37903
::1 - - [03/May/2025:12:24:10 +0600] "GET /cdn-cgi/scripts/5c5dd728/cloudflare-static/email-decode.min.js HTTP/1.1" 404 196
::1 - - [03/May/2025:12:24:11 +0600] "GET /cdn-cgi/challenge-platform/scripts/jsd/main.js HTTP/1.1" 404 196
::1 - - [03/May/2025:12:24:11 +0600] "GET /cdn-cgi/challenge-platform/scripts/jsd/main.js HTTP/1.1" 404 196
::1 - - [03/May/2025:12:24:11 +0600] "GET /static/Design3.1.html HTTP/1.1" 304 -
::1 - - [03/May/2025:12:24:11 +0600] "GET /cdn-cgi/scripts/5c5dd728/cloudflare-static/email-decode.min.js HTTP/1.1" 404 196
::1 - - [03/May/2025:12:24:11 +0600] "GET /cdn-cgi/challenge-platform/scripts/jsd/main.js HTTP/1.1" 404 196
::1 - - [03/May/2025:12:24:11 +0600] "GET /cdn-cgi/challenge-platform/scripts/jsd/main.js HTTP/1.1" 404 196
::1 - - [03/May/2025:12:24:11 +0600] "GET /static/Design3.1.html HTTP/1.1" 304 -
::1 - - [03/May/2025:12:24:11 +0600] "GET /cdn-cgi/scripts/5c5dd728/cloudflare-static/email-decode.min.js HTTP/1.1" 404 196
::1 - - [03/May/2025:12:24:11 +0600] "GET /cdn-cgi/challenge-platform/scripts/jsd/main.js HTTP/1.1" 404 196
::1 - - [03/May/2025:12:24:11 +0600] "GET /cdn-cgi/challenge-platform/scripts/jsd/main.js HTTP/1.1" 404 196
::1 - - [03/May/2025:12:24:11 +0600] "GET /static/Design3.1.html HTTP/1.1" 304 -
::1 - - [03/May/2025:12:24:11 +0600] "GET /cdn-cgi/scripts/5c5dd728/cloudflare-static/email-decode.min.js HTTP/1.1" 404 196
::1 - - [03/May/2025:12:24:11 +0600] "GET /cdn-cgi/challenge-platform/scripts/jsd/main.js HTTP/1.1" 404 196
::1 - - [03/May/2025:12:24:11 +0600] "GET /cdn-cgi/challenge-platform/scripts/jsd/main.js HTTP/1.1" 404 196
::1 - - [03/May/2025:12:24:37 +0600] "GET /cgi-bin/check_session.py HTTP/1.1" 200 16
::1 - - [03/May/2025:12:24:37 +0600] "POST /cgi-bin/save_search_request.py HTTP/1.1" 200 67
::1 - - [03/May/2025:12:24:37 +0600] "POST /cgi-bin/search_flights.py HTTP/1.1" 200 524
::1 - - [03/May/2025:12:25:02 +0600] "GET /cgi-bin/check_session.py HTTP/1.1" 200 16
::1 - - [03/May/2025:12:25:02 +0600] "POST /cgi-bin/save_search_request.py HTTP/1.1" 200 67
::1 - - [03/May/2025:12:25:02 +0600] "POST /cgi-bin/search_flights.py HTTP/1.1" 200 524
::1 - - [03/May/2025:12:25:27 +0600] "GET /cgi-bin/check_session.py HTTP/1.1" 200 16
::1 - - [03/May/2025:12:25:27 +0600] "POST /cgi-bin/save_search_request.py HTTP/1.1" 200 67
::1 - - [03/May/2025:12:25:27 +0600] "POST /cgi-bin/search_flights.py HTTP/1.1" 200 524
::1 - - [03/May/2025:12:26:01 +0600] "GET /cgi-bin/check_session.py HTTP/1.1" 200 16
::1 - - [03/May/2025:12:26:01 +0600] "POST /cgi-bin/save_search_request.py HTTP/1.1" 200 67
::1 - - [03/May/2025:12:26:01 +0600] "POST /cgi-bin/search_flights.py HTTP/1.1" 200 524
::1 - - [03/May/2025:12:26:27 +0600] "GET /cgi-bin/check_session.py HTTP/1.1" 200 16
::1 - - [03/May/2025:12:26:27 +0600] "POST /cgi-bin/save_search_request.py HTTP/1.1" 200 67
::1 - - [03/May/2025:12:26:27 +0600] "POST /cgi-bin/search_flights.py HTTP/1.1" 200 524
::1 - - [03/May/2025:12:27:04 +0600] "GET /cgi-bin/check_session.py HTTP/1.1" 200 16
::1 - - [03/May/2025:12:27:04 +0600] "POST /cgi-bin/save_search_request.py HTTP/1.1" 200 67
::1 - - [03/May/2025:12:27:04 +0600] "POST /cgi-bin/search_flights.py HTTP/1.1" 200 524
::1 - - [03/May/2025:12:27:52 +0600] "GET /cgi-bin/check_session.py HTTP/1.1" 200 16
::1 - - [03/May/2025:12:27:52 +0600] "POST /cgi-bin/save_search_request.py HTTP/1.1" 200 67
::1 - - [03/May/2025:12:27:53 +0600] "POST /cgi-bin/search_flights.py HTTP/1.1" 200 1930
::1 - - [03/May/2025:12:28:10 +0600] "GET /img/aa.png HTTP/1.1" 404 196
::1 - - [03/May/2025:12:28:10 +0600] "GET /img/s4.png HTTP/1.1" 404 196
::1 - - [03/May/2025:12:28:10 +0600] "GET /img/h4.png HTTP/1.1" 404 196
::1 - - [03/May/2025:12:30:30 +0600] "GET /static/Design3.1.html HTTP/1.1" 304 -
::1 - - [03/May/2025:12:30:30 +0600] "GET /cdn-cgi/scripts/5c5dd728/cloudflare-static/email-decode.min.js HTTP/1.1" 404 196
::1 - - [03/May/2025:12:30:30 +0600] "GET /cdn-cgi/challenge-platform/scripts/jsd/main.js HTTP/1.1" 404 196
::1 - - [03/May/2025:12:30:30 +0600] "GET /cdn-cgi/challenge-platform/scripts/jsd/main.js HTTP/1.1" 404 196
::1 - - [03/May/2025:12:30:31 +0600] "GET /static/Design3.1.html HTTP/1.1" 304 -
::1 - - [03/May/2025:12:30:31 +0600] "GET /cdn-cgi/scripts/5c5dd728/cloudflare-static/email-decode.min.js HTTP/1.1" 404 196
::1 - - [03/May/2025:12:30:31 +0600] "GET /cdn-cgi/challenge-platform/scripts/jsd/main.js HTTP/1.1" 404 196
::1 - - [03/May/2025:12:30:31 +0600] "GET /cdn-cgi/challenge-platform/scripts/jsd/main.js HTTP/1.1" 404 196
::1 - - [03/May/2025:12:30:32 +0600] "GET /static/login.html HTTP/1.1" 200 9333
::1 - - [03/May/2025:12:30:32 +0600] "GET /cdn-cgi/scripts/5c5dd728/cloudflare-static/email-decode.min.js HTTP/1.1" 404 196
::1 - - [03/May/2025:12:30:33 +0600] "GET /static/register.html HTTP/1.1" 200 10576
::1 - - [03/May/2025:12:30:33 +0600] "GET /cdn-cgi/scripts/5c5dd728/cloudflare-static/email-decode.min.js HTTP/1.1" 404 196
::1 - - [03/May/2025:12:30:34 +0600] "GET /cdn-cgi/scripts/5c5dd728/cloudflare-static/email-decode.min.js HTTP/1.1" 404 196
::1 - - [03/May/2025:12:30:42 +0600] "GET /cdn-cgi/scripts/5c5dd728/cloudflare-static/email-decode.min.js HTTP/1.1" 404 196
::1 - - [03/May/2025:12:30:42 +0600] "GET /cdn-cgi/challenge-platform/scripts/jsd/main.js HTTP/1.1" 404 196
::1 - - [03/May/2025:12:30:42 +0600] "GET /cdn-cgi/challenge-platform/scripts/jsd/main.js HTTP/1.1" 404 196
::1 - - [03/May/2025:12:31:34 +0600] "GET /static/login.html HTTP/1.1" 304 -
::1 - - [03/May/2025:12:31:34 +0600] "GET /cdn-cgi/scripts/5c5dd728/cloudflare-static/email-decode.min.js HTTP/1.1" 404 196
::1 - - [03/May/2025:12:31:56 +0600] "POST /cgi-bin/login.py HTTP/1.1" 200 61
::1 - - [03/May/2025:12:31:57 +0600] "POST /cgi-bin/login.py HTTP/1.1" 200 61
::1 - - [03/May/2025:12:32:00 +0600] "GET /static/register.html HTTP/1.1" 304 -
::1 - - [03/May/2025:12:32:00 +0600] "GET /cdn-cgi/scripts/5c5dd728/cloudflare-static/email-decode.min.js HTTP/1.1" 404 196
::1 - - [03/May/2025:12:32:09 +0600] "POST /cgi-bin/register.py HTTP/1.1" 200 -
::1 - - [03/May/2025:12:32:10 +0600] "POST /cgi-bin/register.py HTTP/1.1" 200 -
::1 - - [03/May/2025:12:32:11 +0600] "POST /cgi-bin/register.py HTTP/1.1" 200 -
::1 - - [03/May/2025:12:45:10 +0600] "GET /cdn-cgi/challenge-platform/scripts/jsd/main.js HTTP/1.1" 404 196
::1 - - [03/May/2025:12:45:10 +0600] "GET /cdn-cgi/challenge-platform/scripts/jsd/main.js HTTP/1.1" 404 196
::1 - - [03/May/2025:12:45:11 +0600] "GET /static/Design3.1.html HTTP/1.1" 200 40855
::1 - - [03/May/2025:12:45:12 +0600] "GET /cdn-cgi/scripts/5c5dd728/cloudflare-static/email-decode.min.js HTTP/1.1" 404 196
::1 - - [03/May/2025:12:45:12 +0600] "GET /cdn-cgi/challenge-platform/scripts/jsd/main.js HTTP/1.1" 404 196
::1 - - [03/May/2025:12:45:12 +0600] "GET /cdn-cgi/challenge-platform/scripts/jsd/main.js HTTP/1.1" 404 196
::1 - - [03/May/2025:12:45:12 +0600] "GET /cgi-bin/check_session.py HTTP/1.1" 200 19
::1 - - [03/May/2025:12:45:12 +0600] "GET /static/Design3.1.html HTTP/1.1" 304 -
::1 - - [03/May/2025:12:45:12 +0600] "GET /cdn-cgi/scripts/5c5dd728/cloudflare-static/email-decode.min.js HTTP/1.1" 404 196
::1 - - [03/May/2025:12:45:12 +0600] "GET /cdn-cgi/challenge-platform/scripts/jsd/main.js HTTP/1.1" 404 196
::1 - - [03/May/2025:12:45:12 +0600] "GET /cdn-cgi/challenge-platform/scripts/jsd/main.js HTTP/1.1" 404 196
::1 - - [03/May/2025:12:45:12 +0600] "GET /cgi-bin/check_session.py HTTP/1.1" 200 19
::1 - - [03/May/2025:12:45:12 +0600] "GET /static/Design3.1.html HTTP/1.1" 304 -
::1 - - [03/May/2025:12:45:12 +0600] "GET /cdn-cgi/scripts/5c5dd728/cloudflare-static/email-decode.min.js HTTP/1.1" 404 196
::1 - - [03/May/2025:12:45:12 +0600] "GET /cdn-cgi/challenge-platform/scripts/jsd/main.js HTTP/1.1" 404 196
::1 - - [03/May/2025:12:45:12 +0600] "GET /cdn-cgi/challenge-platform/scripts/jsd/main.js HTTP/1.1" 404 196
::1 - - [03/May/2025:12:45:12 +0600] "GET /cgi-bin/check_session.py HTTP/1.1" 200 19
::1 - - [03/May/2025:12:45:12 +0600] "GET /static/Design3.1.html HTTP/1.1" 304 -
::1 - - [03/May/2025:12:45:12 +0600] "GET /cdn-cgi/scripts/5c5dd728/cloudflare-static/email-decode.min.js HTTP/1.1" 404 196
::1 - - [03/May/2025:12:45:12 +0600] "GET /cdn-cgi/challenge-platform/scripts/jsd/main.js HTTP/1.1" 404 196
::1 - - [03/May/2025:12:45:12 +0600] "GET /cdn-cgi/challenge-platform/scripts/jsd/main.js HTTP/1.1" 404 196
::1 - - [03/May/2025:12:45:12 +0600] "GET /cgi-bin/check_session.py HTTP/1.1" 200 19
::1 - - [03/May/2025:12:45:15 +0600] "GET /static/register.html HTTP/1.1" 304 -
::1 - - [03/May/2025:12:45:15 +0600] "GET /cdn-cgi/scripts/5c5dd728/cloudflare-static/email-decode.min.js HTTP/1.1" 404 196
::1 - - [03/May/2025:12:45:24 +0600] "POST /cgi-bin/register.py HTTP/1.1" 200 229
::1 - - [03/May/2025:12:45:25 +0600] "POST /cgi-bin/register.py HTTP/1.1" 200 229
::1 - - [03/May/2025:12:45:28 +0600] "GET /.well-known/appspecific/com.chrome.devtools.json HTTP/1.1" 404 196
::1 - - [03/May/2025:12:45:30 +0600] "POST /cgi-bin/register.py HTTP/1.1" 200 229
::1 - - [03/May/2025:12:45:30 +0600] "POST /cgi-bin/register.py HTTP/1.1" 200 229
::1 - - [03/May/2025:12:45:49 +0600] "POST /cgi-bin/register.py HTTP/1.1" 200 229
::1 - - [03/May/2025:12:46:09 +0600] "POST /cgi-bin/register.py HTTP/1.1" 200 229
::1 - - [03/May/2025:12:46:09 +0600] "POST /cgi-bin/register.py HTTP/1.1" 200 229
::1 - - [03/May/2025:12:46:10 +0600] "POST /cgi-bin/register.py HTTP/1.1" 200 229
::1 - - [03/May/2025:12:46:10 +0600] "POST /cgi-bin/register.py HTTP/1.1" 200 229
::1 - - [03/May/2025:12:46:46 +0600] "GET /static/login.html HTTP/1.1" 304 -
::1 - - [03/May/2025:12:46:46 +0600] "GET /cdn-cgi/scripts/5c5dd728/cloudflare-static/email-decode.min.js HTTP/1.1" 404 196
::1 - - [03/May/2025:12:46:53 +0600] "GET /static/Design3.1.html HTTP/1.1" 304 -
::1 - - [03/May/2025:12:46:53 +0600] "GET /cdn-cgi/scripts/5c5dd728/cloudflare-static/email-decode.min.js HTTP/1.1" 404 196
::1 - - [03/May/2025:12:46:53 +0600] "GET /cdn-cgi/challenge-platform/scripts/jsd/main.js HTTP/1.1" 404 196
::1 - - [03/May/2025:12:46:53 +0600] "GET /cdn-cgi/challenge-platform/scripts/jsd/main.js HTTP/1.1" 404 196
::1 - - [03/May/2025:12:46:53 +0600] "GET /cgi-bin/check_session.py HTTP/1.1" 200 19
::1 - - [03/May/2025:12:47:16 +0600] "GET /cdn-cgi/scripts/5c5dd728/cloudflare-static/email-decode.min.js HTTP/1.1" 404 196
::1 - - [03/May/2025:12:47:17 +0600] "GET /static/register.html HTTP/1.1" 304 -
::1 - - [03/May/2025:12:47:17 +0600] "GET /cdn-cgi/scripts/5c5dd728/cloudflare-static/email-decode.min.js HTTP/1.1" 404 196
::1 - - [03/May/2025:12:47:28 +0600] "POST /cgi-bin/register.py HTTP/1.1" 200 229
::1 - - [03/May/2025:12:47:30 +0600] "GET /.well-known/appspecific/com.chrome.devtools.json HTTP/1.1" 404 196
::1 - - [03/May/2025:13:00:42 +0600] "GET /static/Design3.1.html HTTP/1.1" 304 -
::1 - - [03/May/2025:13:00:42 +0600] "GET /.well-known/appspecific/com.chrome.devtools.json HTTP/1.1" 404 196
::1 - - [03/May/2025:13:00:42 +0600] "GET /cdn-cgi/scripts/5c5dd728/cloudflare-static/email-decode.min.js HTTP/1.1" 404 196
::1 - - [03/May/2025:13:00:42 +0600] "GET /cdn-cgi/challenge-platform/scripts/jsd/main.js HTTP/1.1" 404 196
::1 - - [03/May/2025:13:00:42 +0600] "GET /cdn-cgi/challenge-platform/scripts/jsd/main.js HTTP/1.1" 404 196
::1 - - [03/May/2025:13:00:42 +0600] "GET /cgi-bin/check_session.py HTTP/1.1" 200 19
::1 - - [03/May/2025:13:00:47 +0600] "GET /static/Design3.1.html HTTP/1.1" 304 -
::1 - - [03/May/2025:13:00:47 +0600] "GET /cdn-cgi/scripts/5c5dd728/cloudflare-static/email-decode.min.js HTTP/1.1" 404 196
::1 - - [03/May/2025:13:00:47 +0600] "GET /cdn-cgi/challenge-platform/scripts/jsd/main.js HTTP/1.1" 404 196
::1 - - [03/May/2025:13:00:47 +0600] "GET /cdn-cgi/challenge-platform/scripts/jsd/main.js HTTP/1.1" 404 196
::1 - - [03/May/2025:13:00:47 +0600] "GET /cgi-bin/check_session.py HTTP/1.1" 200 19
::1 - - [03/May/2025:13:00:47 +0600] "GET /static/Design3.1.html HTTP/1.1" 304 -
::1 - - [03/May/2025:13:00:47 +0600] "GET /cdn-cgi/scripts/5c5dd728/cloudflare-static/email-decode.min.js HTTP/1.1" 404 196
::1 - - [03/May/2025:13:00:47 +0600] "GET /cdn-cgi/challenge-platform/scripts/jsd/main.js HTTP/1.1" 404 196
::1 - - [03/May/2025:13:00:47 +0600] "GET /cdn-cgi/challenge-platform/scripts/jsd/main.js HTTP/1.1" 404 196
::1 - - [03/May/2025:13:00:47 +0600] "GET /cgi-bin/check_session.py HTTP/1.1" 200 19
::1 - - [03/May/2025:13:00:47 +0600] "GET /static/Design3.1.html HTTP/1.1" 304 -
::1 - - [03/May/2025:13:00:47 +0600] "GET /cdn-cgi/scripts/5c5dd728/cloudflare-static/email-decode.min.js HTTP/1.1" 404 196
::1 - - [03/May/2025:13:00:47 +0600] "GET /cdn-cgi/challenge-platform/scripts/jsd/main.js HTTP/1.1" 404 196
::1 - - [03/May/2025:13:00:47 +0600] "GET /cdn-cgi/challenge-platform/scripts/jsd/main.js HTTP/1.1" 404 196
::1 - - [03/May/2025:13:00:47 +0600] "GET /cgi-bin/check_session.py HTTP/1.1" 200 19
::1 - - [03/May/2025:13:00:49 +0600] "GET /static/register.html HTTP/1.1" 304 -
::1 - - [03/May/2025:13:00:49 +0600] "GET /cdn-cgi/scripts/5c5dd728/cloudflare-static/email-decode.min.js HTTP/1.1" 404 196
::1 - - [03/May/2025:13:00:57 +0600] "POST /cgi-bin/register.py HTTP/1.1" 200 229
::1 - - [03/May/2025:13:00:58 +0600] "POST /cgi-bin/register.py HTTP/1.1" 200 229
::1 - - [03/May/2025:13:00:58 +0600] "POST /cgi-bin/register.py HTTP/1.1" 200 229
::1 - - [03/May/2025:13:00:58 +0600] "POST /cgi-bin/register.py HTTP/1.1" 200 229
::1 - - [03/May/2025:13:02:20 +0600] "GET /static/login.html HTTP/1.1" 304 -
::1 - - [03/May/2025:13:02:20 +0600] "GET /cdn-cgi/scripts/5c5dd728/cloudflare-static/email-decode.min.js HTTP/1.1" 404 196
::1 - - [03/May/2025:13:02:21 +0600] "GET /cdn-cgi/scripts/5c5dd728/cloudflare-static/email-decode.min.js HTTP/1.1" 404 196
::1 - - [03/May/2025:13:02:21 +0600] "GET /cdn-cgi/challenge-platform/scripts/jsd/main.js HTTP/1.1" 404 196
::1 - - [03/May/2025:13:02:21 +0600] "GET /cdn-cgi/challenge-platform/scripts/jsd/main.js HTTP/1.1" 404 196
::1 - - [03/May/2025:13:02:21 +0600] "GET /cgi-bin/check_session.py HTTP/1.1" 200 19
::1 - - [03/May/2025:13:06:15 +0600] "GET /static/Design3.1.html HTTP/1.1" 304 -
::1 - - [03/May/2025:13:06:15 +0600] "GET /cdn-cgi/scripts/5c5dd728/cloudflare-static/email-decode.min.js HTTP/1.1" 404 196
::1 - - [03/May/2025:13:06:15 +0600] "GET /cdn-cgi/challenge-platform/scripts/jsd/main.js HTTP/1.1" 404 196
::1 - - [03/May/2025:13:06:15 +0600] "GET /cdn-cgi/challenge-platform/scripts/jsd/main.js HTTP/1.1" 404 196
::1 - - [03/May/2025:13:06:15 +0600] "GET /cgi-bin/check_session.py HTTP/1.1" 200 19
::1 - - [03/May/2025:13:06:15 +0600] "GET /static/Design3.1.html HTTP/1.1" 304 -
::1 - - [03/May/2025:13:06:15 +0600] "GET /cdn-cgi/scripts/5c5dd728/cloudflare-static/email-decode.min.js HTTP/1.1" 404 196
::1 - - [03/May/2025:13:06:15 +0600] "GET /cdn-cgi/challenge-platform/scripts/jsd/main.js HTTP/1.1" 404 196
::1 - - [03/May/2025:13:06:15 +0600] "GET /cdn-cgi/challenge-platform/scripts/jsd/main.js HTTP/1.1" 404 196
::1 - - [03/May/2025:13:06:15 +0600] "GET /cgi-bin/check_session.py HTTP/1.1" 200 19
::1 - - [03/May/2025:13:06:15 +0600] "GET /static/Design3.1.html HTTP/1.1" 304 -
::1 - - [03/May/2025:13:06:15 +0600] "GET /cdn-cgi/scripts/5c5dd728/cloudflare-static/email-decode.min.js HTTP/1.1" 404 196
::1 - - [03/May/2025:13:06:15 +0600] "GET /cdn-cgi/challenge-platform/scripts/jsd/main.js HTTP/1.1" 404 196
::1 - - [03/May/2025:13:06:15 +0600] "GET /cdn-cgi/challenge-platform/scripts/jsd/main.js HTTP/1.1" 404 196
::1 - - [03/May/2025:13:06:15 +0600] "GET /cgi-bin/check_session.py HTTP/1.1" 200 19
::1 - - [03/May/2025:13:06:15 +0600] "GET /static/Design3.1.html HTTP/1.1" 304 -
::1 - - [03/May/2025:13:06:15 +0600] "GET /cdn-cgi/scripts/5c5dd728/cloudflare-static/email-decode.min.js HTTP/1.1" 404 196
::1 - - [03/May/2025:13:06:15 +0600] "GET /cdn-cgi/challenge-platform/scripts/jsd/main.js HTTP/1.1" 404 196
::1 - - [03/May/2025:13:06:15 +0600] "GET /cdn-cgi/challenge-platform/scripts/jsd/main.js HTTP/1.1" 404 196
::1 - - [03/May/2025:13:06:15 +0600] "GET /cgi-bin/check_session.py HTTP/1.1" 200 19
::1 - - [03/May/2025:13:06:15 +0600] "GET /static/Design3.1.html HTTP/1.1" 304 -
::1 - - [03/May/2025:13:06:15 +0600] "GET /cdn-cgi/scripts/5c5dd728/cloudflare-static/email-decode.min.js HTTP/1.1" 404 196
::1 - - [03/May/2025:13:06:15 +0600] "GET /cdn-cgi/challenge-platform/scripts/jsd/main.js HTTP/1.1" 404 196
::1 - - [03/May/2025:13:06:15 +0600] "GET /cdn-cgi/challenge-platform/scripts/jsd/main.js HTTP/1.1" 404 196
::1 - - [03/May/2025:13:06:15 +0600] "GET /cgi-bin/check_session.py HTTP/1.1" 200 19
::1 - - [03/May/2025:13:06:16 +0600] "GET /static/Design3.1.html HTTP/1.1" 304 -
::1 - - [03/May/2025:13:06:16 +0600] "GET /cdn-cgi/scripts/5c5dd728/cloudflare-static/email-decode.min.js HTTP/1.1" 404 196
::1 - - [03/May/2025:13:06:16 +0600] "GET /cdn-cgi/challenge-platform/scripts/jsd/main.js HTTP/1.1" 404 196
::1 - - [03/May/2025:13:06:16 +0600] "GET /cdn-cgi/challenge-platform/scripts/jsd/main.js HTTP/1.1" 404 196
::1 - - [03/May/2025:13:06:16 +0600] "GET /cgi-bin/check_session.py HTTP/1.1" 200 19
::1 - - [03/May/2025:13:06:18 +0600] "GET /static/register.html HTTP/1.1" 304 -
::1 - - [03/May/2025:13:06:18 +0600] "GET /cdn-cgi/scripts/5c5dd728/cloudflare-static/email-decode.min.js HTTP/1.1" 404 196
::1 - - [03/May/2025:13:06:27 +0600] "POST /cgi-bin/register.py HTTP/1.1" 200 229
::1 - - [03/May/2025:13:06:28 +0600] "POST /cgi-bin/register.py HTTP/1.1" 200 229
::1 - - [03/May/2025:13:06:29 +0600] "GET /static/login.html HTTP/1.1" 304 -
::1 - - [03/May/2025:13:06:29 +0600] "GET /cdn-cgi/scripts/5c5dd728/cloudflare-static/email-decode.min.js HTTP/1.1" 404 196
::1 - - [03/May/2025:13:06:30 +0600] "GET /cdn-cgi/scripts/5c5dd728/cloudflare-static/email-decode.min.js HTTP/1.1" 404 196
::1 - - [03/May/2025:13:06:30 +0600] "GET /cdn-cgi/challenge-platform/scripts/jsd/main.js HTTP/1.1" 404 196
::1 - - [03/May/2025:13:06:30 +0600] "GET /cdn-cgi/challenge-platform/scripts/jsd/main.js HTTP/1.1" 404 196
::1 - - [03/May/2025:13:06:30 +0600] "GET /cgi-bin/check_session.py HTTP/1.1" 200 19
::1 - - [03/May/2025:13:09:41 +0600] "GET /static/Design3.1.html HTTP/1.1" 200 40855
::1 - - [03/May/2025:13:09:41 +0600] "GET /cdn-cgi/scripts/5c5dd728/cloudflare-static/email-decode.min.js HTTP/1.1" 404 196
::1 - - [03/May/2025:13:09:41 +0600] "GET /cdn-cgi/challenge-platform/scripts/jsd/main.js HTTP/1.1" 404 196
::1 - - [03/May/2025:13:09:41 +0600] "GET /cdn-cgi/challenge-platform/scripts/jsd/main.js HTTP/1.1" 404 196
::1 - - [03/May/2025:13:09:41 +0600] "GET /favicon.ico HTTP/1.1" 404 196
::1 - - [03/May/2025:13:09:41 +0600] "GET /cgi-bin/check_session.py HTTP/1.1" 200 19
::1 - - [03/May/2025:13:10:22 +0600] "GET /static/Design3.1.html HTTP/1.1" 304 -
::1 - - [03/May/2025:13:10:22 +0600] "GET /cdn-cgi/scripts/5c5dd728/cloudflare-static/email-decode.min.js HTTP/1.1" 404 196
::1 - - [03/May/2025:13:10:23 +0600] "GET /static/Design3.1.html HTTP/1.1" 304 -
::1 - - [03/May/2025:13:10:23 +0600] "GET /cdn-cgi/challenge-platform/scripts/jsd/main.js HTTP/1.1" 404 196
::1 - - [03/May/2025:13:10:23 +0600] "GET /cdn-cgi/scripts/5c5dd728/cloudflare-static/email-decode.min.js HTTP/1.1" 404 196
::1 - - [03/May/2025:13:10:23 +0600] "GET /cdn-cgi/challenge-platform/scripts/jsd/main.js HTTP/1.1" 404 196
::1 - - [03/May/2025:13:10:23 +0600] "GET /cdn-cgi/challenge-platform/scripts/jsd/main.js HTTP/1.1" 404 196
::1 - - [03/May/2025:13:10:23 +0600] "GET /cgi-bin/check_session.py HTTP/1.1" 200 19
::1 - - [03/May/2025:13:10:23 +0600] "GET /cgi-bin/check_session.py HTTP/1.1" 200 19
::1 - - [03/May/2025:13:11:53 +0600] "GET /cgi-bin/check_session.py HTTP/1.1" 200 19
::1 - - [03/May/2025:13:11:54 +0600] "POST /cgi-bin/save_search_request.py HTTP/1.1" 200 67
::1 - - [03/May/2025:13:11:54 +0600] "POST /cgi-bin/search_flights.py HTTP/1.1" 200 455
::1 - - [03/May/2025:13:12:11 +0600] "GET /img/pobeda.png HTTP/1.1" 404 196
::1 - - [03/May/2025:13:12:44 +0600] "GET /static/register.html HTTP/1.1" 200 10576
::1 - - [03/May/2025:13:12:44 +0600] "GET /cdn-cgi/scripts/5c5dd728/cloudflare-static/email-decode.min.js HTTP/1.1" 404 196
::1 - - [03/May/2025:13:12:53 +0600] "POST /cgi-bin/register.py HTTP/1.1" 200 229
::1 - - [03/May/2025:13:12:55 +0600] "GET /static/login.html HTTP/1.1" 200 9333
::1 - - [03/May/2025:13:12:55 +0600] "GET /cdn-cgi/scripts/5c5dd728/cloudflare-static/email-decode.min.js HTTP/1.1" 404 196
::1 - - [03/May/2025:13:13:55 +0600] "-" 408 -
::1 - - [03/May/2025:13:14:53 +0600] "GET /static/Design3.1.html HTTP/1.1" 304 -
::1 - - [03/May/2025:13:14:53 +0600] "GET /cdn-cgi/scripts/5c5dd728/cloudflare-static/email-decode.min.js HTTP/1.1" 404 196
::1 - - [03/May/2025:13:14:53 +0600] "GET /cdn-cgi/challenge-platform/scripts/jsd/main.js HTTP/1.1" 404 196
::1 - - [03/May/2025:13:14:53 +0600] "GET /cdn-cgi/challenge-platform/scripts/jsd/main.js HTTP/1.1" 404 196
::1 - - [03/May/2025:13:14:53 +0600] "GET /cgi-bin/check_session.py HTTP/1.1" 200 19
::1 - - [03/May/2025:13:23:20 +0600] "GET /static/register.html HTTP/1.1" 304 -
::1 - - [03/May/2025:13:23:20 +0600] "GET /cdn-cgi/scripts/5c5dd728/cloudflare-static/email-decode.min.js HTTP/1.1" 404 196
::1 - - [03/May/2025:13:23:31 +0600] "POST /cgi-bin/register.py HTTP/1.1" 200 229
::1 - - [03/May/2025:13:23:33 +0600] "GET /.well-known/appspecific/com.chrome.devtools.json HTTP/1.1" 404 196
::1 - - [03/May/2025:13:24:11 +0600] "GET /static/Design3.1.html HTTP/1.1" 304 -
::1 - - [03/May/2025:13:24:11 +0600] "GET /cdn-cgi/scripts/5c5dd728/cloudflare-static/email-decode.min.js HTTP/1.1" 404 196
::1 - - [03/May/2025:13:24:11 +0600] "GET /cdn-cgi/challenge-platform/scripts/jsd/main.js HTTP/1.1" 404 196
::1 - - [03/May/2025:13:24:11 +0600] "GET /cdn-cgi/challenge-platform/scripts/jsd/main.js HTTP/1.1" 404 196
::1 - - [03/May/2025:13:24:11 +0600] "GET /cgi-bin/check_session.py HTTP/1.1" 200 19
::1 - - [03/May/2025:13:29:40 +0600] "GET /cgi-bin/check_session.py HTTP/1.1" 200 19
::1 - - [03/May/2025:13:29:40 +0600] "POST /cgi-bin/save_search_request.py HTTP/1.1" 200 67
::1 - - [03/May/2025:13:29:41 +0600] "POST /cgi-bin/search_flights.py HTTP/1.1" 200 708
::1 - - [03/May/2025:13:29:58 +0600] "GET /img/scatairlines.png HTTP/1.1" 404 196
::1 - - [03/May/2025:13:30:29 +0600] "GET /cgi-bin/check_session.py HTTP/1.1" 200 19
::1 - - [03/May/2025:13:30:29 +0600] "POST /cgi-bin/book_flight.py HTTP/1.1" 200 70
::1 - - [03/May/2025:13:30:29 +0600] "GET /cgi-bin/generate_ticket.py?booking_id=16 HTTP/1.1" 200 2381
::1 - - [03/May/2025:13:31:12 +0600] "GET /static/Design3.1.html HTTP/1.1" 304 -
::1 - - [03/May/2025:13:31:12 +0600] "GET /cdn-cgi/scripts/5c5dd728/cloudflare-static/email-decode.min.js HTTP/1.1" 404 196
::1 - - [03/May/2025:13:31:12 +0600] "GET /cdn-cgi/challenge-platform/scripts/jsd/main.js HTTP/1.1" 404 196
::1 - - [03/May/2025:13:31:12 +0600] "GET /cdn-cgi/challenge-platform/scripts/jsd/main.js HTTP/1.1" 404 196
::1 - - [03/May/2025:13:31:12 +0600] "GET /cgi-bin/check_session.py HTTP/1.1" 200 19
::1 - - [03/May/2025:13:31:12 +0600] "GET /static/Design3.1.html HTTP/1.1" 304 -
::1 - - [03/May/2025:13:31:12 +0600] "GET /cdn-cgi/scripts/5c5dd728/cloudflare-static/email-decode.min.js HTTP/1.1" 404 196
::1 - - [03/May/2025:13:31:12 +0600] "GET /cdn-cgi/challenge-platform/scripts/jsd/main.js HTTP/1.1" 404 196
::1 - - [03/May/2025:13:31:12 +0600] "GET /cdn-cgi/challenge-platform/scripts/jsd/main.js HTTP/1.1" 404 196
::1 - - [03/May/2025:13:31:12 +0600] "GET /cgi-bin/check_session.py HTTP/1.1" 200 19
::1 - - [03/May/2025:13:31:12 +0600] "GET /static/Design3.1.html HTTP/1.1" 304 -
::1 - - [03/May/2025:13:31:12 +0600] "GET /cdn-cgi/scripts/5c5dd728/cloudflare-static/email-decode.min.js HTTP/1.1" 404 196
::1 - - [03/May/2025:13:31:12 +0600] "GET /cdn-cgi/challenge-platform/scripts/jsd/main.js HTTP/1.1" 404 196
::1 - - [03/May/2025:13:31:12 +0600] "GET /cdn-cgi/challenge-platform/scripts/jsd/main.js HTTP/1.1" 404 196
::1 - - [03/May/2025:13:31:12 +0600] "GET /cgi-bin/check_session.py HTTP/1.1" 200 19
::1 - - [03/May/2025:13:31:13 +0600] "GET /static/Design3.1.html HTTP/1.1" 304 -
::1 - - [03/May/2025:13:31:13 +0600] "GET /cdn-cgi/scripts/5c5dd728/cloudflare-static/email-decode.min.js HTTP/1.1" 404 196
::1 - - [03/May/2025:13:31:13 +0600] "GET /cdn-cgi/challenge-platform/scripts/jsd/main.js HTTP/1.1" 404 196
::1 - - [03/May/2025:13:31:13 +0600] "GET /cdn-cgi/challenge-platform/scripts/jsd/main.js HTTP/1.1" 404 196
::1 - - [03/May/2025:13:31:13 +0600] "GET /cgi-bin/check_session.py HTTP/1.1" 200 19
::1 - - [03/May/2025:13:31:35 +0600] "GET /cgi-bin/check_session.py HTTP/1.1" 200 19
::1 - - [03/May/2025:13:31:36 +0600] "POST /cgi-bin/save_search_request.py HTTP/1.1" 200 67
::1 - - [03/May/2025:13:31:36 +0600] "POST /cgi-bin/search_flights.py HTTP/1.1" 200 417
::1 - - [03/May/2025:13:31:59 +0600] "GET /img/fs.png HTTP/1.1" 404 196
::1 - - [03/May/2025:13:32:07 +0600] "GET /cgi-bin/check_session.py HTTP/1.1" 200 19
::1 - - [03/May/2025:13:32:07 +0600] "POST /cgi-bin/book_flight.py HTTP/1.1" 200 70
::1 - - [03/May/2025:13:32:07 +0600] "GET /cgi-bin/generate_ticket.py?booking_id=17 HTTP/1.1" 200 -
::1 - - [03/May/2025:13:33:07 +0600] "-" 408 -
