[Fri Apr 18 19:27:18.912899 2025] [mpm_winnt:notice] [pid 17400:tid 328] AH00455: Apache/2.4.63 (Win64) configured -- resuming normal operations
[Fri Apr 18 19:27:18.912899 2025] [mpm_winnt:notice] [pid 17400:tid 328] AH00456: Apache Lounge VS17 Server built: Feb  3 2025 10:10:51
[Fri Apr 18 19:27:18.912899 2025] [core:notice] [pid 17400:tid 328] AH00094: Command line: 'C:\\Apache24\\bin\\httpd.exe -d C:/Apache24'
[Fri Apr 18 19:27:18.916396 2025] [mpm_winnt:notice] [pid 17400:tid 328] AH00418: Parent: Created child process 11864
[Fri Apr 18 19:27:19.147651 2025] [mpm_winnt:notice] [pid 11864:tid 344] AH00354: Child: Starting 64 worker threads.
The 'Apache2.4' service is restarting.
The 'Apache2.4' service has restarted.
winnt:notice] [pid 17400:tid 328] AH00424: Parent: Received restart signal -- Restarting the server.
[Fri Apr 18 19:52:20.800842 2025] [mpm_winnt:notice] [pid 17400:tid 328] AH00455: Apache/2.4.63 (Win64) configured -- resuming normal operations
[Fri Apr 18 19:52:20.800842 2025] [mpm_winnt:notice] [pid 17400:tid 328] AH00456: Apache Lounge VS17 Server built: Feb  3 2025 10:10:51
[Fri Apr 18 19:52:20.800842 2025] [core:notice] [pid 17400:tid 328] AH00094: Command line: 'C:\\Apache24\\bin\\httpd.exe -d C:/Apache24'
[Fri Apr 18 19:52:20.802846 2025] [mpm_winnt:notice] [pid 17400:tid 328] AH00418: Parent: Created child process 14168
[Fri Apr 18 19:52:21.802228 2025] [mpm_winnt:notice] [pid 14168:tid 344] AH00354: Child: Starting 64 worker threads.
[Fri Apr 18 19:52:22.803266 2025] [mpm_winnt:notice] [pid 11864:tid 344] AH00364: Child: All worker threads have exited.
[Fri Apr 18 19:52:50.063978 2025] [mpm_winnt:notice] [pid 17400:tid 328] AH00422: Parent: Received shutdown signal -- Shutting down the server.
[Fri Apr 18 19:52:52.083441 2025] [mpm_winnt:notice] [pid 14168:tid 344] AH00364: Child: All worker threads have exited.
[Fri Apr 18 19:52:52.099173 2025] [mpm_winnt:notice] [pid 17400:tid 328] AH00430: Parent: Child process 14168 exited successfully.
[Fri Apr 18 19:52:56.012479 2025] [mpm_winnt:notice] [pid 11956:tid 328] AH00455: Apache/2.4.63 (Win64) configured -- resuming normal operations
[Fri Apr 18 19:52:56.012479 2025] [mpm_winnt:notice] [pid 11956:tid 328] AH00456: Apache Lounge VS17 Server built: Feb  3 2025 10:10:51
[Fri Apr 18 19:52:56.012479 2025] [core:notice] [pid 11956:tid 328] AH00094: Command line: 'C:\\Apache24\\bin\\httpd.exe -d C:/Apache24'
[Fri Apr 18 19:52:56.028359 2025] [mpm_winnt:notice] [pid 11956:tid 328] AH00418: Parent: Created child process 16916
[Fri Apr 18 19:52:56.252018 2025] [mpm_winnt:notice] [pid 16916:tid 368] AH00354: Child: Starting 64 worker threads.
The 'Apache2.4' service is restarting.
The 'Apache2.4' service has restarted.
winnt:notice] [pid 11956:tid 328] AH00424: Parent: Received restart signal -- Restarting the server.
[Fri Apr 18 19:59:38.053115 2025] [mpm_winnt:notice] [pid 11956:tid 328] AH00455: Apache/2.4.63 (Win64) configured -- resuming normal operations
[Fri Apr 18 19:59:38.053115 2025] [mpm_winnt:notice] [pid 11956:tid 328] AH00456: Apache Lounge VS17 Server built: Feb  3 2025 10:10:51
[Fri Apr 18 19:59:38.053115 2025] [core:notice] [pid 11956:tid 328] AH00094: Command line: 'C:\\Apache24\\bin\\httpd.exe -d C:/Apache24'
[Fri Apr 18 19:59:38.053115 2025] [mpm_winnt:notice] [pid 11956:tid 328] AH00418: Parent: Created child process 17948
[Fri Apr 18 19:59:39.071109 2025] [mpm_winnt:notice] [pid 17948:tid 344] AH00354: Child: Starting 64 worker threads.
[Fri Apr 18 19:59:40.073440 2025] [mpm_winnt:notice] [pid 16916:tid 368] AH00364: Child: All worker threads have exited.
[Fri Apr 18 19:59:58.122082 2025] [cgi:error] [pid 17948:tid 996] [client ::1:52821] AH02811: stderr from C:/Apache24/cgi-bin/flight_search.cgi: script not found or unable to stat, referer: http://localhost/Design3.html
[Fri Apr 18 20:00:28.638339 2025] [cgi:error] [pid 17948:tid 992] [client ::1:52822] AH02811: stderr from C:/Apache24/cgi-bin/flight_search.cgi: script not found or unable to stat, referer: http://localhost/Design3.html
[Fri Apr 18 20:00:38.698980 2025] [cgi:error] [pid 17948:tid 996] [client ::1:52833] AH02811: stderr from C:/Apache24/cgi-bin/flight_search.cgi: script not found or unable to stat, referer: http://localhost/Design3.html
[Fri Apr 18 20:00:46.913489 2025] [cgi:error] [pid 17948:tid 992] [client ::1:52837] AH02811: stderr from C:/Apache24/cgi-bin/flight_search.cgi: script not found or unable to stat, referer: http://localhost/Design3.html
[Fri Apr 18 20:06:21.955231 2025] [cgi:error] [pid 17948:tid 996] [client ::1:52961] AH02811: stderr from C:/Apache24/cgi-bin/flight_search.cgi: script not found or unable to stat, referer: http://localhost/Design3.html
[Fri Apr 18 20:06:26.969111 2025] [cgi:error] [pid 17948:tid 992] [client ::1:52962] AH02811: stderr from C:/Apache24/cgi-bin/flight_search.cgi: script not found or unable to stat, referer: http://localhost/Design3.html
[Fri Apr 18 20:07:59.730699 2025] [cgi:error] [pid 17948:tid 996] [client ::1:52997] AH02811: stderr from C:/Apache24/cgi-bin/flight_search.cgi: script not found or unable to stat, referer: http://localhost/Design3.html
[Fri Apr 18 20:20:19.128394 2025] [cgi:error] [pid 17948:tid 1000] [client ::1:53268] AH02811: stderr from C:/Apache24/cgi-bin/flight_search.cgi: script not found or unable to stat, referer: http://localhost/Design3.html
[Fri Apr 18 21:21:10.366506 2025] [cgi:error] [pid 17948:tid 996] [client ::1:54578] AH02811: stderr from C:/Apache24/cgi-bin/flight_search.cgi: script not found or unable to stat, referer: http://localhost/Design3.html
[Fri Apr 18 21:23:13.379660 2025] [cgi:error] [pid 17948:tid 1000] [client ::1:54628] AH02811: stderr from C:/Apache24/cgi-bin/flight_search.cgi: script not found or unable to stat, referer: http://localhost/Design3.html
[Fri Apr 18 21:23:16.866658 2025] [cgi:error] [pid 17948:tid 1000] [client ::1:54628] AH02811: stderr from C:/Apache24/cgi-bin/flight_search.cgi: script not found or unable to stat, referer: http://localhost/Design3.html
[Fri Apr 18 21:25:38.931364 2025] [cgi:error] [pid 17948:tid 988] [client ::1:54684] AH02811: stderr from C:/Apache24/cgi-bin/flight_search.cgi: script not found or unable to stat, referer: http://localhost/Design3.html
[Fri Apr 18 21:25:43.510870 2025] [cgi:error] [pid 17948:tid 988] [client ::1:54684] AH02811: stderr from C:/Apache24/cgi-bin/flight_search.cgi: script not found or unable to stat, referer: http://localhost/Design3.html
[Fri Apr 18 21:25:48.828351 2025] [cgi:error] [pid 17948:tid 992] [client ::1:54685] AH02811: stderr from C:/Apache24/cgi-bin/flight_search.cgi: script not found or unable to stat, referer: http://localhost/Design3.html
[Fri Apr 18 21:30:35.534381 2025] [mpm_winnt:notice] [pid 11956:tid 328] AH00422: Parent: Received shutdown signal -- Shutting down the server.
[Fri Apr 18 21:30:37.539708 2025] [mpm_winnt:notice] [pid 17948:tid 344] AH00364: Child: All worker threads have exited.
[Fri Apr 18 21:30:37.557676 2025] [mpm_winnt:notice] [pid 11956:tid 328] AH00430: Parent: Child process 17948 exited successfully.
[Fri Apr 18 21:30:39.088480 2025] [alias:warn] [pid 4912:tid 328] AH00671: The ScriptAlias directive in C:/Apache24/conf/httpd.conf at line 354 will probably never match because it overlaps an earlier ScriptAlias.
[Fri Apr 18 21:30:39.097855 2025] [mpm_winnt:notice] [pid 4912:tid 328] AH00455: Apache/2.4.63 (Win64) configured -- resuming normal operations
[Fri Apr 18 21:30:39.097855 2025] [mpm_winnt:notice] [pid 4912:tid 328] AH00456: Apache Lounge VS17 Server built: Feb  3 2025 10:10:51
[Fri Apr 18 21:30:39.097855 2025] [core:notice] [pid 4912:tid 328] AH00094: Command line: 'C:\\Apache24\\bin\\httpd.exe -d C:/Apache24'
[Fri Apr 18 21:30:39.099863 2025] [mpm_winnt:notice] [pid 4912:tid 328] AH00418: Parent: Created child process 2900
[Fri Apr 18 21:30:39.428282 2025] [alias:warn] [pid 2900:tid 344] AH00671: The ScriptAlias directive in C:/Apache24/conf/httpd.conf at line 354 will probably never match because it overlaps an earlier ScriptAlias.
[Fri Apr 18 21:30:39.428282 2025] [alias:warn] [pid 2900:tid 344] AH00671: The ScriptAlias directive in C:/Apache24/conf/httpd.conf at line 354 will probably never match because it overlaps an earlier ScriptAlias.
[Fri Apr 18 21:30:39.444333 2025] [mpm_winnt:notice] [pid 2900:tid 344] AH00354: Child: Starting 64 worker threads.
[Fri Apr 18 21:40:37.980115 2025] [mpm_winnt:notice] [pid 4912:tid 328] AH00422: Parent: Received shutdown signal -- Shutting down the server.
[Fri Apr 18 21:40:39.985093 2025] [mpm_winnt:notice] [pid 2900:tid 344] AH00364: Child: All worker threads have exited.
[Fri Apr 18 21:40:40.002951 2025] [mpm_winnt:notice] [pid 4912:tid 328] AH00430: Parent: Child process 2900 exited successfully.
[Fri Apr 18 21:40:42.829191 2025] [mpm_winnt:notice] [pid 15400:tid 328] AH00455: Apache/2.4.63 (Win64) configured -- resuming normal operations
[Fri Apr 18 21:40:42.829191 2025] [mpm_winnt:notice] [pid 15400:tid 328] AH00456: Apache Lounge VS17 Server built: Feb  3 2025 10:10:51
[Fri Apr 18 21:40:42.829191 2025] [core:notice] [pid 15400:tid 328] AH00094: Command line: 'C:\\Apache24\\bin\\httpd.exe -d C:/Apache24'
[Fri Apr 18 21:40:42.829191 2025] [mpm_winnt:notice] [pid 15400:tid 328] AH00418: Parent: Created child process 15788
[Fri Apr 18 21:40:43.067204 2025] [mpm_winnt:notice] [pid 15788:tid 368] AH00354: Child: Starting 64 worker threads.
[Fri Apr 18 21:42:08.856917 2025] [cgi:error] [pid 15788:tid 992] [client ::1:55040] Script timed out before returning headers: flight_search.py
[Fri Apr 18 21:42:58.845941 2025] [cgi:error] [pid 15788:tid 976] [client ::1:55081] AH02811: stderr from C:/Apache24/cgi-bin/flight_search.cgi: script not found or unable to stat
[Fri Apr 18 21:43:52.678822 2025] [cgi:error] [pid 15788:tid 984] [client ::1:55080] Script timed out before returning headers: flight_search.py
[Fri Apr 18 21:44:19.188557 2025] [mpm_winnt:notice] [pid 15400:tid 328] AH00422: Parent: Received shutdown signal -- Shutting down the server.
[Fri Apr 18 21:44:49.194277 2025] [mpm_winnt:notice] [pid 15400:tid 328] AH00431: Parent: Forcing termination of child process 15788
[Fri Apr 18 21:44:57.396948 2025] [mpm_winnt:notice] [pid 16736:tid 328] AH00455: Apache/2.4.63 (Win64) configured -- resuming normal operations
[Fri Apr 18 21:44:57.396948 2025] [mpm_winnt:notice] [pid 16736:tid 328] AH00456: Apache Lounge VS17 Server built: Feb  3 2025 10:10:51
[Fri Apr 18 21:44:57.396948 2025] [core:notice] [pid 16736:tid 328] AH00094: Command line: 'C:\\Apache24\\bin\\httpd.exe -d C:/Apache24'
[Fri Apr 18 21:44:57.411698 2025] [mpm_winnt:notice] [pid 16736:tid 328] AH00418: Parent: Created child process 3600
[Fri Apr 18 21:44:57.633610 2025] [mpm_winnt:notice] [pid 3600:tid 344] AH00354: Child: Starting 64 worker threads.
[Fri Apr 18 21:45:12.018242 2025] [cgi:error] [pid 3600:tid 980] [client ::1:55129] AH02811: stderr from C:/Apache24/cgi-bin/flight_search.cgi: script not found or unable to stat
[Fri Apr 18 21:45:16.701159 2025] [cgi:error] [pid 3600:tid 980] [client ::1:55129] AH02811: stderr from C:/Apache24/cgi-bin/flight_search.cgi: script not found or unable to stat
[Fri Apr 18 21:48:26.515377 2025] [cgi:error] [pid 3600:tid 960] [client ::1:55181] Script timed out before returning headers: flight_search.cgi
[Fri Apr 18 21:49:40.869799 2025] [cgi:error] [pid 3600:tid 980] [client ::1:55210] Script timed out before returning headers: flight_search.cgi
[Fri Apr 18 21:49:48.089424 2025] [cgi:error] [pid 3600:tid 956] [client ::1:55214] Script timed out before returning headers: flight_search.cgi
[Fri Apr 18 21:55:42.773607 2025] [cgi:error] [pid 3600:tid 956] [client ::1:55344] Script timed out before returning headers: flight_search.cgi
[Fri Apr 18 22:55:51.533347 2025] [cgi:error] [pid 3600:tid 956] (OS 1920)Доступ к этому файлу из системы отсутствует.  : [client ::1:58314] couldn't create child process: 721920: flight_search.cgi
[Fri Apr 18 22:55:51.533347 2025] [cgi:error] [pid 3600:tid 956] (OS 1920)Доступ к этому файлу из системы отсутствует.  : [client ::1:58314] AH01223: couldn't spawn child process: C:/Apache24/cgi-bin/flight_search.cgi
[Fri Apr 18 22:55:53.484028 2025] [cgi:error] [pid 3600:tid 980] (OS 1920)Доступ к этому файлу из системы отсутствует.  : [client ::1:58315] couldn't create child process: 721920: flight_search.cgi
[Fri Apr 18 22:55:53.484028 2025] [cgi:error] [pid 3600:tid 980] (OS 1920)Доступ к этому файлу из системы отсутствует.  : [client ::1:58315] AH01223: couldn't spawn child process: C:/Apache24/cgi-bin/flight_search.cgi
[Fri Apr 18 22:56:10.404685 2025] [mpm_winnt:notice] [pid 16736:tid 328] AH00422: Parent: Received shutdown signal -- Shutting down the server.
[Fri Apr 18 22:56:40.406808 2025] [mpm_winnt:notice] [pid 16736:tid 328] AH00431: Parent: Forcing termination of child process 3600
[Fri Apr 18 22:56:42.506011 2025] [mpm_winnt:notice] [pid 11804:tid 336] AH00455: Apache/2.4.63 (Win64) configured -- resuming normal operations
[Fri Apr 18 22:56:42.506011 2025] [mpm_winnt:notice] [pid 11804:tid 336] AH00456: Apache Lounge VS17 Server built: Feb  3 2025 10:10:51
[Fri Apr 18 22:56:42.506011 2025] [core:notice] [pid 11804:tid 336] AH00094: Command line: 'C:\\Apache24\\bin\\httpd.exe -d C:/Apache24'
[Fri Apr 18 22:56:42.506011 2025] [mpm_winnt:notice] [pid 11804:tid 336] AH00418: Parent: Created child process 19156
[Fri Apr 18 22:56:42.759585 2025] [mpm_winnt:notice] [pid 19156:tid 348] AH00354: Child: Starting 64 worker threads.
[Fri Apr 18 22:56:48.143132 2025] [cgi:error] [pid 19156:tid 964] (OS 1920)Доступ к этому файлу из системы отсутствует.  : [client ::1:58360] couldn't create child process: 721920: flight_search.cgi
[Fri Apr 18 22:56:48.143132 2025] [cgi:error] [pid 19156:tid 964] (OS 1920)Доступ к этому файлу из системы отсутствует.  : [client ::1:58360] AH01223: couldn't spawn child process: C:/Apache24/cgi-bin/flight_search.cgi
[Fri Apr 18 22:56:50.548881 2025] [cgi:error] [pid 19156:tid 956] (OS 1920)Доступ к этому файлу из системы отсутствует.  : [client ::1:58361] couldn't create child process: 721920: flight_search.cgi
[Fri Apr 18 22:56:50.548881 2025] [cgi:error] [pid 19156:tid 956] (OS 1920)Доступ к этому файлу из системы отсутствует.  : [client ::1:58361] AH01223: couldn't spawn child process: C:/Apache24/cgi-bin/flight_search.cgi
[Fri Apr 18 22:56:51.020961 2025] [cgi:error] [pid 19156:tid 964] (OS 1920)Доступ к этому файлу из системы отсутствует.  : [client ::1:58364] couldn't create child process: 721920: flight_search.cgi
[Fri Apr 18 22:56:51.020961 2025] [cgi:error] [pid 19156:tid 964] (OS 1920)Доступ к этому файлу из системы отсутствует.  : [client ::1:58364] AH01223: couldn't spawn child process: C:/Apache24/cgi-bin/flight_search.cgi
[Fri Apr 18 22:56:51.244009 2025] [cgi:error] [pid 19156:tid 956] (OS 1920)Доступ к этому файлу из системы отсутствует.  : [client ::1:58365] couldn't create child process: 721920: flight_search.cgi
[Fri Apr 18 22:56:51.244009 2025] [cgi:error] [pid 19156:tid 956] (OS 1920)Доступ к этому файлу из системы отсутствует.  : [client ::1:58365] AH01223: couldn't spawn child process: C:/Apache24/cgi-bin/flight_search.cgi
[Fri Apr 18 22:56:51.437489 2025] [cgi:error] [pid 19156:tid 964] (OS 1920)Доступ к этому файлу из системы отсутствует.  : [client ::1:58366] couldn't create child process: 721920: flight_search.cgi
[Fri Apr 18 22:56:51.437489 2025] [cgi:error] [pid 19156:tid 964] (OS 1920)Доступ к этому файлу из системы отсутствует.  : [client ::1:58366] AH01223: couldn't spawn child process: C:/Apache24/cgi-bin/flight_search.cgi
[Fri Apr 18 23:08:19.715376 2025] [cgi:error] [pid 19156:tid 956] (OS 2)Не удается найти указанный файл.  : [client ::1:58930] couldn't create child process: 720002: flight_search.cgi
[Fri Apr 18 23:08:19.715376 2025] [cgi:error] [pid 19156:tid 956] (OS 2)Не удается найти указанный файл.  : [client ::1:58930] AH01223: couldn't spawn child process: C:/Apache24/cgi-bin/flight_search.cgi
[Fri Apr 18 23:08:20.543667 2025] [cgi:error] [pid 19156:tid 964] (OS 2)Не удается найти указанный файл.  : [client ::1:58931] couldn't create child process: 720002: flight_search.cgi
[Fri Apr 18 23:08:20.543667 2025] [cgi:error] [pid 19156:tid 964] (OS 2)Не удается найти указанный файл.  : [client ::1:58931] AH01223: couldn't spawn child process: C:/Apache24/cgi-bin/flight_search.cgi
[Fri Apr 18 23:08:20.768756 2025] [cgi:error] [pid 19156:tid 956] (OS 2)Не удается найти указанный файл.  : [client ::1:58932] couldn't create child process: 720002: flight_search.cgi
[Fri Apr 18 23:08:20.768756 2025] [cgi:error] [pid 19156:tid 956] (OS 2)Не удается найти указанный файл.  : [client ::1:58932] AH01223: couldn't spawn child process: C:/Apache24/cgi-bin/flight_search.cgi
[Fri Apr 18 23:08:20.952325 2025] [cgi:error] [pid 19156:tid 964] (OS 2)Не удается найти указанный файл.  : [client ::1:58934] couldn't create child process: 720002: flight_search.cgi
[Fri Apr 18 23:08:20.952325 2025] [cgi:error] [pid 19156:tid 964] (OS 2)Не удается найти указанный файл.  : [client ::1:58934] AH01223: couldn't spawn child process: C:/Apache24/cgi-bin/flight_search.cgi
[Fri Apr 18 23:09:48.730157 2025] [mpm_winnt:notice] [pid 11804:tid 336] AH00422: Parent: Received shutdown signal -- Shutting down the server.
[Fri Apr 18 23:09:50.738371 2025] [mpm_winnt:notice] [pid 19156:tid 348] AH00364: Child: All worker threads have exited.
[Fri Apr 18 23:09:50.754094 2025] [mpm_winnt:notice] [pid 11804:tid 336] AH00430: Parent: Child process 19156 exited successfully.
[Fri Apr 18 23:09:52.802887 2025] [mpm_winnt:notice] [pid 16176:tid 344] AH00455: Apache/2.4.63 (Win64) configured -- resuming normal operations
[Fri Apr 18 23:09:52.802887 2025] [mpm_winnt:notice] [pid 16176:tid 344] AH00456: Apache Lounge VS17 Server built: Feb  3 2025 10:10:51
[Fri Apr 18 23:09:52.802887 2025] [core:notice] [pid 16176:tid 344] AH00094: Command line: 'C:\\Apache24\\bin\\httpd.exe -d C:/Apache24'
[Fri Apr 18 23:09:52.802887 2025] [mpm_winnt:notice] [pid 16176:tid 344] AH00418: Parent: Created child process 15616
[Fri Apr 18 23:09:53.039978 2025] [mpm_winnt:notice] [pid 15616:tid 344] AH00354: Child: Starting 64 worker threads.
[Fri Apr 18 23:09:58.647547 2025] [cgi:error] [pid 15616:tid 968] [client ::1:59023] End of script output before headers: flight_search.cgi
[Fri Apr 18 23:09:58.647547 2025] [cgi:error] [pid 15616:tid 968] [client ::1:59023] AH01215: stderr from C:/Apache24/cgi-bin/flight_search.cgi: Traceback (most recent call last):
[Fri Apr 18 23:09:58.647547 2025] [cgi:error] [pid 15616:tid 968] [client ::1:59023] AH01215: stderr from C:/Apache24/cgi-bin/flight_search.cgi:   File "C:\\Apache24\\cgi-bin\\flight_search.cgi", line 2, in <module>
[Fri Apr 18 23:09:58.647547 2025] [cgi:error] [pid 15616:tid 968] [client ::1:59023] AH01215: stderr from C:/Apache24/cgi-bin/flight_search.cgi:     import cgi
[Fri Apr 18 23:09:58.647547 2025] [cgi:error] [pid 15616:tid 968] [client ::1:59023] AH01215: stderr from C:/Apache24/cgi-bin/flight_search.cgi: ModuleNotFoundError: No module named 'cgi'
[Fri Apr 18 23:09:59.355533 2025] [cgi:error] [pid 15616:tid 960] [client ::1:59024] End of script output before headers: flight_search.cgi
[Fri Apr 18 23:09:59.355533 2025] [cgi:error] [pid 15616:tid 960] [client ::1:59024] AH01215: stderr from C:/Apache24/cgi-bin/flight_search.cgi: Traceback (most recent call last):
[Fri Apr 18 23:09:59.355533 2025] [cgi:error] [pid 15616:tid 960] [client ::1:59024] AH01215: stderr from C:/Apache24/cgi-bin/flight_search.cgi:   File "C:\\Apache24\\cgi-bin\\flight_search.cgi", line 2, in <module>
[Fri Apr 18 23:09:59.355533 2025] [cgi:error] [pid 15616:tid 960] [client ::1:59024] AH01215: stderr from C:/Apache24/cgi-bin/flight_search.cgi:     import cgi
[Fri Apr 18 23:09:59.355533 2025] [cgi:error] [pid 15616:tid 960] [client ::1:59024] AH01215: stderr from C:/Apache24/cgi-bin/flight_search.cgi: ModuleNotFoundError: No module named 'cgi'
[Fri Apr 18 23:09:59.821130 2025] [cgi:error] [pid 15616:tid 968] [client ::1:59025] End of script output before headers: flight_search.cgi
[Fri Apr 18 23:09:59.821130 2025] [cgi:error] [pid 15616:tid 968] [client ::1:59025] AH01215: stderr from C:/Apache24/cgi-bin/flight_search.cgi: Traceback (most recent call last):
[Fri Apr 18 23:09:59.821130 2025] [cgi:error] [pid 15616:tid 968] [client ::1:59025] AH01215: stderr from C:/Apache24/cgi-bin/flight_search.cgi:   File "C:\\Apache24\\cgi-bin\\flight_search.cgi", line 2, in <module>
[Fri Apr 18 23:09:59.821130 2025] [cgi:error] [pid 15616:tid 968] [client ::1:59025] AH01215: stderr from C:/Apache24/cgi-bin/flight_search.cgi:     import cgi
[Fri Apr 18 23:09:59.821130 2025] [cgi:error] [pid 15616:tid 968] [client ::1:59025] AH01215: stderr from C:/Apache24/cgi-bin/flight_search.cgi: ModuleNotFoundError: No module named 'cgi'
[Fri Apr 18 23:10:00.009271 2025] [cgi:error] [pid 15616:tid 960] [client ::1:59027] End of script output before headers: flight_search.cgi
[Fri Apr 18 23:10:00.009271 2025] [cgi:error] [pid 15616:tid 960] [client ::1:59027] AH01215: stderr from C:/Apache24/cgi-bin/flight_search.cgi: Traceback (most recent call last):
[Fri Apr 18 23:10:00.009271 2025] [cgi:error] [pid 15616:tid 960] [client ::1:59027] AH01215: stderr from C:/Apache24/cgi-bin/flight_search.cgi:   File "C:\\Apache24\\cgi-bin\\flight_search.cgi", line 2, in <module>
[Fri Apr 18 23:10:00.009271 2025] [cgi:error] [pid 15616:tid 960] [client ::1:59027] AH01215: stderr from C:/Apache24/cgi-bin/flight_search.cgi:     import cgi
[Fri Apr 18 23:10:00.009271 2025] [cgi:error] [pid 15616:tid 960] [client ::1:59027] AH01215: stderr from C:/Apache24/cgi-bin/flight_search.cgi: ModuleNotFoundError: No module named 'cgi'
[Fri Apr 18 23:10:00.155219 2025] [cgi:error] [pid 15616:tid 968] [client ::1:59028] End of script output before headers: flight_search.cgi
[Fri Apr 18 23:10:00.155219 2025] [cgi:error] [pid 15616:tid 968] [client ::1:59028] AH01215: stderr from C:/Apache24/cgi-bin/flight_search.cgi: Traceback (most recent call last):
[Fri Apr 18 23:10:00.155219 2025] [cgi:error] [pid 15616:tid 968] [client ::1:59028] AH01215: stderr from C:/Apache24/cgi-bin/flight_search.cgi:   File "C:\\Apache24\\cgi-bin\\flight_search.cgi", line 2, in <module>
[Fri Apr 18 23:10:00.155219 2025] [cgi:error] [pid 15616:tid 968] [client ::1:59028] AH01215: stderr from C:/Apache24/cgi-bin/flight_search.cgi:     import cgi
[Fri Apr 18 23:10:00.155219 2025] [cgi:error] [pid 15616:tid 968] [client ::1:59028] AH01215: stderr from C:/Apache24/cgi-bin/flight_search.cgi: ModuleNotFoundError: No module named 'cgi'
[Fri Apr 18 23:10:11.408930 2025] [cgi:error] [pid 15616:tid 960] [client ::1:59029] End of script output before headers: flight_search.cgi
[Fri Apr 18 23:10:11.408930 2025] [cgi:error] [pid 15616:tid 960] [client ::1:59029] AH01215: stderr from C:/Apache24/cgi-bin/flight_search.cgi: Traceback (most recent call last):
[Fri Apr 18 23:10:11.408930 2025] [cgi:error] [pid 15616:tid 960] [client ::1:59029] AH01215: stderr from C:/Apache24/cgi-bin/flight_search.cgi:   File "C:\\Apache24\\cgi-bin\\flight_search.cgi", line 2, in <module>
[Fri Apr 18 23:10:11.408930 2025] [cgi:error] [pid 15616:tid 960] [client ::1:59029] AH01215: stderr from C:/Apache24/cgi-bin/flight_search.cgi:     import cgi
[Fri Apr 18 23:10:11.408930 2025] [cgi:error] [pid 15616:tid 960] [client ::1:59029] AH01215: stderr from C:/Apache24/cgi-bin/flight_search.cgi: ModuleNotFoundError: No module named 'cgi'
[Fri Apr 18 23:26:04.962470 2025] [cgi:error] [pid 15616:tid 968] [client ::1:59507] AH02811: stderr from C:/Apache24/cgi-bin/flight_search.cgi: script not found or unable to stat
[Fri Apr 18 23:26:05.882774 2025] [cgi:error] [pid 15616:tid 968] [client ::1:59507] AH02811: stderr from C:/Apache24/cgi-bin/flight_search.cgi: script not found or unable to stat
[Fri Apr 18 23:26:06.876784 2025] [cgi:error] [pid 15616:tid 968] [client ::1:59507] AH02811: stderr from C:/Apache24/cgi-bin/flight_search.cgi: script not found or unable to stat
[Fri Apr 18 23:26:07.758304 2025] [cgi:error] [pid 15616:tid 968] [client ::1:59507] AH02811: stderr from C:/Apache24/cgi-bin/flight_search.cgi: script not found or unable to stat
[Fri Apr 18 23:26:57.713761 2025] [cgi:error] [pid 15616:tid 960] [client ::1:59508] AH02811: stderr from C:/Apache24/cgi-bin/flight_search.cgi: script not found or unable to stat
[Fri Apr 18 23:26:58.320139 2025] [cgi:error] [pid 15616:tid 960] [client ::1:59508] AH02811: stderr from C:/Apache24/cgi-bin/flight_search.cgi: script not found or unable to stat
[Fri Apr 18 23:26:58.532403 2025] [cgi:error] [pid 15616:tid 960] [client ::1:59508] AH02811: stderr from C:/Apache24/cgi-bin/flight_search.cgi: script not found or unable to stat
[Fri Apr 18 23:26:58.719049 2025] [cgi:error] [pid 15616:tid 960] [client ::1:59508] AH02811: stderr from C:/Apache24/cgi-bin/flight_search.cgi: script not found or unable to stat
[Fri Apr 18 23:26:58.896451 2025] [cgi:error] [pid 15616:tid 960] [client ::1:59508] AH02811: stderr from C:/Apache24/cgi-bin/flight_search.cgi: script not found or unable to stat
[Fri Apr 18 23:26:59.053653 2025] [cgi:error] [pid 15616:tid 960] [client ::1:59508] AH02811: stderr from C:/Apache24/cgi-bin/flight_search.cgi: script not found or unable to stat
[Fri Apr 18 23:26:59.224951 2025] [cgi:error] [pid 15616:tid 960] [client ::1:59508] AH02811: stderr from C:/Apache24/cgi-bin/flight_search.cgi: script not found or unable to stat
[Fri Apr 18 23:26:59.387082 2025] [cgi:error] [pid 15616:tid 960] [client ::1:59508] AH02811: stderr from C:/Apache24/cgi-bin/flight_search.cgi: script not found or unable to stat
[Fri Apr 18 23:26:59.569702 2025] [cgi:error] [pid 15616:tid 960] [client ::1:59508] AH02811: stderr from C:/Apache24/cgi-bin/flight_search.cgi: script not found or unable to stat
[Fri Apr 18 23:26:59.771475 2025] [cgi:error] [pid 15616:tid 960] [client ::1:59508] AH02811: stderr from C:/Apache24/cgi-bin/flight_search.cgi: script not found or unable to stat
[Fri Apr 18 23:28:10.439782 2025] [cgi:error] [pid 15616:tid 968] (OS 2)Не удается найти указанный файл.  : [client ::1:59551] couldn't create child process: 720002: flight_search.cgi
[Fri Apr 18 23:28:10.440783 2025] [cgi:error] [pid 15616:tid 968] (OS 2)Не удается найти указанный файл.  : [client ::1:59551] AH01223: couldn't spawn child process: C:/Apache24/cgi-bin/flight_search.cgi
[Fri Apr 18 23:29:35.582445 2025] [cgi:error] [pid 15616:tid 960] [client ::1:59582] End of script output before headers: flight_search.cgi
[Fri Apr 18 23:29:35.582445 2025] [cgi:error] [pid 15616:tid 960] [client ::1:59582] AH01215: stderr from C:/Apache24/cgi-bin/flight_search.cgi:   File "C:\\Apache24\\cgi-bin\\flight_search.cgi", line 43
[Fri Apr 18 23:29:35.582445 2025] [cgi:error] [pid 15616:tid 960] [client ::1:59582] AH01215: stderr from C:/Apache24/cgi-bin/flight_search.cgi:     def generate_flights(from_city, to_city, departure_date, passengers):
[Fri Apr 18 23:29:35.582445 2025] [cgi:error] [pid 15616:tid 960] [client ::1:59582] AH01215: stderr from C:/Apache24/cgi-bin/flight_search.cgi:     ^^^
[Fri Apr 18 23:29:35.582445 2025] [cgi:error] [pid 15616:tid 960] [client ::1:59582] AH01215: stderr from C:/Apache24/cgi-bin/flight_search.cgi: IndentationError: expected an indented block after function definition on line 40
[Fri Apr 18 23:29:35.736475 2025] [cgi:error] [pid 15616:tid 968] [client ::1:59583] End of script output before headers: flight_search.cgi
[Fri Apr 18 23:29:35.736475 2025] [cgi:error] [pid 15616:tid 968] [client ::1:59583] AH01215: stderr from C:/Apache24/cgi-bin/flight_search.cgi:   File "C:\\Apache24\\cgi-bin\\flight_search.cgi", line 43
[Fri Apr 18 23:29:35.736475 2025] [cgi:error] [pid 15616:tid 968] [client ::1:59583] AH01215: stderr from C:/Apache24/cgi-bin/flight_search.cgi:     def generate_flights(from_city, to_city, departure_date, passengers):
[Fri Apr 18 23:29:35.736475 2025] [cgi:error] [pid 15616:tid 968] [client ::1:59583] AH01215: stderr from C:/Apache24/cgi-bin/flight_search.cgi:     ^^^
[Fri Apr 18 23:29:35.736475 2025] [cgi:error] [pid 15616:tid 968] [client ::1:59583] AH01215: stderr from C:/Apache24/cgi-bin/flight_search.cgi: IndentationError: expected an indented block after function definition on line 40
[Fri Apr 18 23:29:35.975156 2025] [cgi:error] [pid 15616:tid 960] [client ::1:59584] End of script output before headers: flight_search.cgi
[Fri Apr 18 23:29:35.975156 2025] [cgi:error] [pid 15616:tid 960] [client ::1:59584] AH01215: stderr from C:/Apache24/cgi-bin/flight_search.cgi:   File "C:\\Apache24\\cgi-bin\\flight_search.cgi", line 43
[Fri Apr 18 23:29:35.975156 2025] [cgi:error] [pid 15616:tid 960] [client ::1:59584] AH01215: stderr from C:/Apache24/cgi-bin/flight_search.cgi:     def generate_flights(from_city, to_city, departure_date, passengers):
[Fri Apr 18 23:29:35.975156 2025] [cgi:error] [pid 15616:tid 960] [client ::1:59584] AH01215: stderr from C:/Apache24/cgi-bin/flight_search.cgi:     ^^^
[Fri Apr 18 23:29:35.975156 2025] [cgi:error] [pid 15616:tid 960] [client ::1:59584] AH01215: stderr from C:/Apache24/cgi-bin/flight_search.cgi: IndentationError: expected an indented block after function definition on line 40
[Fri Apr 18 23:29:36.189273 2025] [cgi:error] [pid 15616:tid 968] [client ::1:59585] End of script output before headers: flight_search.cgi
[Fri Apr 18 23:29:36.189273 2025] [cgi:error] [pid 15616:tid 968] [client ::1:59585] AH01215: stderr from C:/Apache24/cgi-bin/flight_search.cgi:   File "C:\\Apache24\\cgi-bin\\flight_search.cgi", line 43
[Fri Apr 18 23:29:36.189273 2025] [cgi:error] [pid 15616:tid 968] [client ::1:59585] AH01215: stderr from C:/Apache24/cgi-bin/flight_search.cgi:     def generate_flights(from_city, to_city, departure_date, passengers):
[Fri Apr 18 23:29:36.189273 2025] [cgi:error] [pid 15616:tid 968] [client ::1:59585] AH01215: stderr from C:/Apache24/cgi-bin/flight_search.cgi:     ^^^
[Fri Apr 18 23:29:36.189273 2025] [cgi:error] [pid 15616:tid 968] [client ::1:59585] AH01215: stderr from C:/Apache24/cgi-bin/flight_search.cgi: IndentationError: expected an indented block after function definition on line 40
[Fri Apr 18 23:29:36.444983 2025] [cgi:error] [pid 15616:tid 960] [client ::1:59586] End of script output before headers: flight_search.cgi
[Fri Apr 18 23:29:36.444983 2025] [cgi:error] [pid 15616:tid 960] [client ::1:59586] AH01215: stderr from C:/Apache24/cgi-bin/flight_search.cgi:   File "C:\\Apache24\\cgi-bin\\flight_search.cgi", line 43
[Fri Apr 18 23:29:36.444983 2025] [cgi:error] [pid 15616:tid 960] [client ::1:59586] AH01215: stderr from C:/Apache24/cgi-bin/flight_search.cgi:     def generate_flights(from_city, to_city, departure_date, passengers):
[Fri Apr 18 23:29:36.444983 2025] [cgi:error] [pid 15616:tid 960] [client ::1:59586] AH01215: stderr from C:/Apache24/cgi-bin/flight_search.cgi:     ^^^
[Fri Apr 18 23:29:36.444983 2025] [cgi:error] [pid 15616:tid 960] [client ::1:59586] AH01215: stderr from C:/Apache24/cgi-bin/flight_search.cgi: IndentationError: expected an indented block after function definition on line 40
[Fri Apr 18 23:29:36.632953 2025] [cgi:error] [pid 15616:tid 968] [client ::1:59587] End of script output before headers: flight_search.cgi
[Fri Apr 18 23:29:36.632953 2025] [cgi:error] [pid 15616:tid 968] [client ::1:59587] AH01215: stderr from C:/Apache24/cgi-bin/flight_search.cgi:   File "C:\\Apache24\\cgi-bin\\flight_search.cgi", line 43
[Fri Apr 18 23:29:36.633953 2025] [cgi:error] [pid 15616:tid 968] [client ::1:59587] AH01215: stderr from C:/Apache24/cgi-bin/flight_search.cgi:     def generate_flights(from_city, to_city, departure_date, passengers):
[Fri Apr 18 23:29:36.633953 2025] [cgi:error] [pid 15616:tid 968] [client ::1:59587] AH01215: stderr from C:/Apache24/cgi-bin/flight_search.cgi:     ^^^
[Fri Apr 18 23:29:36.633953 2025] [cgi:error] [pid 15616:tid 968] [client ::1:59587] AH01215: stderr from C:/Apache24/cgi-bin/flight_search.cgi: IndentationError: expected an indented block after function definition on line 40
[Fri Apr 18 23:38:00.041423 2025] [mpm_winnt:notice] [pid 16176:tid 344] AH00422: Parent: Received shutdown signal -- Shutting down the server.
[Fri Apr 18 23:38:02.066659 2025] [mpm_winnt:notice] [pid 15616:tid 344] AH00364: Child: All worker threads have exited.
[Fri Apr 18 23:38:02.082455 2025] [mpm_winnt:notice] [pid 16176:tid 344] AH00430: Parent: Child process 15616 exited successfully.
[Fri Apr 18 23:38:05.973323 2025] [mpm_winnt:notice] [pid 19608:tid 344] AH00455: Apache/2.4.63 (Win64) configured -- resuming normal operations
[Fri Apr 18 23:38:05.973323 2025] [mpm_winnt:notice] [pid 19608:tid 344] AH00456: Apache Lounge VS17 Server built: Feb  3 2025 10:10:51
[Fri Apr 18 23:38:05.973323 2025] [core:notice] [pid 19608:tid 344] AH00094: Command line: 'C:\\Apache24\\bin\\httpd.exe -d C:/Apache24'
[Fri Apr 18 23:38:05.983671 2025] [mpm_winnt:notice] [pid 19608:tid 344] AH00418: Parent: Created child process 8556
[Fri Apr 18 23:38:06.211335 2025] [mpm_winnt:notice] [pid 8556:tid 412] AH00354: Child: Starting 64 worker threads.
[Fri Apr 18 23:48:32.601481 2025] [mpm_winnt:notice] [pid 19608:tid 344] AH00422: Parent: Received shutdown signal -- Shutting down the server.
[Fri Apr 18 23:48:34.625032 2025] [mpm_winnt:notice] [pid 8556:tid 412] AH00364: Child: All worker threads have exited.
[Fri Apr 18 23:48:34.640765 2025] [mpm_winnt:notice] [pid 19608:tid 344] AH00430: Parent: Child process 8556 exited successfully.
[Fri Apr 18 23:49:10.444666 2025] [mpm_winnt:notice] [pid 4396:tid 184] AH00455: Apache/2.4.63 (Win64) configured -- resuming normal operations
[Fri Apr 18 23:49:10.444666 2025] [mpm_winnt:notice] [pid 4396:tid 184] AH00456: Apache Lounge VS17 Server built: Feb  3 2025 10:10:51
[Fri Apr 18 23:49:10.444666 2025] [core:notice] [pid 4396:tid 184] AH00094: Command line: 'C:\\Apache24\\bin\\httpd.exe -d C:/Apache24'
[Fri Apr 18 23:49:10.444666 2025] [mpm_winnt:notice] [pid 4396:tid 184] AH00418: Parent: Created child process 8968
[Fri Apr 18 23:49:10.862558 2025] [mpm_winnt:notice] [pid 8968:tid 344] AH00354: Child: Starting 64 worker threads.
[Fri Apr 18 23:51:51.668191 2025] [mpm_winnt:notice] [pid 4396:tid 184] AH00422: Parent: Received shutdown signal -- Shutting down the server.
[Fri Apr 18 23:51:53.704973 2025] [mpm_winnt:notice] [pid 8968:tid 344] AH00364: Child: All worker threads have exited.
[Fri Apr 18 23:51:53.720869 2025] [mpm_winnt:notice] [pid 4396:tid 184] AH00430: Parent: Child process 8968 exited successfully.
[Fri Apr 18 23:51:55.783853 2025] [mpm_winnt:notice] [pid 14504:tid 356] AH00455: Apache/2.4.63 (Win64) configured -- resuming normal operations
[Fri Apr 18 23:51:55.783853 2025] [mpm_winnt:notice] [pid 14504:tid 356] AH00456: Apache Lounge VS17 Server built: Feb  3 2025 10:10:51
[Fri Apr 18 23:51:55.783853 2025] [core:notice] [pid 14504:tid 356] AH00094: Command line: 'C:\\Apache24\\bin\\httpd.exe -d C:/Apache24'
[Fri Apr 18 23:51:55.790643 2025] [mpm_winnt:notice] [pid 14504:tid 356] AH00418: Parent: Created child process 15772
[Fri Apr 18 23:51:56.001787 2025] [mpm_winnt:notice] [pid 15772:tid 372] AH00354: Child: Starting 64 worker threads.
[Fri Apr 18 23:52:06.083557 2025] [cgi:error] [pid 15772:tid 964] [client ::1:49928] End of script output before headers: flight_search.cgi
[Fri Apr 18 23:52:06.083557 2025] [cgi:error] [pid 15772:tid 964] [client ::1:49928] AH01215: stderr from C:/Apache24/cgi-bin/flight_search.cgi: Traceback (most recent call last):
[Fri Apr 18 23:52:06.083557 2025] [cgi:error] [pid 15772:tid 964] [client ::1:49928] AH01215: stderr from C:/Apache24/cgi-bin/flight_search.cgi:   File "C:\\Apache24\\cgi-bin\\flight_search.cgi", line 2, in <module>
[Fri Apr 18 23:52:06.083557 2025] [cgi:error] [pid 15772:tid 964] [client ::1:49928] AH01215: stderr from C:/Apache24/cgi-bin/flight_search.cgi:     import cgi
[Fri Apr 18 23:52:06.083557 2025] [cgi:error] [pid 15772:tid 964] [client ::1:49928] AH01215: stderr from C:/Apache24/cgi-bin/flight_search.cgi: ModuleNotFoundError: No module named 'cgi'
[Fri Apr 18 23:52:06.778333 2025] [cgi:error] [pid 15772:tid 964] [client ::1:49929] End of script output before headers: flight_search.cgi
[Fri Apr 18 23:52:06.778333 2025] [cgi:error] [pid 15772:tid 964] [client ::1:49929] AH01215: stderr from C:/Apache24/cgi-bin/flight_search.cgi: Traceback (most recent call last):
[Fri Apr 18 23:52:06.778333 2025] [cgi:error] [pid 15772:tid 964] [client ::1:49929] AH01215: stderr from C:/Apache24/cgi-bin/flight_search.cgi:   File "C:\\Apache24\\cgi-bin\\flight_search.cgi", line 2, in <module>
[Fri Apr 18 23:52:06.778333 2025] [cgi:error] [pid 15772:tid 964] [client ::1:49929] AH01215: stderr from C:/Apache24/cgi-bin/flight_search.cgi:     import cgi
[Fri Apr 18 23:52:06.778333 2025] [cgi:error] [pid 15772:tid 964] [client ::1:49929] AH01215: stderr from C:/Apache24/cgi-bin/flight_search.cgi: ModuleNotFoundError: No module named 'cgi'
[Fri Apr 18 23:52:43.227586 2025] [cgi:error] [pid 15772:tid 964] [client ::1:49957] AH02811: stderr from C:/Apache24/cgi-bin/flight_search.py: script not found or unable to stat, referer: http://localhost/Design3.html
[Fri Apr 18 23:53:00.937958 2025] [cgi:error] [pid 15772:tid 944] [client ::1:49958] AH02811: stderr from C:/Apache24/cgi-bin/flight_search.py: script not found or unable to stat, referer: http://localhost/Design3.html
[Fri Apr 18 23:53:18.268828 2025] [cgi:error] [pid 15772:tid 964] [client ::1:49972] AH02811: stderr from C:/Apache24/cgi-bin/flight_search.py: script not found or unable to stat, referer: http://localhost/Design3.html
[Fri Apr 18 23:56:41.334025 2025] [cgi:error] [pid 15772:tid 944] [client ::1:50065] AH02811: stderr from C:/Apache24/cgi-bin/flight_search.py: script not found or unable to stat, referer: http://localhost/Design3.html
[Sat Apr 19 00:01:42.550906 2025] [cgi:error] [pid 15772:tid 964] [client ::1:50195] AH02811: stderr from C:/Apache24/cgi-bin/flight_search.py: script not found or unable to stat, referer: http://localhost/Design3.html
[Sat Apr 19 00:01:46.557870 2025] [cgi:error] [pid 15772:tid 964] [client ::1:50195] AH02811: stderr from C:/Apache24/cgi-bin/flight_search.py: script not found or unable to stat, referer: http://localhost/Design3.html
[Sat Apr 19 00:01:48.316494 2025] [cgi:error] [pid 15772:tid 964] [client ::1:50195] End of script output before headers: flight_search.cgi
[Sat Apr 19 00:01:48.316494 2025] [cgi:error] [pid 15772:tid 964] [client ::1:50195] AH01215: stderr from C:/Apache24/cgi-bin/flight_search.cgi: Traceback (most recent call last):
[Sat Apr 19 00:01:48.316494 2025] [cgi:error] [pid 15772:tid 964] [client ::1:50195] AH01215: stderr from C:/Apache24/cgi-bin/flight_search.cgi:   File "C:\\Apache24\\cgi-bin\\flight_search.cgi", line 2, in <module>
[Sat Apr 19 00:01:48.316494 2025] [cgi:error] [pid 15772:tid 964] [client ::1:50195] AH01215: stderr from C:/Apache24/cgi-bin/flight_search.cgi:     import cgi
[Sat Apr 19 00:01:48.316494 2025] [cgi:error] [pid 15772:tid 964] [client ::1:50195] AH01215: stderr from C:/Apache24/cgi-bin/flight_search.cgi: ModuleNotFoundError: No module named 'cgi'
[Sat Apr 19 00:01:48.718637 2025] [cgi:error] [pid 15772:tid 944] [client ::1:50196] End of script output before headers: flight_search.cgi
[Sat Apr 19 00:01:48.718637 2025] [cgi:error] [pid 15772:tid 944] [client ::1:50196] AH01215: stderr from C:/Apache24/cgi-bin/flight_search.cgi: Traceback (most recent call last):
[Sat Apr 19 00:01:48.718637 2025] [cgi:error] [pid 15772:tid 944] [client ::1:50196] AH01215: stderr from C:/Apache24/cgi-bin/flight_search.cgi:   File "C:\\Apache24\\cgi-bin\\flight_search.cgi", line 2, in <module>
[Sat Apr 19 00:01:48.718637 2025] [cgi:error] [pid 15772:tid 944] [client ::1:50196] AH01215: stderr from C:/Apache24/cgi-bin/flight_search.cgi:     import cgi
[Sat Apr 19 00:01:48.718637 2025] [cgi:error] [pid 15772:tid 944] [client ::1:50196] AH01215: stderr from C:/Apache24/cgi-bin/flight_search.cgi: ModuleNotFoundError: No module named 'cgi'
[Sat Apr 19 00:01:48.977602 2025] [cgi:error] [pid 15772:tid 964] [client ::1:50199] End of script output before headers: flight_search.cgi
[Sat Apr 19 00:01:48.977602 2025] [cgi:error] [pid 15772:tid 964] [client ::1:50199] AH01215: stderr from C:/Apache24/cgi-bin/flight_search.cgi: Traceback (most recent call last):
[Sat Apr 19 00:01:48.977602 2025] [cgi:error] [pid 15772:tid 964] [client ::1:50199] AH01215: stderr from C:/Apache24/cgi-bin/flight_search.cgi:   File "C:\\Apache24\\cgi-bin\\flight_search.cgi", line 2, in <module>
[Sat Apr 19 00:01:48.977602 2025] [cgi:error] [pid 15772:tid 964] [client ::1:50199] AH01215: stderr from C:/Apache24/cgi-bin/flight_search.cgi:     import cgi
[Sat Apr 19 00:01:48.977602 2025] [cgi:error] [pid 15772:tid 964] [client ::1:50199] AH01215: stderr from C:/Apache24/cgi-bin/flight_search.cgi: ModuleNotFoundError: No module named 'cgi'
[Sat Apr 19 00:01:49.170886 2025] [cgi:error] [pid 15772:tid 944] [client ::1:50200] End of script output before headers: flight_search.cgi
[Sat Apr 19 00:01:49.170886 2025] [cgi:error] [pid 15772:tid 944] [client ::1:50200] AH01215: stderr from C:/Apache24/cgi-bin/flight_search.cgi: Traceback (most recent call last):
[Sat Apr 19 00:01:49.170886 2025] [cgi:error] [pid 15772:tid 944] [client ::1:50200] AH01215: stderr from C:/Apache24/cgi-bin/flight_search.cgi:   File "C:\\Apache24\\cgi-bin\\flight_search.cgi", line 2, in <module>
[Sat Apr 19 00:01:49.170886 2025] [cgi:error] [pid 15772:tid 944] [client ::1:50200] AH01215: stderr from C:/Apache24/cgi-bin/flight_search.cgi:     import cgi
[Sat Apr 19 00:01:49.170886 2025] [cgi:error] [pid 15772:tid 944] [client ::1:50200] AH01215: stderr from C:/Apache24/cgi-bin/flight_search.cgi: ModuleNotFoundError: No module named 'cgi'
[Sat Apr 19 00:01:49.380772 2025] [cgi:error] [pid 15772:tid 964] [client ::1:50201] End of script output before headers: flight_search.cgi
[Sat Apr 19 00:01:49.380772 2025] [cgi:error] [pid 15772:tid 964] [client ::1:50201] AH01215: stderr from C:/Apache24/cgi-bin/flight_search.cgi: Traceback (most recent call last):
[Sat Apr 19 00:01:49.380772 2025] [cgi:error] [pid 15772:tid 964] [client ::1:50201] AH01215: stderr from C:/Apache24/cgi-bin/flight_search.cgi:   File "C:\\Apache24\\cgi-bin\\flight_search.cgi", line 2, in <module>
[Sat Apr 19 00:01:49.380772 2025] [cgi:error] [pid 15772:tid 964] [client ::1:50201] AH01215: stderr from C:/Apache24/cgi-bin/flight_search.cgi:     import cgi
[Sat Apr 19 00:01:49.380772 2025] [cgi:error] [pid 15772:tid 964] [client ::1:50201] AH01215: stderr from C:/Apache24/cgi-bin/flight_search.cgi: ModuleNotFoundError: No module named 'cgi'
[Sat Apr 19 00:01:49.554242 2025] [cgi:error] [pid 15772:tid 944] [client ::1:50202] End of script output before headers: flight_search.cgi
[Sat Apr 19 00:01:49.554242 2025] [cgi:error] [pid 15772:tid 944] [client ::1:50202] AH01215: stderr from C:/Apache24/cgi-bin/flight_search.cgi: Traceback (most recent call last):
[Sat Apr 19 00:01:49.554242 2025] [cgi:error] [pid 15772:tid 944] [client ::1:50202] AH01215: stderr from C:/Apache24/cgi-bin/flight_search.cgi:   File "C:\\Apache24\\cgi-bin\\flight_search.cgi", line 2, in <module>
[Sat Apr 19 00:01:49.554242 2025] [cgi:error] [pid 15772:tid 944] [client ::1:50202] AH01215: stderr from C:/Apache24/cgi-bin/flight_search.cgi:     import cgi
[Sat Apr 19 00:01:49.554242 2025] [cgi:error] [pid 15772:tid 944] [client ::1:50202] AH01215: stderr from C:/Apache24/cgi-bin/flight_search.cgi: ModuleNotFoundError: No module named 'cgi'
[Sat Apr 19 00:01:49.753322 2025] [cgi:error] [pid 15772:tid 964] [client ::1:50203] End of script output before headers: flight_search.cgi
[Sat Apr 19 00:01:49.753322 2025] [cgi:error] [pid 15772:tid 964] [client ::1:50203] AH01215: stderr from C:/Apache24/cgi-bin/flight_search.cgi: Traceback (most recent call last):
[Sat Apr 19 00:01:49.753322 2025] [cgi:error] [pid 15772:tid 964] [client ::1:50203] AH01215: stderr from C:/Apache24/cgi-bin/flight_search.cgi:   File "C:\\Apache24\\cgi-bin\\flight_search.cgi", line 2, in <module>
[Sat Apr 19 00:01:49.753322 2025] [cgi:error] [pid 15772:tid 964] [client ::1:50203] AH01215: stderr from C:/Apache24/cgi-bin/flight_search.cgi:     import cgi
[Sat Apr 19 00:01:49.753322 2025] [cgi:error] [pid 15772:tid 964] [client ::1:50203] AH01215: stderr from C:/Apache24/cgi-bin/flight_search.cgi: ModuleNotFoundError: No module named 'cgi'
[Sat Apr 19 00:01:49.971432 2025] [cgi:error] [pid 15772:tid 944] [client ::1:50204] End of script output before headers: flight_search.cgi
[Sat Apr 19 00:01:49.971432 2025] [cgi:error] [pid 15772:tid 944] [client ::1:50204] AH01215: stderr from C:/Apache24/cgi-bin/flight_search.cgi: Traceback (most recent call last):
[Sat Apr 19 00:01:49.971432 2025] [cgi:error] [pid 15772:tid 944] [client ::1:50204] AH01215: stderr from C:/Apache24/cgi-bin/flight_search.cgi:   File "C:\\Apache24\\cgi-bin\\flight_search.cgi", line 2, in <module>
[Sat Apr 19 00:01:49.971432 2025] [cgi:error] [pid 15772:tid 944] [client ::1:50204] AH01215: stderr from C:/Apache24/cgi-bin/flight_search.cgi:     import cgi
[Sat Apr 19 00:01:49.971432 2025] [cgi:error] [pid 15772:tid 944] [client ::1:50204] AH01215: stderr from C:/Apache24/cgi-bin/flight_search.cgi: ModuleNotFoundError: No module named 'cgi'
[Sat Apr 19 00:01:50.238226 2025] [cgi:error] [pid 15772:tid 964] [client ::1:50205] End of script output before headers: flight_search.cgi
[Sat Apr 19 00:01:50.238226 2025] [cgi:error] [pid 15772:tid 964] [client ::1:50205] AH01215: stderr from C:/Apache24/cgi-bin/flight_search.cgi: Traceback (most recent call last):
[Sat Apr 19 00:01:50.238226 2025] [cgi:error] [pid 15772:tid 964] [client ::1:50205] AH01215: stderr from C:/Apache24/cgi-bin/flight_search.cgi:   File "C:\\Apache24\\cgi-bin\\flight_search.cgi", line 2, in <module>
[Sat Apr 19 00:01:50.238226 2025] [cgi:error] [pid 15772:tid 964] [client ::1:50205] AH01215: stderr from C:/Apache24/cgi-bin/flight_search.cgi:     import cgi
[Sat Apr 19 00:01:50.238226 2025] [cgi:error] [pid 15772:tid 964] [client ::1:50205] AH01215: stderr from C:/Apache24/cgi-bin/flight_search.cgi: ModuleNotFoundError: No module named 'cgi'
[Sat Apr 19 00:01:52.846175 2025] [cgi:error] [pid 15772:tid 944] [client ::1:50206] AH02811: stderr from C:/Apache24/cgi-bin/flight_search.py: script not found or unable to stat, referer: http://localhost/Design3.html
[Sat Apr 19 00:02:58.107912 2025] [mpm_winnt:notice] [pid 14504:tid 356] AH00422: Parent: Received shutdown signal -- Shutting down the server.
[Sat Apr 19 00:03:00.145298 2025] [mpm_winnt:notice] [pid 15772:tid 372] AH00364: Child: All worker threads have exited.
[Sat Apr 19 00:03:00.163183 2025] [mpm_winnt:notice] [pid 14504:tid 356] AH00430: Parent: Child process 15772 exited successfully.
[Sat Apr 19 00:03:04.316719 2025] [mpm_winnt:notice] [pid 5312:tid 332] AH00455: Apache/2.4.63 (Win64) configured -- resuming normal operations
[Sat Apr 19 00:03:04.316719 2025] [mpm_winnt:notice] [pid 5312:tid 332] AH00456: Apache Lounge VS17 Server built: Feb  3 2025 10:10:51
[Sat Apr 19 00:03:04.316719 2025] [core:notice] [pid 5312:tid 332] AH00094: Command line: 'C:\\Apache24\\bin\\httpd.exe -d C:/Apache24'
[Sat Apr 19 00:03:04.316719 2025] [mpm_winnt:notice] [pid 5312:tid 332] AH00418: Parent: Created child process 9256
[Sat Apr 19 00:03:04.522268 2025] [mpm_winnt:notice] [pid 9256:tid 344] AH00354: Child: Starting 64 worker threads.
[Sat Apr 19 00:03:24.273357 2025] [cgi:error] [pid 9256:tid 968] [client ::1:50239] End of script output before headers: flight_search.cgi
[Sat Apr 19 00:03:24.273357 2025] [cgi:error] [pid 9256:tid 968] [client ::1:50239] AH01215: stderr from C:/Apache24/cgi-bin/flight_search.cgi: Traceback (most recent call last):
[Sat Apr 19 00:03:24.273357 2025] [cgi:error] [pid 9256:tid 968] [client ::1:50239] AH01215: stderr from C:/Apache24/cgi-bin/flight_search.cgi:   File "C:\\Apache24\\cgi-bin\\flight_search.cgi", line 2, in <module>
[Sat Apr 19 00:03:24.273357 2025] [cgi:error] [pid 9256:tid 968] [client ::1:50239] AH01215: stderr from C:/Apache24/cgi-bin/flight_search.cgi:     import cgi
[Sat Apr 19 00:03:24.273357 2025] [cgi:error] [pid 9256:tid 968] [client ::1:50239] AH01215: stderr from C:/Apache24/cgi-bin/flight_search.cgi: ModuleNotFoundError: No module named 'cgi'
[Sat Apr 19 00:03:25.081629 2025] [cgi:error] [pid 9256:tid 968] [client ::1:50240] End of script output before headers: flight_search.cgi
[Sat Apr 19 00:03:25.081629 2025] [cgi:error] [pid 9256:tid 968] [client ::1:50240] AH01215: stderr from C:/Apache24/cgi-bin/flight_search.cgi: Traceback (most recent call last):
[Sat Apr 19 00:03:25.081629 2025] [cgi:error] [pid 9256:tid 968] [client ::1:50240] AH01215: stderr from C:/Apache24/cgi-bin/flight_search.cgi:   File "C:\\Apache24\\cgi-bin\\flight_search.cgi", line 2, in <module>
[Sat Apr 19 00:03:25.081629 2025] [cgi:error] [pid 9256:tid 968] [client ::1:50240] AH01215: stderr from C:/Apache24/cgi-bin/flight_search.cgi:     import cgi
[Sat Apr 19 00:03:25.081629 2025] [cgi:error] [pid 9256:tid 968] [client ::1:50240] AH01215: stderr from C:/Apache24/cgi-bin/flight_search.cgi: ModuleNotFoundError: No module named 'cgi'
[Sat Apr 19 00:04:50.597774 2025] [mpm_winnt:notice] [pid 5312:tid 332] AH00422: Parent: Received shutdown signal -- Shutting down the server.
[Sat Apr 19 00:04:52.629442 2025] [mpm_winnt:notice] [pid 9256:tid 344] AH00364: Child: All worker threads have exited.
[Sat Apr 19 00:04:52.645590 2025] [mpm_winnt:notice] [pid 5312:tid 332] AH00430: Parent: Child process 9256 exited successfully.
[Sat Apr 19 00:04:54.164108 2025] [mpm_winnt:notice] [pid 11268:tid 328] AH00455: Apache/2.4.63 (Win64) configured -- resuming normal operations
[Sat Apr 19 00:04:54.164108 2025] [mpm_winnt:notice] [pid 11268:tid 328] AH00456: Apache Lounge VS17 Server built: Feb  3 2025 10:10:51
[Sat Apr 19 00:04:54.164108 2025] [core:notice] [pid 11268:tid 328] AH00094: Command line: 'C:\\Apache24\\bin\\httpd.exe -d C:/Apache24'
[Sat Apr 19 00:04:54.179916 2025] [mpm_winnt:notice] [pid 11268:tid 328] AH00418: Parent: Created child process 13664
[Sat Apr 19 00:04:54.401305 2025] [mpm_winnt:notice] [pid 13664:tid 352] AH00354: Child: Starting 64 worker threads.
[Sat Apr 19 00:14:53.893560 2025] [cgi:error] [pid 13664:tid 964] [client ::1:50539] End of script output before headers: flight_search.py, referer: http://localhost/Design3.html
[Sat Apr 19 00:14:53.893560 2025] [cgi:error] [pid 13664:tid 964] [client ::1:50539] AH01215: stderr from C:/Apache24/cgi-bin/flight_search.py: Traceback (most recent call last):, referer: http://localhost/Design3.html
[Sat Apr 19 00:14:53.894556 2025] [cgi:error] [pid 13664:tid 964] [client ::1:50539] AH01215: stderr from C:/Apache24/cgi-bin/flight_search.py:   File "C:\\Apache24\\cgi-bin\\flight_search.py", line 2, in <module>, referer: http://localhost/Design3.html
[Sat Apr 19 00:14:53.894556 2025] [cgi:error] [pid 13664:tid 964] [client ::1:50539] AH01215: stderr from C:/Apache24/cgi-bin/flight_search.py:     import cgi, referer: http://localhost/Design3.html
[Sat Apr 19 00:14:53.894556 2025] [cgi:error] [pid 13664:tid 964] [client ::1:50539] AH01215: stderr from C:/Apache24/cgi-bin/flight_search.py: ModuleNotFoundError: No module named 'cgi', referer: http://localhost/Design3.html
[Sat Apr 19 00:15:57.712204 2025] [mpm_winnt:notice] [pid 11268:tid 328] AH00422: Parent: Received shutdown signal -- Shutting down the server.
[Sat Apr 19 00:15:59.733602 2025] [mpm_winnt:notice] [pid 13664:tid 352] AH00364: Child: All worker threads have exited.
[Sat Apr 19 00:15:59.749368 2025] [mpm_winnt:notice] [pid 11268:tid 328] AH00430: Parent: Child process 13664 exited successfully.
[Sat Apr 19 02:05:59.580503 2025] [mpm_winnt:notice] [pid 4468:tid 328] AH00455: Apache/2.4.63 (Win64) configured -- resuming normal operations
[Sat Apr 19 02:05:59.580503 2025] [mpm_winnt:notice] [pid 4468:tid 328] AH00456: Apache Lounge VS17 Server built: Feb  3 2025 10:10:51
[Sat Apr 19 02:05:59.580503 2025] [core:notice] [pid 4468:tid 328] AH00094: Command line: 'C:\\Apache24\\bin\\httpd.exe -d C:/Apache24'
[Sat Apr 19 02:05:59.588862 2025] [mpm_winnt:notice] [pid 4468:tid 328] AH00418: Parent: Created child process 12044
[Sat Apr 19 02:06:00.641129 2025] [mpm_winnt:notice] [pid 12044:tid 344] AH00354: Child: Starting 64 worker threads.
[Sat Apr 19 03:18:12.847976 2025] [mpm_winnt:notice] [pid 4468:tid 328] AH00422: Parent: Received shutdown signal -- Shutting down the server.
[Sat Apr 19 03:18:14.865707 2025] [mpm_winnt:notice] [pid 12044:tid 344] AH00364: Child: All worker threads have exited.
[Sat Apr 19 03:18:14.881889 2025] [mpm_winnt:notice] [pid 4468:tid 328] AH00430: Parent: Child process 12044 exited successfully.
[Sat Apr 19 07:37:05.031432 2025] [mpm_winnt:notice] [pid 4536:tid 328] AH00455: Apache/2.4.63 (Win64) configured -- resuming normal operations
[Sat Apr 19 07:37:05.032439 2025] [mpm_winnt:notice] [pid 4536:tid 328] AH00456: Apache Lounge VS17 Server built: Feb  3 2025 10:10:51
[Sat Apr 19 07:37:05.032439 2025] [core:notice] [pid 4536:tid 328] AH00094: Command line: 'C:\\Apache24\\bin\\httpd.exe -d C:/Apache24'
[Sat Apr 19 07:37:05.033444 2025] [mpm_winnt:notice] [pid 4536:tid 328] AH00418: Parent: Created child process 9720
[Sat Apr 19 07:37:05.936017 2025] [mpm_winnt:notice] [pid 9720:tid 376] AH00354: Child: Starting 64 worker threads.
[Sat Apr 19 08:07:02.289087 2025] [mpm_winnt:notice] [pid 4536:tid 328] AH00422: Parent: Received shutdown signal -- Shutting down the server.
[Sat Apr 19 08:07:04.297027 2025] [mpm_winnt:notice] [pid 9720:tid 376] AH00364: Child: All worker threads have exited.
[Sat Apr 19 08:07:04.315130 2025] [mpm_winnt:notice] [pid 4536:tid 328] AH00430: Parent: Child process 9720 exited successfully.
[Sat Apr 19 08:07:41.210078 2025] [mpm_winnt:notice] [pid 4508:tid 332] AH00455: Apache/2.4.63 (Win64) configured -- resuming normal operations
[Sat Apr 19 08:07:41.211620 2025] [mpm_winnt:notice] [pid 4508:tid 332] AH00456: Apache Lounge VS17 Server built: Feb  3 2025 10:10:51
[Sat Apr 19 08:07:41.211620 2025] [core:notice] [pid 4508:tid 332] AH00094: Command line: 'C:\\Apache24\\bin\\httpd.exe -d C:/Apache24'
[Sat Apr 19 08:07:41.211620 2025] [mpm_winnt:notice] [pid 4508:tid 332] AH00418: Parent: Created child process 8888
[Sat Apr 19 08:07:41.599836 2025] [mpm_winnt:notice] [pid 8888:tid 344] AH00354: Child: Starting 64 worker threads.
[Sat Apr 19 22:53:46.496341 2025] [core:warn] [pid 4760:tid 328] AH00098: pid file C:/Apache24/logs/httpd.pid overwritten -- Unclean shutdown of previous Apache run?
[Sat Apr 19 22:53:46.498348 2025] [mpm_winnt:notice] [pid 4760:tid 328] AH00455: Apache/2.4.63 (Win64) configured -- resuming normal operations
[Sat Apr 19 22:53:46.498348 2025] [mpm_winnt:notice] [pid 4760:tid 328] AH00456: Apache Lounge VS17 Server built: Feb  3 2025 10:10:51
[Sat Apr 19 22:53:46.498348 2025] [core:notice] [pid 4760:tid 328] AH00094: Command line: 'C:\\Apache24\\bin\\httpd.exe -d C:/Apache24'
[Sat Apr 19 22:53:46.500354 2025] [mpm_winnt:notice] [pid 4760:tid 328] AH00418: Parent: Created child process 7924
[Sat Apr 19 22:53:46.750417 2025] [mpm_winnt:notice] [pid 7924:tid 344] AH00354: Child: Starting 64 worker threads.
[Sun Apr 20 00:52:50.911824 2025] [mpm_winnt:notice] [pid 4760:tid 328] AH00422: Parent: Received shutdown signal -- Shutting down the server.
[Sun Apr 20 00:52:52.938156 2025] [mpm_winnt:notice] [pid 7924:tid 344] AH00364: Child: All worker threads have exited.
[Sun Apr 20 00:52:52.953950 2025] [mpm_winnt:notice] [pid 4760:tid 328] AH00430: Parent: Child process 7924 exited successfully.
[Sun Apr 20 01:14:37.003703 2025] [mpm_winnt:notice] [pid 4488:tid 328] AH00455: Apache/2.4.63 (Win64) configured -- resuming normal operations
[Sun Apr 20 01:14:37.003703 2025] [mpm_winnt:notice] [pid 4488:tid 328] AH00456: Apache Lounge VS17 Server built: Feb  3 2025 10:10:51
[Sun Apr 20 01:14:37.003703 2025] [core:notice] [pid 4488:tid 328] AH00094: Command line: 'C:\\Apache24\\bin\\httpd.exe -d C:/Apache24'
[Sun Apr 20 01:14:37.008519 2025] [mpm_winnt:notice] [pid 4488:tid 328] AH00418: Parent: Created child process 9612
[Sun Apr 20 01:14:38.147814 2025] [mpm_winnt:notice] [pid 9612:tid 344] AH00354: Child: Starting 64 worker threads.
[Sun Apr 20 05:47:02.728544 2025] [mpm_winnt:notice] [pid 4488:tid 328] AH00422: Parent: Received shutdown signal -- Shutting down the server.
[Sun Apr 20 05:47:04.760290 2025] [mpm_winnt:notice] [pid 9612:tid 344] AH00364: Child: All worker threads have exited.
[Sun Apr 20 05:47:04.776157 2025] [mpm_winnt:notice] [pid 4488:tid 328] AH00430: Parent: Child process 9612 exited successfully.
[Sun Apr 20 07:30:28.959106 2025] [mpm_winnt:notice] [pid 4524:tid 336] AH00455: Apache/2.4.63 (Win64) configured -- resuming normal operations
[Sun Apr 20 07:30:28.959106 2025] [mpm_winnt:notice] [pid 4524:tid 336] AH00456: Apache Lounge VS17 Server built: Feb  3 2025 10:10:51
[Sun Apr 20 07:30:28.959106 2025] [core:notice] [pid 4524:tid 336] AH00094: Command line: 'C:\\Apache24\\bin\\httpd.exe -d C:/Apache24'
[Sun Apr 20 07:30:28.959106 2025] [mpm_winnt:notice] [pid 4524:tid 336] AH00418: Parent: Created child process 9200
[Sun Apr 20 07:30:29.278724 2025] [mpm_winnt:notice] [pid 9200:tid 392] AH00354: Child: Starting 64 worker threads.
[Sun Apr 20 08:04:57.159992 2025] [mpm_winnt:notice] [pid 4524:tid 336] AH00422: Parent: Received shutdown signal -- Shutting down the server.
[Sun Apr 20 08:04:59.199286 2025] [mpm_winnt:notice] [pid 9200:tid 392] AH00364: Child: All worker threads have exited.
[Sun Apr 20 08:04:59.215181 2025] [mpm_winnt:notice] [pid 4524:tid 336] AH00430: Parent: Child process 9200 exited successfully.
[Sun Apr 20 15:29:05.255923 2025] [mpm_winnt:notice] [pid 4532:tid 356] AH00455: Apache/2.4.63 (Win64) configured -- resuming normal operations
[Sun Apr 20 15:29:05.255923 2025] [mpm_winnt:notice] [pid 4532:tid 356] AH00456: Apache Lounge VS17 Server built: Feb  3 2025 10:10:51
[Sun Apr 20 15:29:05.255923 2025] [core:notice] [pid 4532:tid 356] AH00094: Command line: 'C:\\Apache24\\bin\\httpd.exe -d C:/Apache24'
[Sun Apr 20 15:29:05.259071 2025] [mpm_winnt:notice] [pid 4532:tid 356] AH00418: Parent: Created child process 11500
[Sun Apr 20 15:29:06.129522 2025] [mpm_winnt:notice] [pid 11500:tid 344] AH00354: Child: Starting 64 worker threads.
[Sun Apr 20 23:04:04.471874 2025] [mpm_winnt:notice] [pid 4532:tid 356] AH00422: Parent: Received shutdown signal -- Shutting down the server.
[Sun Apr 20 23:04:06.486809 2025] [mpm_winnt:notice] [pid 11500:tid 344] AH00364: Child: All worker threads have exited.
[Sun Apr 20 23:04:06.510238 2025] [mpm_winnt:notice] [pid 4532:tid 356] AH00430: Parent: Child process 11500 exited successfully.
[Sun Apr 20 23:04:18.679979 2025] [mpm_winnt:notice] [pid 17492:tid 328] AH00455: Apache/2.4.63 (Win64) configured -- resuming normal operations
[Sun Apr 20 23:04:18.679979 2025] [mpm_winnt:notice] [pid 17492:tid 328] AH00456: Apache Lounge VS17 Server built: Feb  3 2025 10:10:51
[Sun Apr 20 23:04:18.679979 2025] [core:notice] [pid 17492:tid 328] AH00094: Command line: 'C:\\Apache24\\bin\\httpd.exe -d C:/Apache24'
[Sun Apr 20 23:04:18.690057 2025] [mpm_winnt:notice] [pid 17492:tid 328] AH00418: Parent: Created child process 14976
[Sun Apr 20 23:04:18.909731 2025] [mpm_winnt:notice] [pid 14976:tid 344] AH00354: Child: Starting 64 worker threads.
[Sun Apr 20 23:05:11.122069 2025] [cgi:error] [pid 14976:tid 956] [client ::1:63513] End of script output before headers: search_flights.py, referer: http://localhost/static/Design3.1.html
[Sun Apr 20 23:05:11.122069 2025] [cgi:error] [pid 14976:tid 956] [client ::1:63513] AH01215: stderr from C:/Apache24/cgi-bin/search_flights.py: Traceback (most recent call last):, referer: http://localhost/static/Design3.1.html
[Sun Apr 20 23:05:11.122069 2025] [cgi:error] [pid 14976:tid 956] [client ::1:63513] AH01215: stderr from C:/Apache24/cgi-bin/search_flights.py:   File "C:\\Apache24\\cgi-bin\\search_flights.py", line 4, in <module>, referer: http://localhost/static/Design3.1.html
[Sun Apr 20 23:05:11.122069 2025] [cgi:error] [pid 14976:tid 956] [client ::1:63513] AH01215: stderr from C:/Apache24/cgi-bin/search_flights.py:     import cgi, referer: http://localhost/static/Design3.1.html
[Sun Apr 20 23:05:11.122069 2025] [cgi:error] [pid 14976:tid 956] [client ::1:63513] AH01215: stderr from C:/Apache24/cgi-bin/search_flights.py: ModuleNotFoundError: No module named 'cgi', referer: http://localhost/static/Design3.1.html
[Sun Apr 20 23:05:14.919650 2025] [cgi:error] [pid 14976:tid 964] [client ::1:63528] End of script output before headers: search_flights.py, referer: http://localhost/static/Design3.1.html
[Sun Apr 20 23:05:14.919650 2025] [cgi:error] [pid 14976:tid 964] [client ::1:63528] AH01215: stderr from C:/Apache24/cgi-bin/search_flights.py: Traceback (most recent call last):, referer: http://localhost/static/Design3.1.html
[Sun Apr 20 23:05:14.919650 2025] [cgi:error] [pid 14976:tid 964] [client ::1:63528] AH01215: stderr from C:/Apache24/cgi-bin/search_flights.py:   File "C:\\Apache24\\cgi-bin\\search_flights.py", line 4, in <module>, referer: http://localhost/static/Design3.1.html
[Sun Apr 20 23:05:14.919650 2025] [cgi:error] [pid 14976:tid 964] [client ::1:63528] AH01215: stderr from C:/Apache24/cgi-bin/search_flights.py:     import cgi, referer: http://localhost/static/Design3.1.html
[Sun Apr 20 23:05:14.919650 2025] [cgi:error] [pid 14976:tid 964] [client ::1:63528] AH01215: stderr from C:/Apache24/cgi-bin/search_flights.py: ModuleNotFoundError: No module named 'cgi', referer: http://localhost/static/Design3.1.html
[Sun Apr 20 23:05:18.997547 2025] [cgi:error] [pid 14976:tid 956] [client ::1:63530] End of script output before headers: search_flights.py, referer: http://localhost/static/Design3.1.html
[Sun Apr 20 23:05:18.997547 2025] [cgi:error] [pid 14976:tid 956] [client ::1:63530] AH01215: stderr from C:/Apache24/cgi-bin/search_flights.py: Traceback (most recent call last):, referer: http://localhost/static/Design3.1.html
[Sun Apr 20 23:05:18.997547 2025] [cgi:error] [pid 14976:tid 956] [client ::1:63530] AH01215: stderr from C:/Apache24/cgi-bin/search_flights.py:   File "C:\\Apache24\\cgi-bin\\search_flights.py", line 4, in <module>, referer: http://localhost/static/Design3.1.html
[Sun Apr 20 23:05:18.997547 2025] [cgi:error] [pid 14976:tid 956] [client ::1:63530] AH01215: stderr from C:/Apache24/cgi-bin/search_flights.py:     import cgi, referer: http://localhost/static/Design3.1.html
[Sun Apr 20 23:05:18.997547 2025] [cgi:error] [pid 14976:tid 956] [client ::1:63530] AH01215: stderr from C:/Apache24/cgi-bin/search_flights.py: ModuleNotFoundError: No module named 'cgi', referer: http://localhost/static/Design3.1.html
[Sun Apr 20 23:05:22.658751 2025] [cgi:error] [pid 14976:tid 964] [client ::1:63533] End of script output before headers: search_flights.py, referer: http://localhost/static/Design3.1.html
[Sun Apr 20 23:05:22.658751 2025] [cgi:error] [pid 14976:tid 964] [client ::1:63533] AH01215: stderr from C:/Apache24/cgi-bin/search_flights.py: Traceback (most recent call last):, referer: http://localhost/static/Design3.1.html
[Sun Apr 20 23:05:22.658751 2025] [cgi:error] [pid 14976:tid 964] [client ::1:63533] AH01215: stderr from C:/Apache24/cgi-bin/search_flights.py:   File "C:\\Apache24\\cgi-bin\\search_flights.py", line 4, in <module>, referer: http://localhost/static/Design3.1.html
[Sun Apr 20 23:05:22.658751 2025] [cgi:error] [pid 14976:tid 964] [client ::1:63533] AH01215: stderr from C:/Apache24/cgi-bin/search_flights.py:     import cgi, referer: http://localhost/static/Design3.1.html
[Sun Apr 20 23:05:22.658751 2025] [cgi:error] [pid 14976:tid 964] [client ::1:63533] AH01215: stderr from C:/Apache24/cgi-bin/search_flights.py: ModuleNotFoundError: No module named 'cgi', referer: http://localhost/static/Design3.1.html
[Sun Apr 20 23:05:37.973876 2025] [cgi:error] [pid 14976:tid 956] [client ::1:63535] End of script output before headers: search_flights.py, referer: http://localhost/static/Design3.1.html
[Sun Apr 20 23:05:37.973876 2025] [cgi:error] [pid 14976:tid 956] [client ::1:63535] AH01215: stderr from C:/Apache24/cgi-bin/search_flights.py: Traceback (most recent call last):, referer: http://localhost/static/Design3.1.html
[Sun Apr 20 23:05:37.973876 2025] [cgi:error] [pid 14976:tid 956] [client ::1:63535] AH01215: stderr from C:/Apache24/cgi-bin/search_flights.py:   File "C:\\Apache24\\cgi-bin\\search_flights.py", line 4, in <module>, referer: http://localhost/static/Design3.1.html
[Sun Apr 20 23:05:37.973876 2025] [cgi:error] [pid 14976:tid 956] [client ::1:63535] AH01215: stderr from C:/Apache24/cgi-bin/search_flights.py:     import cgi, referer: http://localhost/static/Design3.1.html
[Sun Apr 20 23:05:37.973876 2025] [cgi:error] [pid 14976:tid 956] [client ::1:63535] AH01215: stderr from C:/Apache24/cgi-bin/search_flights.py: ModuleNotFoundError: No module named 'cgi', referer: http://localhost/static/Design3.1.html
[Sun Apr 20 23:09:17.052353 2025] [mpm_winnt:notice] [pid 17492:tid 328] AH00422: Parent: Received shutdown signal -- Shutting down the server.
[Sun Apr 20 23:09:19.064497 2025] [mpm_winnt:notice] [pid 14976:tid 344] AH00364: Child: All worker threads have exited.
[Sun Apr 20 23:09:19.080827 2025] [mpm_winnt:notice] [pid 17492:tid 328] AH00430: Parent: Child process 14976 exited successfully.
[Sun Apr 20 23:09:23.115994 2025] [mpm_winnt:notice] [pid 4484:tid 384] AH00455: Apache/2.4.63 (Win64) configured -- resuming normal operations
[Sun Apr 20 23:09:23.115994 2025] [mpm_winnt:notice] [pid 4484:tid 384] AH00456: Apache Lounge VS17 Server built: Feb  3 2025 10:10:51
[Sun Apr 20 23:09:23.115994 2025] [core:notice] [pid 4484:tid 384] AH00094: Command line: 'C:\\Apache24\\bin\\httpd.exe -d C:/Apache24'
[Sun Apr 20 23:09:23.118592 2025] [mpm_winnt:notice] [pid 4484:tid 384] AH00418: Parent: Created child process 19360
[Sun Apr 20 23:09:23.338546 2025] [mpm_winnt:notice] [pid 19360:tid 344] AH00354: Child: Starting 64 worker threads.
[Sun Apr 20 23:10:01.152400 2025] [cgi:error] [pid 19360:tid 956] [client ::1:63645] End of script output before headers: search_flights.py, referer: http://localhost/static/Design3.1.html
[Sun Apr 20 23:10:01.152400 2025] [cgi:error] [pid 19360:tid 956] [client ::1:63645] AH01215: stderr from C:/Apache24/cgi-bin/search_flights.py: Traceback (most recent call last):, referer: http://localhost/static/Design3.1.html
[Sun Apr 20 23:10:01.152400 2025] [cgi:error] [pid 19360:tid 956] [client ::1:63645] AH01215: stderr from C:/Apache24/cgi-bin/search_flights.py:   File "C:\\Apache24\\cgi-bin\\search_flights.py", line 4, in <module>, referer: http://localhost/static/Design3.1.html
[Sun Apr 20 23:10:01.152400 2025] [cgi:error] [pid 19360:tid 956] [client ::1:63645] AH01215: stderr from C:/Apache24/cgi-bin/search_flights.py:     import cgi, referer: http://localhost/static/Design3.1.html
[Sun Apr 20 23:10:01.152400 2025] [cgi:error] [pid 19360:tid 956] [client ::1:63645] AH01215: stderr from C:/Apache24/cgi-bin/search_flights.py: ModuleNotFoundError: No module named 'cgi', referer: http://localhost/static/Design3.1.html
[Sun Apr 20 23:15:47.434004 2025] [cgi:error] [pid 19360:tid 964] [client ::1:63803] End of script output before headers: search_flights.py, referer: http://localhost/static/Design3.1.html
[Sun Apr 20 23:15:47.434004 2025] [cgi:error] [pid 19360:tid 964] [client ::1:63803] AH01215: stderr from C:/Apache24/cgi-bin/search_flights.py: Traceback (most recent call last):, referer: http://localhost/static/Design3.1.html
[Sun Apr 20 23:15:47.434004 2025] [cgi:error] [pid 19360:tid 964] [client ::1:63803] AH01215: stderr from C:/Apache24/cgi-bin/search_flights.py:   File "C:\\Apache24\\cgi-bin\\search_flights.py", line 4, in <module>, referer: http://localhost/static/Design3.1.html
[Sun Apr 20 23:15:47.434004 2025] [cgi:error] [pid 19360:tid 964] [client ::1:63803] AH01215: stderr from C:/Apache24/cgi-bin/search_flights.py:     import cgi, referer: http://localhost/static/Design3.1.html
[Sun Apr 20 23:15:47.434004 2025] [cgi:error] [pid 19360:tid 964] [client ::1:63803] AH01215: stderr from C:/Apache24/cgi-bin/search_flights.py: ModuleNotFoundError: No module named 'cgi', referer: http://localhost/static/Design3.1.html
[Mon Apr 21 03:39:29.442263 2025] [mpm_winnt:notice] [pid 4484:tid 384] AH00422: Parent: Received shutdown signal -- Shutting down the server.
[Mon Apr 21 03:39:31.459013 2025] [mpm_winnt:notice] [pid 19360:tid 344] AH00364: Child: All worker threads have exited.
[Mon Apr 21 03:39:31.474954 2025] [mpm_winnt:notice] [pid 4484:tid 384] AH00430: Parent: Child process 19360 exited successfully.
[Mon Apr 21 05:52:49.848913 2025] [mpm_winnt:notice] [pid 4488:tid 176] AH00455: Apache/2.4.63 (Win64) configured -- resuming normal operations
[Mon Apr 21 05:52:49.848913 2025] [mpm_winnt:notice] [pid 4488:tid 176] AH00456: Apache Lounge VS17 Server built: Feb  3 2025 10:10:51
[Mon Apr 21 05:52:49.848913 2025] [core:notice] [pid 4488:tid 176] AH00094: Command line: 'C:\\Apache24\\bin\\httpd.exe -d C:/Apache24'
[Mon Apr 21 05:52:49.851513 2025] [mpm_winnt:notice] [pid 4488:tid 176] AH00418: Parent: Created child process 9056
[Mon Apr 21 05:52:50.109104 2025] [mpm_winnt:notice] [pid 9056:tid 356] AH00354: Child: Starting 64 worker threads.
[Mon Apr 21 13:13:07.305671 2025] [core:warn] [pid 4504:tid 188] AH00098: pid file C:/Apache24/logs/httpd.pid overwritten -- Unclean shutdown of previous Apache run?
[Mon Apr 21 13:13:07.305671 2025] [mpm_winnt:notice] [pid 4504:tid 188] AH00455: Apache/2.4.63 (Win64) configured -- resuming normal operations
[Mon Apr 21 13:13:07.305671 2025] [mpm_winnt:notice] [pid 4504:tid 188] AH00456: Apache Lounge VS17 Server built: Feb  3 2025 10:10:51
[Mon Apr 21 13:13:07.305671 2025] [core:notice] [pid 4504:tid 188] AH00094: Command line: 'C:\\Apache24\\bin\\httpd.exe -d C:/Apache24'
[Mon Apr 21 13:13:07.311141 2025] [mpm_winnt:notice] [pid 4504:tid 188] AH00418: Parent: Created child process 7928
[Mon Apr 21 13:13:07.568132 2025] [mpm_winnt:notice] [pid 7928:tid 360] AH00354: Child: Starting 64 worker threads.
[Mon Apr 21 15:38:01.465610 2025] [mpm_winnt:notice] [pid 4504:tid 188] AH00422: Parent: Received shutdown signal -- Shutting down the server.
[Mon Apr 21 15:38:03.481105 2025] [mpm_winnt:notice] [pid 7928:tid 360] AH00364: Child: All worker threads have exited.
[Mon Apr 21 15:38:03.496986 2025] [mpm_winnt:notice] [pid 4504:tid 188] AH00430: Parent: Child process 7928 exited successfully.
[Mon Apr 21 15:38:07.006791 2025] [mpm_winnt:notice] [pid 17496:tid 328] AH00455: Apache/2.4.63 (Win64) configured -- resuming normal operations
[Mon Apr 21 15:38:07.006791 2025] [mpm_winnt:notice] [pid 17496:tid 328] AH00456: Apache Lounge VS17 Server built: Feb  3 2025 10:10:51
[Mon Apr 21 15:38:07.006791 2025] [core:notice] [pid 17496:tid 328] AH00094: Command line: 'C:\\Apache24\\bin\\httpd.exe -d C:/Apache24'
[Mon Apr 21 15:38:07.015488 2025] [mpm_winnt:notice] [pid 17496:tid 328] AH00418: Parent: Created child process 5332
[Mon Apr 21 15:38:07.254364 2025] [mpm_winnt:notice] [pid 5332:tid 344] AH00354: Child: Starting 64 worker threads.
[Mon Apr 21 15:38:57.936854 2025] [cgi:error] [pid 5332:tid 956] [client ::1:53890] AH01215: stderr from C:/Apache24/cgi-bin/search_flights.py: C:\\Apache24\\cgi-bin\\search_flights.py:4: DeprecationWarning: 'cgi' is deprecated and slated for removal in Python 3.13, referer: http://localhost/static/Design3.1.html
[Mon Apr 21 15:38:57.936854 2025] [cgi:error] [pid 5332:tid 956] [client ::1:53890] AH01215: stderr from C:/Apache24/cgi-bin/search_flights.py:   import cgi, referer: http://localhost/static/Design3.1.html
[Mon Apr 21 15:38:57.936854 2025] [cgi:error] [pid 5332:tid 956] [client ::1:53890] AH01215: stderr from C:/Apache24/cgi-bin/search_flights.py: C:\\Apache24\\cgi-bin\\search_flights.py:5: DeprecationWarning: 'cgitb' is deprecated and slated for removal in Python 3.13, referer: http://localhost/static/Design3.1.html
[Mon Apr 21 15:38:57.936854 2025] [cgi:error] [pid 5332:tid 956] [client ::1:53890] AH01215: stderr from C:/Apache24/cgi-bin/search_flights.py:   import cgitb, referer: http://localhost/static/Design3.1.html
[Mon Apr 21 15:47:03.945345 2025] [cgi:error] [pid 5332:tid 960] (OS 2)Не удается найти указанный файл.  : [client ::1:54115] couldn't create child process: 720002: search_flights.py, referer: http://localhost/static/Design3.1.html
[Mon Apr 21 15:47:03.945345 2025] [cgi:error] [pid 5332:tid 960] (OS 2)Не удается найти указанный файл.  : [client ::1:54115] AH01223: couldn't spawn child process: C:/Apache24/cgi-bin/search_flights.py, referer: http://localhost/static/Design3.1.html
[Mon Apr 21 15:47:09.360916 2025] [cgi:error] [pid 5332:tid 956] (OS 2)Не удается найти указанный файл.  : [client ::1:54116] couldn't create child process: 720002: search_flights.py, referer: http://localhost/static/Design3.1.html
[Mon Apr 21 15:47:09.360916 2025] [cgi:error] [pid 5332:tid 956] (OS 2)Не удается найти указанный файл.  : [client ::1:54116] AH01223: couldn't spawn child process: C:/Apache24/cgi-bin/search_flights.py, referer: http://localhost/static/Design3.1.html
[Mon Apr 21 17:11:33.933785 2025] [cgi:error] [pid 5332:tid 960] [client ::1:56469] End of script output before headers: search_flights.py, referer: http://localhost/static/Design3.1.html
[Mon Apr 21 17:11:33.933785 2025] [cgi:error] [pid 5332:tid 960] [client ::1:56469] AH01215: stderr from C:/Apache24/cgi-bin/search_flights.py:   File "C:\\Apache24\\cgi-bin\\search_flights.py", line 164, referer: http://localhost/static/Design3.1.html
[Mon Apr 21 17:11:33.933785 2025] [cgi:error] [pid 5332:tid 960] [client ::1:56469] AH01215: stderr from C:/Apache24/cgi-bin/search_flights.py:     });, referer: http://localhost/static/Design3.1.html
[Mon Apr 21 17:11:33.933785 2025] [cgi:error] [pid 5332:tid 960] [client ::1:56469] AH01215: stderr from C:/Apache24/cgi-bin/search_flights.py:       ^, referer: http://localhost/static/Design3.1.html
[Mon Apr 21 17:11:33.933785 2025] [cgi:error] [pid 5332:tid 960] [client ::1:56469] AH01215: stderr from C:/Apache24/cgi-bin/search_flights.py: SyntaxError: f-string: expecting '=', or '!', or ':', or '}', referer: http://localhost/static/Design3.1.html
[Mon Apr 21 17:11:37.906210 2025] [cgi:error] [pid 5332:tid 956] [client ::1:56474] End of script output before headers: search_flights.py, referer: http://localhost/static/Design3.1.html
[Mon Apr 21 17:11:37.906210 2025] [cgi:error] [pid 5332:tid 956] [client ::1:56474] AH01215: stderr from C:/Apache24/cgi-bin/search_flights.py:   File "C:\\Apache24\\cgi-bin\\search_flights.py", line 164, referer: http://localhost/static/Design3.1.html
[Mon Apr 21 17:11:37.906210 2025] [cgi:error] [pid 5332:tid 956] [client ::1:56474] AH01215: stderr from C:/Apache24/cgi-bin/search_flights.py:     });, referer: http://localhost/static/Design3.1.html
[Mon Apr 21 17:11:37.906210 2025] [cgi:error] [pid 5332:tid 956] [client ::1:56474] AH01215: stderr from C:/Apache24/cgi-bin/search_flights.py:       ^, referer: http://localhost/static/Design3.1.html
[Mon Apr 21 17:11:37.906210 2025] [cgi:error] [pid 5332:tid 956] [client ::1:56474] AH01215: stderr from C:/Apache24/cgi-bin/search_flights.py: SyntaxError: f-string: expecting '=', or '!', or ':', or '}', referer: http://localhost/static/Design3.1.html
[Mon Apr 21 17:12:16.763518 2025] [mpm_winnt:notice] [pid 17496:tid 328] AH00422: Parent: Received shutdown signal -- Shutting down the server.
[Mon Apr 21 17:12:39.907332 2025] [mpm_winnt:notice] [pid 5332:tid 344] AH00364: Child: All worker threads have exited.
[Mon Apr 21 17:12:39.925659 2025] [mpm_winnt:notice] [pid 17496:tid 328] AH00430: Parent: Child process 5332 exited successfully.
[Mon Apr 21 17:12:44.483483 2025] [mpm_winnt:notice] [pid 380:tid 328] AH00455: Apache/2.4.63 (Win64) configured -- resuming normal operations
[Mon Apr 21 17:12:44.483483 2025] [mpm_winnt:notice] [pid 380:tid 328] AH00456: Apache Lounge VS17 Server built: Feb  3 2025 10:10:51
[Mon Apr 21 17:12:44.483483 2025] [core:notice] [pid 380:tid 328] AH00094: Command line: 'C:\\Apache24\\bin\\httpd.exe -d C:/Apache24'
[Mon Apr 21 17:12:44.483483 2025] [mpm_winnt:notice] [pid 380:tid 328] AH00418: Parent: Created child process 8908
[Mon Apr 21 17:12:44.707268 2025] [mpm_winnt:notice] [pid 8908:tid 344] AH00354: Child: Starting 64 worker threads.
[Mon Apr 21 17:13:00.268814 2025] [cgi:error] [pid 8908:tid 968] [client ::1:56520] End of script output before headers: search_flights.py, referer: http://localhost/static/Design3.1.html
[Mon Apr 21 17:13:00.268814 2025] [cgi:error] [pid 8908:tid 968] [client ::1:56520] AH01215: stderr from C:/Apache24/cgi-bin/search_flights.py:   File "C:\\Apache24\\cgi-bin\\search_flights.py", line 164, referer: http://localhost/static/Design3.1.html
[Mon Apr 21 17:13:00.268814 2025] [cgi:error] [pid 8908:tid 968] [client ::1:56520] AH01215: stderr from C:/Apache24/cgi-bin/search_flights.py:     });, referer: http://localhost/static/Design3.1.html
[Mon Apr 21 17:13:00.268814 2025] [cgi:error] [pid 8908:tid 968] [client ::1:56520] AH01215: stderr from C:/Apache24/cgi-bin/search_flights.py:       ^, referer: http://localhost/static/Design3.1.html
[Mon Apr 21 17:13:00.268814 2025] [cgi:error] [pid 8908:tid 968] [client ::1:56520] AH01215: stderr from C:/Apache24/cgi-bin/search_flights.py: SyntaxError: f-string: expecting '=', or '!', or ':', or '}', referer: http://localhost/static/Design3.1.html
[Mon Apr 21 17:13:13.042938 2025] [cgi:error] [pid 8908:tid 968] [client ::1:56525] End of script output before headers: search_flights.py, referer: http://localhost/static/Design3.1.html
[Mon Apr 21 17:13:13.042938 2025] [cgi:error] [pid 8908:tid 968] [client ::1:56525] AH01215: stderr from C:/Apache24/cgi-bin/search_flights.py:   File "C:\\Apache24\\cgi-bin\\search_flights.py", line 164, referer: http://localhost/static/Design3.1.html
[Mon Apr 21 17:13:13.042938 2025] [cgi:error] [pid 8908:tid 968] [client ::1:56525] AH01215: stderr from C:/Apache24/cgi-bin/search_flights.py:     });, referer: http://localhost/static/Design3.1.html
[Mon Apr 21 17:13:13.042938 2025] [cgi:error] [pid 8908:tid 968] [client ::1:56525] AH01215: stderr from C:/Apache24/cgi-bin/search_flights.py:       ^, referer: http://localhost/static/Design3.1.html
[Mon Apr 21 17:13:13.042938 2025] [cgi:error] [pid 8908:tid 968] [client ::1:56525] AH01215: stderr from C:/Apache24/cgi-bin/search_flights.py: SyntaxError: f-string: expecting '=', or '!', or ':', or '}', referer: http://localhost/static/Design3.1.html
[Mon Apr 21 17:41:47.806091 2025] [mpm_winnt:notice] [pid 380:tid 328] AH00422: Parent: Received shutdown signal -- Shutting down the server.
[Mon Apr 21 17:41:49.813062 2025] [mpm_winnt:notice] [pid 8908:tid 344] AH00364: Child: All worker threads have exited.
[Mon Apr 21 17:41:49.826052 2025] [mpm_winnt:notice] [pid 380:tid 328] AH00430: Parent: Child process 8908 exited successfully.
[Tue Apr 22 01:35:12.787534 2025] [mpm_winnt:notice] [pid 4456:tid 164] AH00455: Apache/2.4.63 (Win64) configured -- resuming normal operations
[Tue Apr 22 01:35:12.787534 2025] [mpm_winnt:notice] [pid 4456:tid 164] AH00456: Apache Lounge VS17 Server built: Feb  3 2025 10:10:51
[Tue Apr 22 01:35:12.787534 2025] [core:notice] [pid 4456:tid 164] AH00094: Command line: 'C:\\Apache24\\bin\\httpd.exe -d C:/Apache24'
[Tue Apr 22 01:35:12.797099 2025] [mpm_winnt:notice] [pid 4456:tid 164] AH00418: Parent: Created child process 1228
[Tue Apr 22 01:35:13.903986 2025] [mpm_winnt:notice] [pid 1228:tid 348] AH00354: Child: Starting 64 worker threads.
[Tue Apr 22 03:19:50.257345 2025] [mpm_winnt:notice] [pid 4456:tid 164] AH00422: Parent: Received shutdown signal -- Shutting down the server.
[Tue Apr 22 03:19:52.280359 2025] [mpm_winnt:notice] [pid 1228:tid 348] AH00364: Child: All worker threads have exited.
[Tue Apr 22 03:19:52.296489 2025] [mpm_winnt:notice] [pid 4456:tid 164] AH00430: Parent: Child process 1228 exited successfully.
[Tue Apr 22 05:27:46.866391 2025] [mpm_winnt:notice] [pid 4528:tid 368] AH00455: Apache/2.4.63 (Win64) configured -- resuming normal operations
[Tue Apr 22 05:27:46.866391 2025] [mpm_winnt:notice] [pid 4528:tid 368] AH00456: Apache Lounge VS17 Server built: Feb  3 2025 10:10:51
[Tue Apr 22 05:27:46.866391 2025] [core:notice] [pid 4528:tid 368] AH00094: Command line: 'C:\\Apache24\\bin\\httpd.exe -d C:/Apache24'
[Tue Apr 22 05:27:46.866391 2025] [mpm_winnt:notice] [pid 4528:tid 368] AH00418: Parent: Created child process 9568
[Tue Apr 22 05:27:47.790093 2025] [mpm_winnt:notice] [pid 9568:tid 204] AH00354: Child: Starting 64 worker threads.
[Tue Apr 22 06:59:20.820677 2025] [mpm_winnt:notice] [pid 4528:tid 368] AH00422: Parent: Received shutdown signal -- Shutting down the server.
[Tue Apr 22 06:59:22.839722 2025] [mpm_winnt:notice] [pid 9568:tid 204] AH00364: Child: All worker threads have exited.
[Tue Apr 22 06:59:22.857782 2025] [mpm_winnt:notice] [pid 4528:tid 368] AH00430: Parent: Child process 9568 exited successfully.
[Tue Apr 22 07:00:02.910201 2025] [mpm_winnt:notice] [pid 4448:tid 328] AH00455: Apache/2.4.63 (Win64) configured -- resuming normal operations
[Tue Apr 22 07:00:02.910201 2025] [mpm_winnt:notice] [pid 4448:tid 328] AH00456: Apache Lounge VS17 Server built: Feb  3 2025 10:10:51
[Tue Apr 22 07:00:02.910201 2025] [core:notice] [pid 4448:tid 328] AH00094: Command line: 'C:\\Apache24\\bin\\httpd.exe -d C:/Apache24'
[Tue Apr 22 07:00:02.917747 2025] [mpm_winnt:notice] [pid 4448:tid 328] AH00418: Parent: Created child process 12544
[Tue Apr 22 07:00:03.765011 2025] [mpm_winnt:notice] [pid 12544:tid 184] AH00354: Child: Starting 64 worker threads.
[Tue Apr 22 10:30:32.356870 2025] [core:warn] [pid 4168:tid 328] AH00098: pid file C:/Apache24/logs/httpd.pid overwritten -- Unclean shutdown of previous Apache run?
[Tue Apr 22 10:30:32.357874 2025] [mpm_winnt:notice] [pid 4168:tid 328] AH00455: Apache/2.4.63 (Win64) configured -- resuming normal operations
[Tue Apr 22 10:30:32.357874 2025] [mpm_winnt:notice] [pid 4168:tid 328] AH00456: Apache Lounge VS17 Server built: Feb  3 2025 10:10:51
[Tue Apr 22 10:30:32.357874 2025] [core:notice] [pid 4168:tid 328] AH00094: Command line: 'C:\\Apache24\\bin\\httpd.exe -d C:/Apache24'
[Tue Apr 22 10:30:32.357874 2025] [mpm_winnt:notice] [pid 4168:tid 328] AH00418: Parent: Created child process 1744
[Tue Apr 22 10:30:32.622633 2025] [mpm_winnt:notice] [pid 1744:tid 344] AH00354: Child: Starting 64 worker threads.
[Tue Apr 22 10:31:59.616011 2025] [mpm_winnt:crit] [pid 1744:tid 344] AH02538: Child: Parent process exited abruptly. Child process is ending
[Tue Apr 22 11:17:17.104752 2025] [core:warn] [pid 4160:tid 352] AH00098: pid file C:/Apache24/logs/httpd.pid overwritten -- Unclean shutdown of previous Apache run?
[Tue Apr 22 11:17:17.104752 2025] [mpm_winnt:notice] [pid 4160:tid 352] AH00455: Apache/2.4.63 (Win64) configured -- resuming normal operations
[Tue Apr 22 11:17:17.104752 2025] [mpm_winnt:notice] [pid 4160:tid 352] AH00456: Apache Lounge VS17 Server built: Feb  3 2025 10:10:51
[Tue Apr 22 11:17:17.104752 2025] [core:notice] [pid 4160:tid 352] AH00094: Command line: 'C:\\Apache24\\bin\\httpd.exe -d C:/Apache24'
[Tue Apr 22 11:17:17.104752 2025] [mpm_winnt:notice] [pid 4160:tid 352] AH00418: Parent: Created child process 7224
[Tue Apr 22 11:17:17.469499 2025] [mpm_winnt:notice] [pid 7224:tid 344] AH00354: Child: Starting 64 worker threads.
[Tue Apr 22 19:28:04.594898 2025] [core:warn] [pid 4316:tid 164] AH00098: pid file C:/Apache24/logs/httpd.pid overwritten -- Unclean shutdown of previous Apache run?
[Tue Apr 22 19:28:04.594898 2025] [mpm_winnt:notice] [pid 4316:tid 164] AH00455: Apache/2.4.63 (Win64) configured -- resuming normal operations
[Tue Apr 22 19:28:04.594898 2025] [mpm_winnt:notice] [pid 4316:tid 164] AH00456: Apache Lounge VS17 Server built: Feb  3 2025 10:10:51
[Tue Apr 22 19:28:04.594898 2025] [core:notice] [pid 4316:tid 164] AH00094: Command line: 'C:\\Apache24\\bin\\httpd.exe -d C:/Apache24'
[Tue Apr 22 19:28:04.598854 2025] [mpm_winnt:notice] [pid 4316:tid 164] AH00418: Parent: Created child process 7712
[Tue Apr 22 19:28:04.853058 2025] [mpm_winnt:notice] [pid 7712:tid 344] AH00354: Child: Starting 64 worker threads.
[Tue Apr 22 19:28:11.892898 2025] [mpm_winnt:notice] [pid 4316:tid 164] AH00422: Parent: Received shutdown signal -- Shutting down the server.
[Tue Apr 22 19:28:13.921520 2025] [mpm_winnt:notice] [pid 7712:tid 344] AH00364: Child: All worker threads have exited.
[Tue Apr 22 19:28:13.939299 2025] [mpm_winnt:notice] [pid 4316:tid 164] AH00430: Parent: Child process 7712 exited successfully.
[Tue Apr 22 20:42:57.102111 2025] [mpm_winnt:notice] [pid 4424:tid 328] AH00455: Apache/2.4.63 (Win64) configured -- resuming normal operations
[Tue Apr 22 20:42:57.107168 2025] [mpm_winnt:notice] [pid 4424:tid 328] AH00456: Apache Lounge VS17 Server built: Feb  3 2025 10:10:51
[Tue Apr 22 20:42:57.107168 2025] [core:notice] [pid 4424:tid 328] AH00094: Command line: 'C:\\Apache24\\bin\\httpd.exe -d C:/Apache24'
[Tue Apr 22 20:42:57.107168 2025] [mpm_winnt:notice] [pid 4424:tid 328] AH00418: Parent: Created child process 7648
[Tue Apr 22 20:42:57.372493 2025] [mpm_winnt:notice] [pid 7648:tid 368] AH00354: Child: Starting 64 worker threads.
[Wed Apr 23 00:10:07.249887 2025] [core:warn] [pid 4612:tid 336] AH00098: pid file C:/Apache24/logs/httpd.pid overwritten -- Unclean shutdown of previous Apache run?
[Wed Apr 23 00:10:07.249887 2025] [mpm_winnt:notice] [pid 4612:tid 336] AH00455: Apache/2.4.63 (Win64) configured -- resuming normal operations
[Wed Apr 23 00:10:07.249887 2025] [mpm_winnt:notice] [pid 4612:tid 336] AH00456: Apache Lounge VS17 Server built: Feb  3 2025 10:10:51
[Wed Apr 23 00:10:07.249887 2025] [core:notice] [pid 4612:tid 336] AH00094: Command line: 'C:\\Apache24\\bin\\httpd.exe -d C:/Apache24'
[Wed Apr 23 00:10:07.251941 2025] [mpm_winnt:notice] [pid 4612:tid 336] AH00418: Parent: Created child process 7876
[Wed Apr 23 00:10:07.499772 2025] [mpm_winnt:notice] [pid 7876:tid 344] AH00354: Child: Starting 64 worker threads.
[Wed Apr 23 01:00:23.432189 2025] [mpm_winnt:notice] [pid 4612:tid 336] AH00422: Parent: Received shutdown signal -- Shutting down the server.
[Wed Apr 23 01:00:25.451476 2025] [mpm_winnt:notice] [pid 7876:tid 344] AH00364: Child: All worker threads have exited.
[Wed Apr 23 01:00:25.469168 2025] [mpm_winnt:notice] [pid 4612:tid 336] AH00430: Parent: Child process 7876 exited successfully.
[Wed Apr 23 22:36:27.962925 2025] [mpm_winnt:notice] [pid 4504:tid 336] AH00455: Apache/2.4.63 (Win64) configured -- resuming normal operations
[Wed Apr 23 22:36:27.962925 2025] [mpm_winnt:notice] [pid 4504:tid 336] AH00456: Apache Lounge VS17 Server built: Feb  3 2025 10:10:51
[Wed Apr 23 22:36:27.962925 2025] [core:notice] [pid 4504:tid 336] AH00094: Command line: 'C:\\Apache24\\bin\\httpd.exe -d C:/Apache24'
[Wed Apr 23 22:36:27.971136 2025] [mpm_winnt:notice] [pid 4504:tid 336] AH00418: Parent: Created child process 9996
[Wed Apr 23 22:36:28.964965 2025] [mpm_winnt:notice] [pid 9996:tid 348] AH00354: Child: Starting 64 worker threads.
[Thu Apr 24 03:23:30.503061 2025] [mpm_winnt:notice] [pid 4504:tid 336] AH00422: Parent: Received shutdown signal -- Shutting down the server.
[Thu Apr 24 03:23:32.518123 2025] [mpm_winnt:notice] [pid 9996:tid 348] AH00364: Child: All worker threads have exited.
[Thu Apr 24 03:23:32.536068 2025] [mpm_winnt:notice] [pid 4504:tid 336] AH00430: Parent: Child process 9996 exited successfully.
[Thu Apr 24 17:41:13.016074 2025] [mpm_winnt:notice] [pid 4596:tid 336] AH00455: Apache/2.4.63 (Win64) configured -- resuming normal operations
[Thu Apr 24 17:41:13.016074 2025] [mpm_winnt:notice] [pid 4596:tid 336] AH00456: Apache Lounge VS17 Server built: Feb  3 2025 10:10:51
[Thu Apr 24 17:41:13.016074 2025] [core:notice] [pid 4596:tid 336] AH00094: Command line: 'C:\\Apache24\\bin\\httpd.exe -d C:/Apache24'
[Thu Apr 24 17:41:13.026262 2025] [mpm_winnt:notice] [pid 4596:tid 336] AH00418: Parent: Created child process 9788
[Thu Apr 24 17:41:14.144489 2025] [mpm_winnt:notice] [pid 9788:tid 368] AH00354: Child: Starting 64 worker threads.
[Thu Apr 24 18:43:54.201958 2025] [mpm_winnt:notice] [pid 4596:tid 336] AH00422: Parent: Received shutdown signal -- Shutting down the server.
[Thu Apr 24 18:43:56.230828 2025] [mpm_winnt:notice] [pid 9788:tid 368] AH00364: Child: All worker threads have exited.
[Thu Apr 24 18:43:56.246757 2025] [mpm_winnt:notice] [pid 4596:tid 336] AH00430: Parent: Child process 9788 exited successfully.
[Fri Apr 25 04:43:16.261866 2025] [mpm_winnt:notice] [pid 4624:tid 296] AH00455: Apache/2.4.63 (Win64) configured -- resuming normal operations
[Fri Apr 25 04:43:16.261866 2025] [mpm_winnt:notice] [pid 4624:tid 296] AH00456: Apache Lounge VS17 Server built: Feb  3 2025 10:10:51
[Fri Apr 25 04:43:16.261866 2025] [core:notice] [pid 4624:tid 296] AH00094: Command line: 'C:\\Apache24\\bin\\httpd.exe -d C:/Apache24'
[Fri Apr 25 04:43:16.263871 2025] [mpm_winnt:notice] [pid 4624:tid 296] AH00418: Parent: Created child process 8684
[Fri Apr 25 04:43:16.552055 2025] [mpm_winnt:notice] [pid 8684:tid 392] AH00354: Child: Starting 64 worker threads.
[Fri Apr 25 07:39:19.912034 2025] [core:warn] [pid 4332:tid 304] AH00098: pid file C:/Apache24/logs/httpd.pid overwritten -- Unclean shutdown of previous Apache run?
[Fri Apr 25 07:39:19.912034 2025] [mpm_winnt:notice] [pid 4332:tid 304] AH00455: Apache/2.4.63 (Win64) configured -- resuming normal operations
[Fri Apr 25 07:39:19.912034 2025] [mpm_winnt:notice] [pid 4332:tid 304] AH00456: Apache Lounge VS17 Server built: Feb  3 2025 10:10:51
[Fri Apr 25 07:39:19.912034 2025] [core:notice] [pid 4332:tid 304] AH00094: Command line: 'C:\\Apache24\\bin\\httpd.exe -d C:/Apache24'
[Fri Apr 25 07:39:19.916325 2025] [mpm_winnt:notice] [pid 4332:tid 304] AH00418: Parent: Created child process 7840
[Fri Apr 25 07:39:20.160613 2025] [mpm_winnt:notice] [pid 7840:tid 380] AH00354: Child: Starting 64 worker threads.
[Fri Apr 25 13:05:07.050285 2025] [mpm_winnt:notice] [pid 4332:tid 304] AH00422: Parent: Received shutdown signal -- Shutting down the server.
[Fri Apr 25 13:05:09.070841 2025] [mpm_winnt:notice] [pid 7840:tid 380] AH00364: Child: All worker threads have exited.
[Fri Apr 25 13:05:09.086637 2025] [mpm_winnt:notice] [pid 4332:tid 304] AH00430: Parent: Child process 7840 exited successfully.
[Fri Apr 25 15:11:05.551865 2025] [mpm_winnt:notice] [pid 4408:tid 336] AH00455: Apache/2.4.63 (Win64) configured -- resuming normal operations
[Fri Apr 25 15:11:05.553872 2025] [mpm_winnt:notice] [pid 4408:tid 336] AH00456: Apache Lounge VS17 Server built: Feb  3 2025 10:10:51
[Fri Apr 25 15:11:05.553872 2025] [core:notice] [pid 4408:tid 336] AH00094: Command line: 'C:\\Apache24\\bin\\httpd.exe -d C:/Apache24'
[Fri Apr 25 15:11:05.555620 2025] [mpm_winnt:notice] [pid 4408:tid 336] AH00418: Parent: Created child process 10412
[Fri Apr 25 15:11:06.499062 2025] [mpm_winnt:notice] [pid 10412:tid 344] AH00354: Child: Starting 64 worker threads.
[Fri Apr 25 15:35:05.440554 2025] [mpm_winnt:notice] [pid 4408:tid 336] AH00422: Parent: Received shutdown signal -- Shutting down the server.
[Fri Apr 25 15:35:34.847894 2025] [mpm_winnt:notice] [pid 10412:tid 344] AH00364: Child: All worker threads have exited.
[Fri Apr 25 15:35:34.869675 2025] [mpm_winnt:notice] [pid 4408:tid 336] AH00430: Parent: Child process 10412 exited successfully.
[Fri Apr 25 15:35:48.001084 2025] [mpm_winnt:notice] [pid 15820:tid 332] AH00455: Apache/2.4.63 (Win64) configured -- resuming normal operations
[Fri Apr 25 15:35:48.001084 2025] [mpm_winnt:notice] [pid 15820:tid 332] AH00456: Apache Lounge VS17 Server built: Feb  3 2025 10:10:51
[Fri Apr 25 15:35:48.001084 2025] [core:notice] [pid 15820:tid 332] AH00094: Command line: 'C:\\Apache24\\bin\\httpd.exe -d C:/Apache24'
[Fri Apr 25 15:35:48.004082 2025] [mpm_winnt:notice] [pid 15820:tid 332] AH00418: Parent: Created child process 1720
[Fri Apr 25 15:35:48.223898 2025] [mpm_winnt:notice] [pid 1720:tid 368] AH00354: Child: Starting 64 worker threads.
[Fri Apr 25 16:03:59.493691 2025] [cgi:error] [pid 1720:tid 972] [client ::1:51383] End of script output before headers: search_flights.py, referer: http://localhost/static/Design3.1.html
[Fri Apr 25 16:03:59.493691 2025] [cgi:error] [pid 1720:tid 972] [client ::1:51383] AH01215: stderr from C:/Apache24/cgi-bin/search_flights.py:   File "C:\\Apache24\\cgi-bin\\search_flights.py", line 171, referer: http://localhost/static/Design3.1.html
[Fri Apr 25 16:03:59.493691 2025] [cgi:error] [pid 1720:tid 972] [client ::1:51383] AH01215: stderr from C:/Apache24/cgi-bin/search_flights.py:     });, referer: http://localhost/static/Design3.1.html
[Fri Apr 25 16:03:59.493691 2025] [cgi:error] [pid 1720:tid 972] [client ::1:51383] AH01215: stderr from C:/Apache24/cgi-bin/search_flights.py:       ^, referer: http://localhost/static/Design3.1.html
[Fri Apr 25 16:03:59.493691 2025] [cgi:error] [pid 1720:tid 972] [client ::1:51383] AH01215: stderr from C:/Apache24/cgi-bin/search_flights.py: SyntaxError: f-string: expecting '=', or '!', or ':', or '}', referer: http://localhost/static/Design3.1.html
[Fri Apr 25 16:04:02.024562 2025] [cgi:error] [pid 1720:tid 968] [client ::1:51384] End of script output before headers: search_flights.py, referer: http://localhost/static/Design3.1.html
[Fri Apr 25 16:04:02.024562 2025] [cgi:error] [pid 1720:tid 968] [client ::1:51384] AH01215: stderr from C:/Apache24/cgi-bin/search_flights.py:   File "C:\\Apache24\\cgi-bin\\search_flights.py", line 171, referer: http://localhost/static/Design3.1.html
[Fri Apr 25 16:04:02.024562 2025] [cgi:error] [pid 1720:tid 968] [client ::1:51384] AH01215: stderr from C:/Apache24/cgi-bin/search_flights.py:     });, referer: http://localhost/static/Design3.1.html
[Fri Apr 25 16:04:02.024562 2025] [cgi:error] [pid 1720:tid 968] [client ::1:51384] AH01215: stderr from C:/Apache24/cgi-bin/search_flights.py:       ^, referer: http://localhost/static/Design3.1.html
[Fri Apr 25 16:04:02.024562 2025] [cgi:error] [pid 1720:tid 968] [client ::1:51384] AH01215: stderr from C:/Apache24/cgi-bin/search_flights.py: SyntaxError: f-string: expecting '=', or '!', or ':', or '}', referer: http://localhost/static/Design3.1.html
[Fri Apr 25 16:04:14.510937 2025] [cgi:error] [pid 1720:tid 972] [client ::1:51386] End of script output before headers: search_flights.py, referer: http://localhost/static/Design3.1.html
[Fri Apr 25 16:04:14.510937 2025] [cgi:error] [pid 1720:tid 972] [client ::1:51386] AH01215: stderr from C:/Apache24/cgi-bin/search_flights.py:   File "C:\\Apache24\\cgi-bin\\search_flights.py", line 171, referer: http://localhost/static/Design3.1.html
[Fri Apr 25 16:04:14.510937 2025] [cgi:error] [pid 1720:tid 972] [client ::1:51386] AH01215: stderr from C:/Apache24/cgi-bin/search_flights.py:     });, referer: http://localhost/static/Design3.1.html
[Fri Apr 25 16:04:14.510937 2025] [cgi:error] [pid 1720:tid 972] [client ::1:51386] AH01215: stderr from C:/Apache24/cgi-bin/search_flights.py:       ^, referer: http://localhost/static/Design3.1.html
[Fri Apr 25 16:04:14.510937 2025] [cgi:error] [pid 1720:tid 972] [client ::1:51386] AH01215: stderr from C:/Apache24/cgi-bin/search_flights.py: SyntaxError: f-string: expecting '=', or '!', or ':', or '}', referer: http://localhost/static/Design3.1.html
[Fri Apr 25 16:04:22.846999 2025] [mpm_winnt:notice] [pid 15820:tid 332] AH00422: Parent: Received shutdown signal -- Shutting down the server.
[Fri Apr 25 16:04:52.853257 2025] [mpm_winnt:notice] [pid 15820:tid 332] AH00431: Parent: Forcing termination of child process 1720
[Fri Apr 25 16:04:59.659589 2025] [mpm_winnt:notice] [pid 7732:tid 344] AH00455: Apache/2.4.63 (Win64) configured -- resuming normal operations
[Fri Apr 25 16:04:59.659589 2025] [mpm_winnt:notice] [pid 7732:tid 344] AH00456: Apache Lounge VS17 Server built: Feb  3 2025 10:10:51
[Fri Apr 25 16:04:59.659589 2025] [core:notice] [pid 7732:tid 344] AH00094: Command line: 'C:\\Apache24\\bin\\httpd.exe -d C:/Apache24'
[Fri Apr 25 16:04:59.663118 2025] [mpm_winnt:notice] [pid 7732:tid 344] AH00418: Parent: Created child process 16296
[Fri Apr 25 16:04:59.882081 2025] [mpm_winnt:notice] [pid 16296:tid 376] AH00354: Child: Starting 64 worker threads.
[Fri Apr 25 16:05:22.401838 2025] [cgi:error] [pid 16296:tid 956] [client ::1:51414] End of script output before headers: search_flights.py, referer: http://localhost/static/Design3.1.html
[Fri Apr 25 16:05:22.401838 2025] [cgi:error] [pid 16296:tid 956] [client ::1:51414] AH01215: stderr from C:/Apache24/cgi-bin/search_flights.py:   File "C:\\Apache24\\cgi-bin\\search_flights.py", line 171, referer: http://localhost/static/Design3.1.html
[Fri Apr 25 16:05:22.401838 2025] [cgi:error] [pid 16296:tid 956] [client ::1:51414] AH01215: stderr from C:/Apache24/cgi-bin/search_flights.py:     });, referer: http://localhost/static/Design3.1.html
[Fri Apr 25 16:05:22.401838 2025] [cgi:error] [pid 16296:tid 956] [client ::1:51414] AH01215: stderr from C:/Apache24/cgi-bin/search_flights.py:       ^, referer: http://localhost/static/Design3.1.html
[Fri Apr 25 16:05:22.401838 2025] [cgi:error] [pid 16296:tid 956] [client ::1:51414] AH01215: stderr from C:/Apache24/cgi-bin/search_flights.py: SyntaxError: f-string: expecting '=', or '!', or ':', or '}', referer: http://localhost/static/Design3.1.html
[Fri Apr 25 16:29:45.277765 2025] [mpm_winnt:notice] [pid 7732:tid 344] AH00422: Parent: Received shutdown signal -- Shutting down the server.
[Fri Apr 25 16:29:47.289500 2025] [mpm_winnt:notice] [pid 16296:tid 376] AH00364: Child: All worker threads have exited.
[Fri Apr 25 16:29:47.307792 2025] [mpm_winnt:notice] [pid 7732:tid 344] AH00430: Parent: Child process 16296 exited successfully.
[Fri Apr 25 16:29:52.953493 2025] [mpm_winnt:notice] [pid 13516:tid 328] AH00455: Apache/2.4.63 (Win64) configured -- resuming normal operations
[Fri Apr 25 16:29:52.953493 2025] [mpm_winnt:notice] [pid 13516:tid 328] AH00456: Apache Lounge VS17 Server built: Feb  3 2025 10:10:51
[Fri Apr 25 16:29:52.953493 2025] [core:notice] [pid 13516:tid 328] AH00094: Command line: 'C:\\Apache24\\bin\\httpd.exe -d C:/Apache24'
[Fri Apr 25 16:29:52.955512 2025] [mpm_winnt:notice] [pid 13516:tid 328] AH00418: Parent: Created child process 8864
[Fri Apr 25 16:29:53.177669 2025] [mpm_winnt:notice] [pid 8864:tid 356] AH00354: Child: Starting 64 worker threads.
[Fri Apr 25 17:00:00.294556 2025] [cgi:error] [pid 8864:tid 944] [client ::1:52916] End of script output before headers: flight_search.py, referer: http://localhost/static/Design3.1.html
[Fri Apr 25 17:00:00.294556 2025] [cgi:error] [pid 8864:tid 944] [client ::1:52916] AH01215: stderr from C:/Apache24/cgi-bin/flight_search.py: Traceback (most recent call last):, referer: http://localhost/static/Design3.1.html
[Fri Apr 25 17:00:00.294556 2025] [cgi:error] [pid 8864:tid 944] [client ::1:52916] AH01215: stderr from C:/Apache24/cgi-bin/flight_search.py:   File "C:\\Apache24\\cgi-bin\\flight_search.py", line 2, in <module>, referer: http://localhost/static/Design3.1.html
[Fri Apr 25 17:00:00.294556 2025] [cgi:error] [pid 8864:tid 944] [client ::1:52916] AH01215: stderr from C:/Apache24/cgi-bin/flight_search.py:     import cgi, referer: http://localhost/static/Design3.1.html
[Fri Apr 25 17:00:00.294556 2025] [cgi:error] [pid 8864:tid 944] [client ::1:52916] AH01215: stderr from C:/Apache24/cgi-bin/flight_search.py: ModuleNotFoundError: No module named 'cgi', referer: http://localhost/static/Design3.1.html
[Sat Apr 26 02:01:06.571937 2025] [mpm_winnt:notice] [pid 13516:tid 328] AH00422: Parent: Received shutdown signal -- Shutting down the server.
[Sat Apr 26 02:01:08.599536 2025] [mpm_winnt:notice] [pid 8864:tid 356] AH00364: Child: All worker threads have exited.
[Sat Apr 26 02:01:08.631261 2025] [mpm_winnt:notice] [pid 13516:tid 328] AH00430: Parent: Child process 8864 exited successfully.
[Sat Apr 26 05:31:42.950013 2025] [mpm_winnt:notice] [pid 4628:tid 332] AH00455: Apache/2.4.63 (Win64) configured -- resuming normal operations
[Sat Apr 26 05:31:42.950013 2025] [mpm_winnt:notice] [pid 4628:tid 332] AH00456: Apache Lounge VS17 Server built: Feb  3 2025 10:10:51
[Sat Apr 26 05:31:42.950013 2025] [core:notice] [pid 4628:tid 332] AH00094: Command line: 'C:\\Apache24\\bin\\httpd.exe -d C:/Apache24'
[Sat Apr 26 05:31:42.950013 2025] [mpm_winnt:notice] [pid 4628:tid 332] AH00418: Parent: Created child process 9192
[Sat Apr 26 05:31:43.244436 2025] [mpm_winnt:notice] [pid 9192:tid 344] AH00354: Child: Starting 64 worker threads.
[Sat Apr 26 07:34:25.314650 2025] [mpm_winnt:notice] [pid 4628:tid 332] AH00422: Parent: Received shutdown signal -- Shutting down the server.
[Sat Apr 26 07:34:27.321070 2025] [mpm_winnt:notice] [pid 9192:tid 344] AH00364: Child: All worker threads have exited.
[Sat Apr 26 07:34:27.336919 2025] [mpm_winnt:notice] [pid 4628:tid 332] AH00430: Parent: Child process 9192 exited successfully.
[Sat Apr 26 11:16:16.157497 2025] [mpm_winnt:notice] [pid 4224:tid 328] AH00455: Apache/2.4.63 (Win64) configured -- resuming normal operations
[Sat Apr 26 11:16:16.159505 2025] [mpm_winnt:notice] [pid 4224:tid 328] AH00456: Apache Lounge VS17 Server built: Feb  3 2025 10:10:51
[Sat Apr 26 11:16:16.159505 2025] [core:notice] [pid 4224:tid 328] AH00094: Command line: 'C:\\Apache24\\bin\\httpd.exe -d C:/Apache24'
[Sat Apr 26 11:16:16.161255 2025] [mpm_winnt:notice] [pid 4224:tid 328] AH00418: Parent: Created child process 9804
[Sat Apr 26 11:16:17.275384 2025] [mpm_winnt:notice] [pid 9804:tid 384] AH00354: Child: Starting 64 worker threads.
[Sat Apr 26 12:22:04.142128 2025] [core:warn] [pid 4476:tid 328] AH00098: pid file C:/Apache24/logs/httpd.pid overwritten -- Unclean shutdown of previous Apache run?
[Sat Apr 26 12:22:04.144147 2025] [mpm_winnt:notice] [pid 4476:tid 328] AH00455: Apache/2.4.63 (Win64) configured -- resuming normal operations
[Sat Apr 26 12:22:04.144147 2025] [mpm_winnt:notice] [pid 4476:tid 328] AH00456: Apache Lounge VS17 Server built: Feb  3 2025 10:10:51
[Sat Apr 26 12:22:04.144147 2025] [core:notice] [pid 4476:tid 328] AH00094: Command line: 'C:\\Apache24\\bin\\httpd.exe -d C:/Apache24'
[Sat Apr 26 12:22:04.145151 2025] [mpm_winnt:notice] [pid 4476:tid 328] AH00418: Parent: Created child process 4016
[Sat Apr 26 12:22:04.404143 2025] [mpm_winnt:notice] [pid 4016:tid 344] AH00354: Child: Starting 64 worker threads.
[Sat Apr 26 12:28:50.636470 2025] [core:warn] [pid 4152:tid 340] AH00098: pid file C:/Apache24/logs/httpd.pid overwritten -- Unclean shutdown of previous Apache run?
[Sat Apr 26 12:28:50.636470 2025] [mpm_winnt:notice] [pid 4152:tid 340] AH00455: Apache/2.4.63 (Win64) configured -- resuming normal operations
[Sat Apr 26 12:28:50.636470 2025] [mpm_winnt:notice] [pid 4152:tid 340] AH00456: Apache Lounge VS17 Server built: Feb  3 2025 10:10:51
[Sat Apr 26 12:28:50.636470 2025] [core:notice] [pid 4152:tid 340] AH00094: Command line: 'C:\\Apache24\\bin\\httpd.exe -d C:/Apache24'
[Sat Apr 26 12:28:50.641366 2025] [mpm_winnt:notice] [pid 4152:tid 340] AH00418: Parent: Created child process 7240
[Sat Apr 26 12:28:50.891484 2025] [mpm_winnt:notice] [pid 7240:tid 344] AH00354: Child: Starting 64 worker threads.
[Sat Apr 26 12:44:27.687117 2025] [core:warn] [pid 4188:tid 328] AH00098: pid file C:/Apache24/logs/httpd.pid overwritten -- Unclean shutdown of previous Apache run?
[Sat Apr 26 12:44:27.687117 2025] [mpm_winnt:notice] [pid 4188:tid 328] AH00455: Apache/2.4.63 (Win64) configured -- resuming normal operations
[Sat Apr 26 12:44:27.687117 2025] [mpm_winnt:notice] [pid 4188:tid 328] AH00456: Apache Lounge VS17 Server built: Feb  3 2025 10:10:51
[Sat Apr 26 12:44:27.687117 2025] [core:notice] [pid 4188:tid 328] AH00094: Command line: 'C:\\Apache24\\bin\\httpd.exe -d C:/Apache24'
[Sat Apr 26 12:44:27.687117 2025] [mpm_winnt:notice] [pid 4188:tid 328] AH00418: Parent: Created child process 1296
[Sat Apr 26 12:44:28.046893 2025] [mpm_winnt:notice] [pid 1296:tid 344] AH00354: Child: Starting 64 worker threads.
[Sun Apr 27 16:05:41.413175 2025] [core:warn] [pid 4644:tid 316] AH00098: pid file C:/Apache24/logs/httpd.pid overwritten -- Unclean shutdown of previous Apache run?
[Sun Apr 27 16:05:41.413175 2025] [mpm_winnt:notice] [pid 4644:tid 316] AH00455: Apache/2.4.63 (Win64) configured -- resuming normal operations
[Sun Apr 27 16:05:41.413175 2025] [mpm_winnt:notice] [pid 4644:tid 316] AH00456: Apache Lounge VS17 Server built: Feb  3 2025 10:10:51
[Sun Apr 27 16:05:41.413175 2025] [core:notice] [pid 4644:tid 316] AH00094: Command line: 'C:\\Apache24\\bin\\httpd.exe -d C:/Apache24'
[Sun Apr 27 16:05:41.418188 2025] [mpm_winnt:notice] [pid 4644:tid 316] AH00418: Parent: Created child process 7932
[Sun Apr 27 16:05:41.668463 2025] [mpm_winnt:notice] [pid 7932:tid 364] AH00354: Child: Starting 64 worker threads.
[Sun Apr 27 22:35:25.680993 2025] [core:warn] [pid 4408:tid 192] AH00098: pid file C:/Apache24/logs/httpd.pid overwritten -- Unclean shutdown of previous Apache run?
[Sun Apr 27 22:35:25.680993 2025] [mpm_winnt:notice] [pid 4408:tid 192] AH00455: Apache/2.4.63 (Win64) configured -- resuming normal operations
[Sun Apr 27 22:35:25.680993 2025] [mpm_winnt:notice] [pid 4408:tid 192] AH00456: Apache Lounge VS17 Server built: Feb  3 2025 10:10:51
[Sun Apr 27 22:35:25.680993 2025] [core:notice] [pid 4408:tid 192] AH00094: Command line: 'C:\\Apache24\\bin\\httpd.exe -d C:/Apache24'
[Sun Apr 27 22:35:25.686023 2025] [mpm_winnt:notice] [pid 4408:tid 192] AH00418: Parent: Created child process 7656
[Sun Apr 27 22:35:25.950735 2025] [mpm_winnt:notice] [pid 7656:tid 344] AH00354: Child: Starting 64 worker threads.
[Mon Apr 28 00:46:17.031392 2025] [mpm_winnt:notice] [pid 4408:tid 192] AH00422: Parent: Received shutdown signal -- Shutting down the server.
[Mon Apr 28 00:46:19.052194 2025] [mpm_winnt:notice] [pid 7656:tid 344] AH00364: Child: All worker threads have exited.
[Mon Apr 28 00:46:19.068138 2025] [mpm_winnt:notice] [pid 4408:tid 192] AH00430: Parent: Child process 7656 exited successfully.
[Mon Apr 28 04:39:46.067233 2025] [mpm_winnt:notice] [pid 4356:tid 368] AH00455: Apache/2.4.63 (Win64) configured -- resuming normal operations
[Mon Apr 28 04:39:46.069257 2025] [mpm_winnt:notice] [pid 4356:tid 368] AH00456: Apache Lounge VS17 Server built: Feb  3 2025 10:10:51
[Mon Apr 28 04:39:46.069257 2025] [core:notice] [pid 4356:tid 368] AH00094: Command line: 'C:\\Apache24\\bin\\httpd.exe -d C:/Apache24'
[Mon Apr 28 04:39:46.071269 2025] [mpm_winnt:notice] [pid 4356:tid 368] AH00418: Parent: Created child process 10804
[Mon Apr 28 04:39:47.081429 2025] [mpm_winnt:notice] [pid 10804:tid 344] AH00354: Child: Starting 64 worker threads.
[Mon Apr 28 06:08:41.044536 2025] [mpm_winnt:notice] [pid 4356:tid 368] AH00422: Parent: Received shutdown signal -- Shutting down the server.
[Mon Apr 28 06:08:43.068142 2025] [mpm_winnt:notice] [pid 10804:tid 344] AH00364: Child: All worker threads have exited.
[Mon Apr 28 06:08:43.083997 2025] [mpm_winnt:notice] [pid 4356:tid 368] AH00430: Parent: Child process 10804 exited successfully.
[Mon Apr 28 06:09:17.837462 2025] [mpm_winnt:notice] [pid 4488:tid 152] AH00455: Apache/2.4.63 (Win64) configured -- resuming normal operations
[Mon Apr 28 06:09:17.837462 2025] [mpm_winnt:notice] [pid 4488:tid 152] AH00456: Apache Lounge VS17 Server built: Feb  3 2025 10:10:51
[Mon Apr 28 06:09:17.837462 2025] [core:notice] [pid 4488:tid 152] AH00094: Command line: 'C:\\Apache24\\bin\\httpd.exe -d C:/Apache24'
[Mon Apr 28 06:09:17.837462 2025] [mpm_winnt:notice] [pid 4488:tid 152] AH00418: Parent: Created child process 8852
[Mon Apr 28 06:09:18.628453 2025] [mpm_winnt:notice] [pid 8852:tid 344] AH00354: Child: Starting 64 worker threads.
[Mon Apr 28 06:14:15.268047 2025] [core:warn] [pid 4468:tid 160] AH00098: pid file C:/Apache24/logs/httpd.pid overwritten -- Unclean shutdown of previous Apache run?
[Mon Apr 28 06:14:15.271819 2025] [mpm_winnt:notice] [pid 4468:tid 160] AH00455: Apache/2.4.63 (Win64) configured -- resuming normal operations
[Mon Apr 28 06:14:15.271819 2025] [mpm_winnt:notice] [pid 4468:tid 160] AH00456: Apache Lounge VS17 Server built: Feb  3 2025 10:10:51
[Mon Apr 28 06:14:15.271819 2025] [core:notice] [pid 4468:tid 160] AH00094: Command line: 'C:\\Apache24\\bin\\httpd.exe -d C:/Apache24'
[Mon Apr 28 06:14:15.274952 2025] [mpm_winnt:notice] [pid 4468:tid 160] AH00418: Parent: Created child process 7652
[Mon Apr 28 06:14:15.525244 2025] [mpm_winnt:notice] [pid 7652:tid 360] AH00354: Child: Starting 64 worker threads.
[Mon Apr 28 07:26:30.165383 2025] [mpm_winnt:notice] [pid 4468:tid 160] AH00422: Parent: Received shutdown signal -- Shutting down the server.
[Mon Apr 28 07:26:32.183798 2025] [mpm_winnt:notice] [pid 7652:tid 360] AH00364: Child: All worker threads have exited.
[Mon Apr 28 07:26:32.201624 2025] [mpm_winnt:notice] [pid 4468:tid 160] AH00430: Parent: Child process 7652 exited successfully.
[Mon Apr 28 11:00:22.239370 2025] [mpm_winnt:notice] [pid 4592:tid 172] AH00455: Apache/2.4.63 (Win64) configured -- resuming normal operations
[Mon Apr 28 11:00:22.239370 2025] [mpm_winnt:notice] [pid 4592:tid 172] AH00456: Apache Lounge VS17 Server built: Feb  3 2025 10:10:51
[Mon Apr 28 11:00:22.239370 2025] [core:notice] [pid 4592:tid 172] AH00094: Command line: 'C:\\Apache24\\bin\\httpd.exe -d C:/Apache24'
[Mon Apr 28 11:00:22.247374 2025] [mpm_winnt:notice] [pid 4592:tid 172] AH00418: Parent: Created child process 8608
[Mon Apr 28 11:00:22.637809 2025] [mpm_winnt:notice] [pid 8608:tid 356] AH00354: Child: Starting 64 worker threads.
[Tue Apr 29 03:37:03.619482 2025] [core:warn] [pid 4436:tid 344] AH00098: pid file C:/Apache24/logs/httpd.pid overwritten -- Unclean shutdown of previous Apache run?
[Tue Apr 29 03:37:03.619482 2025] [mpm_winnt:notice] [pid 4436:tid 344] AH00455: Apache/2.4.63 (Win64) configured -- resuming normal operations
[Tue Apr 29 03:37:03.619482 2025] [mpm_winnt:notice] [pid 4436:tid 344] AH00456: Apache Lounge VS17 Server built: Feb  3 2025 10:10:51
[Tue Apr 29 03:37:03.619482 2025] [core:notice] [pid 4436:tid 344] AH00094: Command line: 'C:\\Apache24\\bin\\httpd.exe -d C:/Apache24'
[Tue Apr 29 03:37:03.625067 2025] [mpm_winnt:notice] [pid 4436:tid 344] AH00418: Parent: Created child process 9192
[Tue Apr 29 03:37:03.957334 2025] [mpm_winnt:notice] [pid 9192:tid 344] AH00354: Child: Starting 64 worker threads.
[Tue Apr 29 04:50:04.829863 2025] [mpm_winnt:notice] [pid 4436:tid 344] AH00422: Parent: Received shutdown signal -- Shutting down the server.
[Tue Apr 29 04:50:06.847806 2025] [mpm_winnt:notice] [pid 9192:tid 344] AH00364: Child: All worker threads have exited.
[Tue Apr 29 04:50:06.863725 2025] [mpm_winnt:notice] [pid 4436:tid 344] AH00430: Parent: Child process 9192 exited successfully.
[Tue Apr 29 07:28:14.066946 2025] [mpm_winnt:notice] [pid 4484:tid 296] AH00455: Apache/2.4.63 (Win64) configured -- resuming normal operations
[Tue Apr 29 07:28:14.066946 2025] [mpm_winnt:notice] [pid 4484:tid 296] AH00456: Apache Lounge VS17 Server built: Feb  3 2025 10:10:51
[Tue Apr 29 07:28:14.066946 2025] [core:notice] [pid 4484:tid 296] AH00094: Command line: 'C:\\Apache24\\bin\\httpd.exe -d C:/Apache24'
[Tue Apr 29 07:28:14.070968 2025] [mpm_winnt:notice] [pid 4484:tid 296] AH00418: Parent: Created child process 9788
[Tue Apr 29 07:28:15.225241 2025] [mpm_winnt:notice] [pid 9788:tid 408] AH00354: Child: Starting 64 worker threads.
[Tue Apr 29 13:17:50.101292 2025] [core:warn] [pid 4196:tid 296] AH00098: pid file C:/Apache24/logs/httpd.pid overwritten -- Unclean shutdown of previous Apache run?
[Tue Apr 29 13:17:50.104926 2025] [mpm_winnt:notice] [pid 4196:tid 296] AH00455: Apache/2.4.63 (Win64) configured -- resuming normal operations
[Tue Apr 29 13:17:50.104926 2025] [mpm_winnt:notice] [pid 4196:tid 296] AH00456: Apache Lounge VS17 Server built: Feb  3 2025 10:10:51
[Tue Apr 29 13:17:50.104926 2025] [core:notice] [pid 4196:tid 296] AH00094: Command line: 'C:\\Apache24\\bin\\httpd.exe -d C:/Apache24'
[Tue Apr 29 13:17:50.106970 2025] [mpm_winnt:notice] [pid 4196:tid 296] AH00418: Parent: Created child process 7412
[Tue Apr 29 13:17:50.348286 2025] [mpm_winnt:notice] [pid 7412:tid 384] AH00354: Child: Starting 64 worker threads.
[Tue Apr 29 13:22:58.233451 2025] [core:warn] [pid 4200:tid 352] AH00098: pid file C:/Apache24/logs/httpd.pid overwritten -- Unclean shutdown of previous Apache run?
[Tue Apr 29 13:22:58.233451 2025] [mpm_winnt:notice] [pid 4200:tid 352] AH00455: Apache/2.4.63 (Win64) configured -- resuming normal operations
[Tue Apr 29 13:22:58.233451 2025] [mpm_winnt:notice] [pid 4200:tid 352] AH00456: Apache Lounge VS17 Server built: Feb  3 2025 10:10:51
[Tue Apr 29 13:22:58.233451 2025] [core:notice] [pid 4200:tid 352] AH00094: Command line: 'C:\\Apache24\\bin\\httpd.exe -d C:/Apache24'
[Tue Apr 29 13:22:58.233451 2025] [mpm_winnt:notice] [pid 4200:tid 352] AH00418: Parent: Created child process 7260
[Tue Apr 29 13:22:58.593546 2025] [mpm_winnt:notice] [pid 7260:tid 376] AH00354: Child: Starting 64 worker threads.
[Tue Apr 29 15:48:48.166462 2025] [core:warn] [pid 4200:tid 340] AH00098: pid file C:/Apache24/logs/httpd.pid overwritten -- Unclean shutdown of previous Apache run?
[Tue Apr 29 15:48:48.166462 2025] [mpm_winnt:notice] [pid 4200:tid 340] AH00455: Apache/2.4.63 (Win64) configured -- resuming normal operations
[Tue Apr 29 15:48:48.166462 2025] [mpm_winnt:notice] [pid 4200:tid 340] AH00456: Apache Lounge VS17 Server built: Feb  3 2025 10:10:51
[Tue Apr 29 15:48:48.166462 2025] [core:notice] [pid 4200:tid 340] AH00094: Command line: 'C:\\Apache24\\bin\\httpd.exe -d C:/Apache24'
[Tue Apr 29 15:48:48.166462 2025] [mpm_winnt:notice] [pid 4200:tid 340] AH00418: Parent: Created child process 7324
[Tue Apr 29 15:48:48.427785 2025] [mpm_winnt:notice] [pid 7324:tid 360] AH00354: Child: Starting 64 worker threads.
[Tue Apr 29 18:26:33.772598 2025] [core:warn] [pid 4492:tid 376] AH00098: pid file C:/Apache24/logs/httpd.pid overwritten -- Unclean shutdown of previous Apache run?
[Tue Apr 29 18:26:33.772598 2025] [mpm_winnt:notice] [pid 4492:tid 376] AH00455: Apache/2.4.63 (Win64) configured -- resuming normal operations
[Tue Apr 29 18:26:33.772598 2025] [mpm_winnt:notice] [pid 4492:tid 376] AH00456: Apache Lounge VS17 Server built: Feb  3 2025 10:10:51
[Tue Apr 29 18:26:33.772598 2025] [core:notice] [pid 4492:tid 376] AH00094: Command line: 'C:\\Apache24\\bin\\httpd.exe -d C:/Apache24'
[Tue Apr 29 18:26:33.781041 2025] [mpm_winnt:notice] [pid 4492:tid 376] AH00418: Parent: Created child process 7272
[Tue Apr 29 18:26:34.652724 2025] [mpm_winnt:notice] [pid 7272:tid 344] AH00354: Child: Starting 64 worker threads.
[Tue Apr 29 22:23:16.206775 2025] [core:warn] [pid 4740:tid 336] AH00098: pid file C:/Apache24/logs/httpd.pid overwritten -- Unclean shutdown of previous Apache run?
[Tue Apr 29 22:23:16.210118 2025] [mpm_winnt:notice] [pid 4740:tid 336] AH00455: Apache/2.4.63 (Win64) configured -- resuming normal operations
[Tue Apr 29 22:23:16.210118 2025] [mpm_winnt:notice] [pid 4740:tid 336] AH00456: Apache Lounge VS17 Server built: Feb  3 2025 10:10:51
[Tue Apr 29 22:23:16.210118 2025] [core:notice] [pid 4740:tid 336] AH00094: Command line: 'C:\\Apache24\\bin\\httpd.exe -d C:/Apache24'
[Tue Apr 29 22:23:16.210118 2025] [mpm_winnt:notice] [pid 4740:tid 336] AH00418: Parent: Created child process 8776
[Tue Apr 29 22:23:16.474426 2025] [mpm_winnt:notice] [pid 8776:tid 352] AH00354: Child: Starting 64 worker threads.
[Tue Apr 29 22:24:40.784896 2025] [mpm_winnt:notice] [pid 4740:tid 336] AH00422: Parent: Received shutdown signal -- Shutting down the server.
[Tue Apr 29 22:24:42.806947 2025] [mpm_winnt:notice] [pid 8776:tid 352] AH00364: Child: All worker threads have exited.
[Tue Apr 29 22:24:42.823067 2025] [mpm_winnt:notice] [pid 4740:tid 336] AH00430: Parent: Child process 8776 exited successfully.
[Tue Apr 29 23:51:15.275047 2025] [mpm_winnt:notice] [pid 4544:tid 328] AH00455: Apache/2.4.63 (Win64) configured -- resuming normal operations
[Tue Apr 29 23:51:15.275047 2025] [mpm_winnt:notice] [pid 4544:tid 328] AH00456: Apache Lounge VS17 Server built: Feb  3 2025 10:10:51
[Tue Apr 29 23:51:15.275047 2025] [core:notice] [pid 4544:tid 328] AH00094: Command line: 'C:\\Apache24\\bin\\httpd.exe -d C:/Apache24'
[Tue Apr 29 23:51:15.275047 2025] [mpm_winnt:notice] [pid 4544:tid 328] AH00418: Parent: Created child process 9508
[Tue Apr 29 23:51:16.161765 2025] [mpm_winnt:notice] [pid 9508:tid 376] AH00354: Child: Starting 64 worker threads.
[Tue Apr 29 23:56:13.530358 2025] [mpm_winnt:notice] [pid 4544:tid 328] AH00422: Parent: Received shutdown signal -- Shutting down the server.
[Tue Apr 29 23:56:15.548840 2025] [mpm_winnt:notice] [pid 9508:tid 376] AH00364: Child: All worker threads have exited.
[Tue Apr 29 23:56:15.564591 2025] [mpm_winnt:notice] [pid 4544:tid 328] AH00430: Parent: Child process 9508 exited successfully.
[Wed Apr 30 00:17:04.276084 2025] [mpm_winnt:notice] [pid 4908:tid 196] AH00455: Apache/2.4.63 (Win64) configured -- resuming normal operations
[Wed Apr 30 00:17:04.276084 2025] [mpm_winnt:notice] [pid 4908:tid 196] AH00456: Apache Lounge VS17 Server built: Feb  3 2025 10:10:51
[Wed Apr 30 00:17:04.276084 2025] [core:notice] [pid 4908:tid 196] AH00094: Command line: 'C:\\Apache24\\bin\\httpd.exe -d C:/Apache24'
[Wed Apr 30 00:17:04.276084 2025] [mpm_winnt:notice] [pid 4908:tid 196] AH00418: Parent: Created child process 9076
[Wed Apr 30 00:17:04.537783 2025] [mpm_winnt:notice] [pid 9076:tid 344] AH00354: Child: Starting 64 worker threads.
[Wed Apr 30 03:22:57.376000 2025] [core:warn] [pid 4512:tid 332] AH00098: pid file C:/Apache24/logs/httpd.pid overwritten -- Unclean shutdown of previous Apache run?
[Wed Apr 30 03:22:57.376000 2025] [mpm_winnt:notice] [pid 4512:tid 332] AH00455: Apache/2.4.63 (Win64) configured -- resuming normal operations
[Wed Apr 30 03:22:57.376000 2025] [mpm_winnt:notice] [pid 4512:tid 332] AH00456: Apache Lounge VS17 Server built: Feb  3 2025 10:10:51
[Wed Apr 30 03:22:57.376000 2025] [core:notice] [pid 4512:tid 332] AH00094: Command line: 'C:\\Apache24\\bin\\httpd.exe -d C:/Apache24'
[Wed Apr 30 03:22:57.376000 2025] [mpm_winnt:notice] [pid 4512:tid 332] AH00418: Parent: Created child process 9548
[Wed Apr 30 03:22:58.268252 2025] [mpm_winnt:notice] [pid 9548:tid 348] AH00354: Child: Starting 64 worker threads.
[Wed Apr 30 04:41:41.239032 2025] [core:warn] [pid 4452:tid 344] AH00098: pid file C:/Apache24/logs/httpd.pid overwritten -- Unclean shutdown of previous Apache run?
[Wed Apr 30 04:41:41.244568 2025] [mpm_winnt:notice] [pid 4452:tid 344] AH00455: Apache/2.4.63 (Win64) configured -- resuming normal operations
[Wed Apr 30 04:41:41.244568 2025] [mpm_winnt:notice] [pid 4452:tid 344] AH00456: Apache Lounge VS17 Server built: Feb  3 2025 10:10:51
[Wed Apr 30 04:41:41.244568 2025] [core:notice] [pid 4452:tid 344] AH00094: Command line: 'C:\\Apache24\\bin\\httpd.exe -d C:/Apache24'
[Wed Apr 30 04:41:41.250130 2025] [mpm_winnt:notice] [pid 4452:tid 344] AH00418: Parent: Created child process 9628
[Wed Apr 30 04:41:42.119057 2025] [mpm_winnt:notice] [pid 9628:tid 332] AH00354: Child: Starting 64 worker threads.
[Wed Apr 30 06:00:42.909715 2025] [core:warn] [pid 4424:tid 332] AH00098: pid file C:/Apache24/logs/httpd.pid overwritten -- Unclean shutdown of previous Apache run?
[Wed Apr 30 06:00:42.912224 2025] [mpm_winnt:notice] [pid 4424:tid 332] AH00455: Apache/2.4.63 (Win64) configured -- resuming normal operations
[Wed Apr 30 06:00:42.912224 2025] [mpm_winnt:notice] [pid 4424:tid 332] AH00456: Apache Lounge VS17 Server built: Feb  3 2025 10:10:51
[Wed Apr 30 06:00:42.912224 2025] [core:notice] [pid 4424:tid 332] AH00094: Command line: 'C:\\Apache24\\bin\\httpd.exe -d C:/Apache24'
[Wed Apr 30 06:00:42.914252 2025] [mpm_winnt:notice] [pid 4424:tid 332] AH00418: Parent: Created child process 8852
[Wed Apr 30 06:00:43.498685 2025] [mpm_winnt:notice] [pid 8852:tid 368] AH00354: Child: Starting 64 worker threads.
[Wed Apr 30 15:18:36.727780 2025] [core:warn] [pid 4608:tid 328] AH00098: pid file C:/Apache24/logs/httpd.pid overwritten -- Unclean shutdown of previous Apache run?
[Wed Apr 30 15:18:36.727780 2025] [mpm_winnt:notice] [pid 4608:tid 328] AH00455: Apache/2.4.63 (Win64) configured -- resuming normal operations
[Wed Apr 30 15:18:36.727780 2025] [mpm_winnt:notice] [pid 4608:tid 328] AH00456: Apache Lounge VS17 Server built: Feb  3 2025 10:10:51
[Wed Apr 30 15:18:36.727780 2025] [core:notice] [pid 4608:tid 328] AH00094: Command line: 'C:\\Apache24\\bin\\httpd.exe -d C:/Apache24'
[Wed Apr 30 15:18:36.735011 2025] [mpm_winnt:notice] [pid 4608:tid 328] AH00418: Parent: Created child process 7816
[Wed Apr 30 15:18:36.990262 2025] [mpm_winnt:notice] [pid 7816:tid 368] AH00354: Child: Starting 64 worker threads.
[Wed Apr 30 20:19:58.369561 2025] [mpm_winnt:notice] [pid 4608:tid 328] AH00422: Parent: Received shutdown signal -- Shutting down the server.
[Wed Apr 30 20:20:00.387082 2025] [mpm_winnt:notice] [pid 7816:tid 368] AH00364: Child: All worker threads have exited.
[Wed Apr 30 20:20:00.404828 2025] [mpm_winnt:notice] [pid 4608:tid 328] AH00430: Parent: Child process 7816 exited successfully.
[Wed Apr 30 23:40:54.429192 2025] [mpm_winnt:notice] [pid 4524:tid 228] AH00455: Apache/2.4.63 (Win64) configured -- resuming normal operations
[Wed Apr 30 23:40:54.429192 2025] [mpm_winnt:notice] [pid 4524:tid 228] AH00456: Apache Lounge VS17 Server built: Feb  3 2025 10:10:51
[Wed Apr 30 23:40:54.429192 2025] [core:notice] [pid 4524:tid 228] AH00094: Command line: 'C:\\Apache24\\bin\\httpd.exe -d C:/Apache24'
[Wed Apr 30 23:40:54.429192 2025] [mpm_winnt:notice] [pid 4524:tid 228] AH00418: Parent: Created child process 9580
[Wed Apr 30 23:40:55.291812 2025] [mpm_winnt:notice] [pid 9580:tid 392] AH00354: Child: Starting 64 worker threads.
[Thu May 01 00:35:38.631640 2025] [mpm_winnt:notice] [pid 4524:tid 228] AH00422: Parent: Received shutdown signal -- Shutting down the server.
[Thu May 01 00:35:40.667870 2025] [mpm_winnt:notice] [pid 9580:tid 392] AH00364: Child: All worker threads have exited.
[Thu May 01 00:35:40.685624 2025] [mpm_winnt:notice] [pid 4524:tid 228] AH00430: Parent: Child process 9580 exited successfully.
[Thu May 01 00:53:06.086679 2025] [mpm_winnt:notice] [pid 4372:tid 332] AH00455: Apache/2.4.63 (Win64) configured -- resuming normal operations
[Thu May 01 00:53:06.086679 2025] [mpm_winnt:notice] [pid 4372:tid 332] AH00456: Apache Lounge VS17 Server built: Feb  3 2025 10:10:51
[Thu May 01 00:53:06.086679 2025] [core:notice] [pid 4372:tid 332] AH00094: Command line: 'C:\\Apache24\\bin\\httpd.exe -d C:/Apache24'
[Thu May 01 00:53:06.089187 2025] [mpm_winnt:notice] [pid 4372:tid 332] AH00418: Parent: Created child process 8488
[Thu May 01 00:53:06.870200 2025] [mpm_winnt:notice] [pid 8488:tid 368] AH00354: Child: Starting 64 worker threads.
[Thu May 01 00:58:14.250858 2025] [core:warn] [pid 4288:tid 344] AH00098: pid file C:/Apache24/logs/httpd.pid overwritten -- Unclean shutdown of previous Apache run?
[Thu May 01 00:58:14.252860 2025] [mpm_winnt:notice] [pid 4288:tid 344] AH00455: Apache/2.4.63 (Win64) configured -- resuming normal operations
[Thu May 01 00:58:14.252860 2025] [mpm_winnt:notice] [pid 4288:tid 344] AH00456: Apache Lounge VS17 Server built: Feb  3 2025 10:10:51
[Thu May 01 00:58:14.252860 2025] [core:notice] [pid 4288:tid 344] AH00094: Command line: 'C:\\Apache24\\bin\\httpd.exe -d C:/Apache24'
[Thu May 01 00:58:14.254865 2025] [mpm_winnt:notice] [pid 4288:tid 344] AH00418: Parent: Created child process 7668
[Thu May 01 00:58:14.506753 2025] [mpm_winnt:notice] [pid 7668:tid 348] AH00354: Child: Starting 64 worker threads.
[Thu May 01 01:56:15.415148 2025] [core:warn] [pid 4100:tid 352] AH00098: pid file C:/Apache24/logs/httpd.pid overwritten -- Unclean shutdown of previous Apache run?
[Thu May 01 01:56:15.415148 2025] [mpm_winnt:notice] [pid 4100:tid 352] AH00455: Apache/2.4.63 (Win64) configured -- resuming normal operations
[Thu May 01 01:56:15.415148 2025] [mpm_winnt:notice] [pid 4100:tid 352] AH00456: Apache Lounge VS17 Server built: Feb  3 2025 10:10:51
[Thu May 01 01:56:15.415148 2025] [core:notice] [pid 4100:tid 352] AH00094: Command line: 'C:\\Apache24\\bin\\httpd.exe -d C:/Apache24'
[Thu May 01 01:56:15.415148 2025] [mpm_winnt:notice] [pid 4100:tid 352] AH00418: Parent: Created child process 7360
[Thu May 01 01:56:15.662285 2025] [mpm_winnt:notice] [pid 7360:tid 344] AH00354: Child: Starting 64 worker threads.
[Thu May 01 02:53:35.212286 2025] [mpm_winnt:notice] [pid 4100:tid 352] AH00422: Parent: Received shutdown signal -- Shutting down the server.
[Thu May 01 02:53:37.235901 2025] [mpm_winnt:notice] [pid 7360:tid 344] AH00364: Child: All worker threads have exited.
[Thu May 01 02:53:37.251797 2025] [mpm_winnt:notice] [pid 4100:tid 352] AH00430: Parent: Child process 7360 exited successfully.
[Thu May 01 04:05:03.341607 2025] [mpm_winnt:notice] [pid 4552:tid 164] AH00455: Apache/2.4.63 (Win64) configured -- resuming normal operations
[Thu May 01 04:05:03.343613 2025] [mpm_winnt:notice] [pid 4552:tid 164] AH00456: Apache Lounge VS17 Server built: Feb  3 2025 10:10:51
[Thu May 01 04:05:03.343613 2025] [core:notice] [pid 4552:tid 164] AH00094: Command line: 'C:\\Apache24\\bin\\httpd.exe -d C:/Apache24'
[Thu May 01 04:05:03.343613 2025] [mpm_winnt:notice] [pid 4552:tid 164] AH00418: Parent: Created child process 9492
[Thu May 01 04:05:03.877778 2025] [mpm_winnt:notice] [pid 9492:tid 344] AH00354: Child: Starting 64 worker threads.
[Thu May 01 11:23:00.170327 2025] [core:warn] [pid 4136:tid 332] AH00098: pid file C:/Apache24/logs/httpd.pid overwritten -- Unclean shutdown of previous Apache run?
[Thu May 01 11:23:00.172336 2025] [mpm_winnt:notice] [pid 4136:tid 332] AH00455: Apache/2.4.63 (Win64) configured -- resuming normal operations
[Thu May 01 11:23:00.172336 2025] [mpm_winnt:notice] [pid 4136:tid 332] AH00456: Apache Lounge VS17 Server built: Feb  3 2025 10:10:51
[Thu May 01 11:23:00.172336 2025] [core:notice] [pid 4136:tid 332] AH00094: Command line: 'C:\\Apache24\\bin\\httpd.exe -d C:/Apache24'
[Thu May 01 11:23:00.178193 2025] [mpm_winnt:notice] [pid 4136:tid 332] AH00418: Parent: Created child process 9924
[Thu May 01 11:23:00.856914 2025] [mpm_winnt:notice] [pid 9924:tid 192] AH00354: Child: Starting 64 worker threads.
[Thu May 01 12:14:34.088037 2025] [mpm_winnt:notice] [pid 4136:tid 332] AH00422: Parent: Received shutdown signal -- Shutting down the server.
[Thu May 01 12:14:36.116601 2025] [mpm_winnt:notice] [pid 9924:tid 192] AH00364: Child: All worker threads have exited.
[Thu May 01 12:14:36.132918 2025] [mpm_winnt:notice] [pid 4136:tid 332] AH00430: Parent: Child process 9924 exited successfully.
[Thu May 01 15:05:14.532675 2025] [mpm_winnt:notice] [pid 4268:tid 344] AH00455: Apache/2.4.63 (Win64) configured -- resuming normal operations
[Thu May 01 15:05:14.532675 2025] [mpm_winnt:notice] [pid 4268:tid 344] AH00456: Apache Lounge VS17 Server built: Feb  3 2025 10:10:51
[Thu May 01 15:05:14.532675 2025] [core:notice] [pid 4268:tid 344] AH00094: Command line: 'C:\\Apache24\\bin\\httpd.exe -d C:/Apache24'
[Thu May 01 15:05:14.536434 2025] [mpm_winnt:notice] [pid 4268:tid 344] AH00418: Parent: Created child process 1192
[Thu May 01 15:05:15.630843 2025] [mpm_winnt:notice] [pid 1192:tid 188] AH00354: Child: Starting 64 worker threads.
[Thu May 01 15:35:59.225667 2025] [mpm_winnt:notice] [pid 4268:tid 344] AH00422: Parent: Received shutdown signal -- Shutting down the server.
[Thu May 01 15:36:01.241663 2025] [mpm_winnt:notice] [pid 1192:tid 188] AH00364: Child: All worker threads have exited.
[Thu May 01 15:36:01.263017 2025] [mpm_winnt:notice] [pid 4268:tid 344] AH00430: Parent: Child process 1192 exited successfully.
[Thu May 01 15:36:05.620348 2025] [mpm_winnt:notice] [pid 5772:tid 328] AH00455: Apache/2.4.63 (Win64) configured -- resuming normal operations
[Thu May 01 15:36:05.621353 2025] [mpm_winnt:notice] [pid 5772:tid 328] AH00456: Apache Lounge VS17 Server built: Feb  3 2025 10:10:51
[Thu May 01 15:36:05.621353 2025] [core:notice] [pid 5772:tid 328] AH00094: Command line: 'C:\\Apache24\\bin\\httpd.exe -d C:/Apache24'
[Thu May 01 15:36:05.624362 2025] [mpm_winnt:notice] [pid 5772:tid 328] AH00418: Parent: Created child process 12000
[Thu May 01 15:36:05.854974 2025] [mpm_winnt:notice] [pid 12000:tid 344] AH00354: Child: Starting 64 worker threads.
[Thu May 01 15:38:24.383962 2025] [cgi:error] [pid 12000:tid 968] [client ::1:50955] AH01215: stderr from C:/Apache24/cgi-bin/search_hotels.py: Traceback (most recent call last):, referer: http://localhost/static/Design3.1.html
[Thu May 01 15:38:24.383962 2025] [cgi:error] [pid 12000:tid 968] [client ::1:50955] AH01215: stderr from C:/Apache24/cgi-bin/search_hotels.py:   File "C:\\Apache24\\cgi-bin\\search_hotels.py", line 157, in <module>, referer: http://localhost/static/Design3.1.html
[Thu May 01 15:38:24.383962 2025] [cgi:error] [pid 12000:tid 968] [client ::1:50955] AH01215: stderr from C:/Apache24/cgi-bin/search_hotels.py:     main(), referer: http://localhost/static/Design3.1.html
[Thu May 01 15:38:24.383962 2025] [cgi:error] [pid 12000:tid 968] [client ::1:50955] AH01215: stderr from C:/Apache24/cgi-bin/search_hotels.py:   File "C:\\Apache24\\cgi-bin\\search_hotels.py", line 44, in main, referer: http://localhost/static/Design3.1.html
[Thu May 01 15:38:24.383962 2025] [cgi:error] [pid 12000:tid 968] [client ::1:50955] AH01215: stderr from C:/Apache24/cgi-bin/search_hotels.py:     guests = int(form.get('guests', 0)), referer: http://localhost/static/Design3.1.html
[Thu May 01 15:38:24.383962 2025] [cgi:error] [pid 12000:tid 968] [client ::1:50955] AH01215: stderr from C:/Apache24/cgi-bin/search_hotels.py:              ^^^^^^^^^^^^^^^^^^^^^^^^^^, referer: http://localhost/static/Design3.1.html
[Thu May 01 15:38:24.383962 2025] [cgi:error] [pid 12000:tid 968] [client ::1:50955] AH01215: stderr from C:/Apache24/cgi-bin/search_hotels.py: ValueError: invalid literal for int() with base 10: '', referer: http://localhost/static/Design3.1.html
[Thu May 01 15:38:30.706798 2025] [cgi:error] [pid 12000:tid 960] [client ::1:50962] AH01215: stderr from C:/Apache24/cgi-bin/search_hotels.py: Traceback (most recent call last):, referer: http://localhost/static/Design3.1.html
[Thu May 01 15:38:30.706798 2025] [cgi:error] [pid 12000:tid 960] [client ::1:50962] AH01215: stderr from C:/Apache24/cgi-bin/search_hotels.py:   File "C:\\Apache24\\cgi-bin\\search_hotels.py", line 157, in <module>, referer: http://localhost/static/Design3.1.html
[Thu May 01 15:38:30.706798 2025] [cgi:error] [pid 12000:tid 960] [client ::1:50962] AH01215: stderr from C:/Apache24/cgi-bin/search_hotels.py:     main(), referer: http://localhost/static/Design3.1.html
[Thu May 01 15:38:30.706798 2025] [cgi:error] [pid 12000:tid 960] [client ::1:50962] AH01215: stderr from C:/Apache24/cgi-bin/search_hotels.py:   File "C:\\Apache24\\cgi-bin\\search_hotels.py", line 44, in main, referer: http://localhost/static/Design3.1.html
[Thu May 01 15:38:30.706798 2025] [cgi:error] [pid 12000:tid 960] [client ::1:50962] AH01215: stderr from C:/Apache24/cgi-bin/search_hotels.py:     guests = int(form.get('guests', 0)), referer: http://localhost/static/Design3.1.html
[Thu May 01 15:38:30.707304 2025] [cgi:error] [pid 12000:tid 960] [client ::1:50962] AH01215: stderr from C:/Apache24/cgi-bin/search_hotels.py:              ^^^^^^^^^^^^^^^^^^^^^^^^^^, referer: http://localhost/static/Design3.1.html
[Thu May 01 15:38:30.707304 2025] [cgi:error] [pid 12000:tid 960] [client ::1:50962] AH01215: stderr from C:/Apache24/cgi-bin/search_hotels.py: ValueError: invalid literal for int() with base 10: '', referer: http://localhost/static/Design3.1.html
[Thu May 01 15:38:36.968688 2025] [cgi:error] [pid 12000:tid 968] [client ::1:50965] AH01215: stderr from C:/Apache24/cgi-bin/search_hotels.py: Traceback (most recent call last):, referer: http://localhost/static/Design3.1.html
[Thu May 01 15:38:36.968688 2025] [cgi:error] [pid 12000:tid 968] [client ::1:50965] AH01215: stderr from C:/Apache24/cgi-bin/search_hotels.py:   File "C:\\Apache24\\cgi-bin\\search_hotels.py", line 157, in <module>, referer: http://localhost/static/Design3.1.html
[Thu May 01 15:38:36.968688 2025] [cgi:error] [pid 12000:tid 968] [client ::1:50965] AH01215: stderr from C:/Apache24/cgi-bin/search_hotels.py:     main(), referer: http://localhost/static/Design3.1.html
[Thu May 01 15:38:36.968688 2025] [cgi:error] [pid 12000:tid 968] [client ::1:50965] AH01215: stderr from C:/Apache24/cgi-bin/search_hotels.py:   File "C:\\Apache24\\cgi-bin\\search_hotels.py", line 44, in main, referer: http://localhost/static/Design3.1.html
[Thu May 01 15:38:36.968688 2025] [cgi:error] [pid 12000:tid 968] [client ::1:50965] AH01215: stderr from C:/Apache24/cgi-bin/search_hotels.py:     guests = int(form.get('guests', 0)), referer: http://localhost/static/Design3.1.html
[Thu May 01 15:38:36.968688 2025] [cgi:error] [pid 12000:tid 968] [client ::1:50965] AH01215: stderr from C:/Apache24/cgi-bin/search_hotels.py:              ^^^^^^^^^^^^^^^^^^^^^^^^^^, referer: http://localhost/static/Design3.1.html
[Thu May 01 15:38:36.968688 2025] [cgi:error] [pid 12000:tid 968] [client ::1:50965] AH01215: stderr from C:/Apache24/cgi-bin/search_hotels.py: ValueError: invalid literal for int() with base 10: '', referer: http://localhost/static/Design3.1.html
[Thu May 01 15:38:52.045023 2025] [cgi:error] [pid 12000:tid 968] [client ::1:50971] AH01215: stderr from C:/Apache24/cgi-bin/register.py: Traceback (most recent call last):, referer: http://localhost/cgi-bin/register.py
[Thu May 01 15:38:52.045023 2025] [cgi:error] [pid 12000:tid 968] [client ::1:50971] AH01215: stderr from C:/Apache24/cgi-bin/register.py:   File "C:\\Apache24\\cgi-bin\\register.py", line 88, in <module>, referer: http://localhost/cgi-bin/register.py
[Thu May 01 15:38:52.045023 2025] [cgi:error] [pid 12000:tid 968] [client ::1:50971] AH01215: stderr from C:/Apache24/cgi-bin/register.py:     main(), referer: http://localhost/cgi-bin/register.py
[Thu May 01 15:38:52.045023 2025] [cgi:error] [pid 12000:tid 968] [client ::1:50971] AH01215: stderr from C:/Apache24/cgi-bin/register.py:   File "C:\\Apache24\\cgi-bin\\register.py", line 67, in main, referer: http://localhost/cgi-bin/register.py
[Thu May 01 15:38:52.045023 2025] [cgi:error] [pid 12000:tid 968] [client ::1:50971] AH01215: stderr from C:/Apache24/cgi-bin/register.py:     ''', (email, password, full_name, datetime.now().isoformat())), referer: http://localhost/cgi-bin/register.py
[Thu May 01 15:38:52.045023 2025] [cgi:error] [pid 12000:tid 968] [client ::1:50971] AH01215: stderr from C:/Apache24/cgi-bin/register.py:                                       ^^^^^^^^, referer: http://localhost/cgi-bin/register.py
[Thu May 01 15:38:52.045023 2025] [cgi:error] [pid 12000:tid 968] [client ::1:50971] AH01215: stderr from C:/Apache24/cgi-bin/register.py: NameError: name 'datetime' is not defined. Did you forget to import 'datetime'?, referer: http://localhost/cgi-bin/register.py
[Thu May 01 15:39:22.756964 2025] [cgi:error] [pid 12000:tid 968] [client ::1:50982] AH01215: stderr from C:/Apache24/cgi-bin/register.py: Traceback (most recent call last):, referer: http://localhost/cgi-bin/register.py
[Thu May 01 15:39:22.756964 2025] [cgi:error] [pid 12000:tid 968] [client ::1:50982] AH01215: stderr from C:/Apache24/cgi-bin/register.py:   File "C:\\Apache24\\cgi-bin\\register.py", line 88, in <module>, referer: http://localhost/cgi-bin/register.py
[Thu May 01 15:39:22.756964 2025] [cgi:error] [pid 12000:tid 968] [client ::1:50982] AH01215: stderr from C:/Apache24/cgi-bin/register.py:     main(), referer: http://localhost/cgi-bin/register.py
[Thu May 01 15:39:22.756964 2025] [cgi:error] [pid 12000:tid 968] [client ::1:50982] AH01215: stderr from C:/Apache24/cgi-bin/register.py:   File "C:\\Apache24\\cgi-bin\\register.py", line 67, in main, referer: http://localhost/cgi-bin/register.py
[Thu May 01 15:39:22.756964 2025] [cgi:error] [pid 12000:tid 968] [client ::1:50982] AH01215: stderr from C:/Apache24/cgi-bin/register.py:     ''', (email, password, full_name, datetime.now().isoformat())), referer: http://localhost/cgi-bin/register.py
[Thu May 01 15:39:22.756964 2025] [cgi:error] [pid 12000:tid 968] [client ::1:50982] AH01215: stderr from C:/Apache24/cgi-bin/register.py:                                       ^^^^^^^^, referer: http://localhost/cgi-bin/register.py
[Thu May 01 15:39:22.756964 2025] [cgi:error] [pid 12000:tid 968] [client ::1:50982] AH01215: stderr from C:/Apache24/cgi-bin/register.py: NameError: name 'datetime' is not defined. Did you forget to import 'datetime'?, referer: http://localhost/cgi-bin/register.py
[Thu May 01 16:08:36.480371 2025] [cgi:error] [pid 12000:tid 960] [client ::1:51812] AH02811: stderr from C:/Apache24/cgi-bin/get_profile.py: script not found or unable to stat, referer: http://localhost/static/Design3.1.html
[Thu May 01 21:27:54.787411 2025] [core:warn] [pid 4364:tid 328] AH00098: pid file C:/Apache24/logs/httpd.pid overwritten -- Unclean shutdown of previous Apache run?
[Thu May 01 21:27:54.790554 2025] [mpm_winnt:notice] [pid 4364:tid 328] AH00455: Apache/2.4.63 (Win64) configured -- resuming normal operations
[Thu May 01 21:27:54.790554 2025] [mpm_winnt:notice] [pid 4364:tid 328] AH00456: Apache Lounge VS17 Server built: Feb  3 2025 10:10:51
[Thu May 01 21:27:54.790554 2025] [core:notice] [pid 4364:tid 328] AH00094: Command line: 'C:\\Apache24\\bin\\httpd.exe -d C:/Apache24'
[Thu May 01 21:27:54.800640 2025] [mpm_winnt:notice] [pid 4364:tid 328] AH00418: Parent: Created child process 7676
[Thu May 01 21:27:55.050403 2025] [mpm_winnt:notice] [pid 7676:tid 404] AH00354: Child: Starting 64 worker threads.
[Thu May 01 22:19:53.413774 2025] [cgi:error] [pid 7676:tid 964] [client ::1:51558] AH02811: stderr from C:/Apache24/cgi-bin/get_profile.py: script not found or unable to stat, referer: http://localhost/static/Design3.1.html
[Thu May 01 22:47:23.775074 2025] [win32:error] [pid 7676:tid 964] [client ::1:52354] AH02102: C:/Apache24/cgi-bin/search_flights.py is not executable; ensure interpreted scripts have "#!" or "'!" first line, referer: http://localhost/static/Design3.1.html
[Thu May 01 22:47:23.775074 2025] [cgi:error] [pid 7676:tid 964] (9)Bad file descriptor: [client ::1:52354] AH01222: don't know how to spawn child process: C:/Apache24/cgi-bin/search_flights.py, referer: http://localhost/static/Design3.1.html
[Thu May 01 22:47:31.947814 2025] [win32:error] [pid 7676:tid 956] [client ::1:52358] AH02102: C:/Apache24/cgi-bin/search_flights.py is not executable; ensure interpreted scripts have "#!" or "'!" first line, referer: http://localhost/static/Design3.1.html
[Thu May 01 22:47:31.947814 2025] [cgi:error] [pid 7676:tid 956] (9)Bad file descriptor: [client ::1:52358] AH01222: don't know how to spawn child process: C:/Apache24/cgi-bin/search_flights.py, referer: http://localhost/static/Design3.1.html
[Thu May 01 22:47:34.548319 2025] [win32:error] [pid 7676:tid 956] [client ::1:52362] AH02102: C:/Apache24/cgi-bin/search_flights.py is not executable; ensure interpreted scripts have "#!" or "'!" first line, referer: http://localhost/static/Design3.1.html
[Thu May 01 22:47:34.548319 2025] [cgi:error] [pid 7676:tid 956] (9)Bad file descriptor: [client ::1:52362] AH01222: don't know how to spawn child process: C:/Apache24/cgi-bin/search_flights.py, referer: http://localhost/static/Design3.1.html
[Thu May 01 22:47:58.253141 2025] [win32:error] [pid 7676:tid 964] [client ::1:52363] AH02102: C:/Apache24/cgi-bin/search_flights.py is not executable; ensure interpreted scripts have "#!" or "'!" first line, referer: http://localhost/static/Design3.1.html
[Thu May 01 22:47:58.253141 2025] [cgi:error] [pid 7676:tid 964] (9)Bad file descriptor: [client ::1:52363] AH01222: don't know how to spawn child process: C:/Apache24/cgi-bin/search_flights.py, referer: http://localhost/static/Design3.1.html
[Thu May 01 22:50:53.467686 2025] [win32:error] [pid 7676:tid 956] [client ::1:52460] AH02102: C:/Apache24/cgi-bin/search_flights.py is not executable; ensure interpreted scripts have "#!" or "'!" first line, referer: http://localhost/static/Design3.1.html
[Thu May 01 22:50:53.467686 2025] [cgi:error] [pid 7676:tid 956] (9)Bad file descriptor: [client ::1:52460] AH01222: don't know how to spawn child process: C:/Apache24/cgi-bin/search_flights.py, referer: http://localhost/static/Design3.1.html
[Thu May 01 22:51:25.523513 2025] [win32:error] [pid 7676:tid 964] [client ::1:52466] AH02102: C:/Apache24/cgi-bin/search_flights.py is not executable; ensure interpreted scripts have "#!" or "'!" first line, referer: http://localhost/static/Design3.1.html
[Thu May 01 22:51:25.523513 2025] [cgi:error] [pid 7676:tid 964] (9)Bad file descriptor: [client ::1:52466] AH01222: don't know how to spawn child process: C:/Apache24/cgi-bin/search_flights.py, referer: http://localhost/static/Design3.1.html
[Fri May 02 03:21:40.587776 2025] [mpm_winnt:notice] [pid 4364:tid 328] AH00422: Parent: Received shutdown signal -- Shutting down the server.
[Fri May 02 03:21:42.607270 2025] [mpm_winnt:notice] [pid 7676:tid 404] AH00364: Child: All worker threads have exited.
[Fri May 02 03:21:42.623061 2025] [mpm_winnt:notice] [pid 4364:tid 328] AH00430: Parent: Child process 7676 exited successfully.
[Fri May 02 03:22:22.900409 2025] [mpm_winnt:notice] [pid 4696:tid 328] AH00455: Apache/2.4.63 (Win64) configured -- resuming normal operations
[Fri May 02 03:22:22.902420 2025] [mpm_winnt:notice] [pid 4696:tid 328] AH00456: Apache Lounge VS17 Server built: Feb  3 2025 10:10:51
[Fri May 02 03:22:22.902420 2025] [core:notice] [pid 4696:tid 328] AH00094: Command line: 'C:\\Apache24\\bin\\httpd.exe -d C:/Apache24'
[Fri May 02 03:22:22.904432 2025] [mpm_winnt:notice] [pid 4696:tid 328] AH00418: Parent: Created child process 10520
[Fri May 02 03:22:24.060821 2025] [mpm_winnt:notice] [pid 10520:tid 344] AH00354: Child: Starting 64 worker threads.
[Fri May 02 13:01:58.863046 2025] [core:warn] [pid 4404:tid 320] AH00098: pid file C:/Apache24/logs/httpd.pid overwritten -- Unclean shutdown of previous Apache run?
[Fri May 02 13:01:58.863046 2025] [mpm_winnt:notice] [pid 4404:tid 320] AH00455: Apache/2.4.63 (Win64) configured -- resuming normal operations
[Fri May 02 13:01:58.863046 2025] [mpm_winnt:notice] [pid 4404:tid 320] AH00456: Apache Lounge VS17 Server built: Feb  3 2025 10:10:51
[Fri May 02 13:01:58.863046 2025] [core:notice] [pid 4404:tid 320] AH00094: Command line: 'C:\\Apache24\\bin\\httpd.exe -d C:/Apache24'
[Fri May 02 13:01:58.867026 2025] [mpm_winnt:notice] [pid 4404:tid 320] AH00418: Parent: Created child process 7608
[Fri May 02 13:01:59.113094 2025] [mpm_winnt:notice] [pid 7608:tid 344] AH00354: Child: Starting 64 worker threads.
[Fri May 02 23:57:05.960233 2025] [cgi:error] [pid 7608:tid 964] [client ::1:50426] AH01215: stderr from C:/Apache24/cgi-bin/search_flights.py: Traceback (most recent call last):, referer: http://localhost/static/Design3.1.html
[Fri May 02 23:57:05.962434 2025] [cgi:error] [pid 7608:tid 964] [client ::1:50426] AH01215: stderr from C:/Apache24/cgi-bin/search_flights.py:   File "C:\\Apache24\\cgi-bin\\search_flights.py", line 251, in <module>, referer: http://localhost/static/Design3.1.html
[Fri May 02 23:57:05.962434 2025] [cgi:error] [pid 7608:tid 964] [client ::1:50426] AH01215: stderr from C:/Apache24/cgi-bin/search_flights.py:     main(), referer: http://localhost/static/Design3.1.html
[Fri May 02 23:57:05.962434 2025] [cgi:error] [pid 7608:tid 964] [client ::1:50426] AH01215: stderr from C:/Apache24/cgi-bin/search_flights.py:   File "C:\\Apache24\\cgi-bin\\search_flights.py", line 187, in main, referer: http://localhost/static/Design3.1.html
[Fri May 02 23:57:05.962434 2025] [cgi:error] [pid 7608:tid 964] [client ::1:50426] AH01215: stderr from C:/Apache24/cgi-bin/search_flights.py:     log_search_request(request_data), referer: http://localhost/static/Design3.1.html
[Fri May 02 23:57:05.962434 2025] [cgi:error] [pid 7608:tid 964] [client ::1:50426] AH01215: stderr from C:/Apache24/cgi-bin/search_flights.py:   File "C:\\Apache24\\cgi-bin\\search_flights.py", line 46, in log_search_request, referer: http://localhost/static/Design3.1.html
[Fri May 02 23:57:05.962434 2025] [cgi:error] [pid 7608:tid 964] [client ::1:50426] AH01215: stderr from C:/Apache24/cgi-bin/search_flights.py:     cursor.execute(''', referer: http://localhost/static/Design3.1.html
[Fri May 02 23:57:05.962434 2025] [cgi:error] [pid 7608:tid 964] [client ::1:50426] AH01215: stderr from C:/Apache24/cgi-bin/search_flights.py: sqlite3.OperationalError: database is locked, referer: http://localhost/static/Design3.1.html
[Fri May 02 23:57:24.357939 2025] [cgi:error] [pid 7608:tid 964] [client ::1:50440] AH01215: stderr from C:/Apache24/cgi-bin/search_flights.py: Traceback (most recent call last):, referer: http://localhost/static/Design3.1.html
[Fri May 02 23:57:24.357939 2025] [cgi:error] [pid 7608:tid 964] [client ::1:50440] AH01215: stderr from C:/Apache24/cgi-bin/search_flights.py:   File "C:\\Apache24\\cgi-bin\\search_flights.py", line 251, in <module>, referer: http://localhost/static/Design3.1.html
[Fri May 02 23:57:24.357939 2025] [cgi:error] [pid 7608:tid 964] [client ::1:50440] AH01215: stderr from C:/Apache24/cgi-bin/search_flights.py:     main(), referer: http://localhost/static/Design3.1.html
[Fri May 02 23:57:24.357939 2025] [cgi:error] [pid 7608:tid 964] [client ::1:50440] AH01215: stderr from C:/Apache24/cgi-bin/search_flights.py:   File "C:\\Apache24\\cgi-bin\\search_flights.py", line 187, in main, referer: http://localhost/static/Design3.1.html
[Fri May 02 23:57:24.357939 2025] [cgi:error] [pid 7608:tid 964] [client ::1:50440] AH01215: stderr from C:/Apache24/cgi-bin/search_flights.py:     log_search_request(request_data), referer: http://localhost/static/Design3.1.html
[Fri May 02 23:57:24.357939 2025] [cgi:error] [pid 7608:tid 964] [client ::1:50440] AH01215: stderr from C:/Apache24/cgi-bin/search_flights.py:   File "C:\\Apache24\\cgi-bin\\search_flights.py", line 46, in log_search_request, referer: http://localhost/static/Design3.1.html
[Fri May 02 23:57:24.357939 2025] [cgi:error] [pid 7608:tid 964] [client ::1:50440] AH01215: stderr from C:/Apache24/cgi-bin/search_flights.py:     cursor.execute(''', referer: http://localhost/static/Design3.1.html
[Fri May 02 23:57:24.357939 2025] [cgi:error] [pid 7608:tid 964] [client ::1:50440] AH01215: stderr from C:/Apache24/cgi-bin/search_flights.py: sqlite3.OperationalError: database is locked, referer: http://localhost/static/Design3.1.html
[Fri May 02 23:57:34.899027 2025] [cgi:error] [pid 7608:tid 964] [client ::1:50444] AH01215: stderr from C:/Apache24/cgi-bin/search_flights.py: Traceback (most recent call last):, referer: http://localhost/static/Design3.1.html
[Fri May 02 23:57:34.899027 2025] [cgi:error] [pid 7608:tid 964] [client ::1:50444] AH01215: stderr from C:/Apache24/cgi-bin/search_flights.py:   File "C:\\Apache24\\cgi-bin\\search_flights.py", line 251, in <module>, referer: http://localhost/static/Design3.1.html
[Fri May 02 23:57:34.899027 2025] [cgi:error] [pid 7608:tid 964] [client ::1:50444] AH01215: stderr from C:/Apache24/cgi-bin/search_flights.py:     main(), referer: http://localhost/static/Design3.1.html
[Fri May 02 23:57:34.899027 2025] [cgi:error] [pid 7608:tid 964] [client ::1:50444] AH01215: stderr from C:/Apache24/cgi-bin/search_flights.py:   File "C:\\Apache24\\cgi-bin\\search_flights.py", line 187, in main, referer: http://localhost/static/Design3.1.html
[Fri May 02 23:57:34.899027 2025] [cgi:error] [pid 7608:tid 964] [client ::1:50444] AH01215: stderr from C:/Apache24/cgi-bin/search_flights.py:     log_search_request(request_data), referer: http://localhost/static/Design3.1.html
[Fri May 02 23:57:34.899027 2025] [cgi:error] [pid 7608:tid 964] [client ::1:50444] AH01215: stderr from C:/Apache24/cgi-bin/search_flights.py:   File "C:\\Apache24\\cgi-bin\\search_flights.py", line 46, in log_search_request, referer: http://localhost/static/Design3.1.html
[Fri May 02 23:57:34.899027 2025] [cgi:error] [pid 7608:tid 964] [client ::1:50444] AH01215: stderr from C:/Apache24/cgi-bin/search_flights.py:     cursor.execute(''', referer: http://localhost/static/Design3.1.html
[Fri May 02 23:57:34.899027 2025] [cgi:error] [pid 7608:tid 964] [client ::1:50444] AH01215: stderr from C:/Apache24/cgi-bin/search_flights.py: sqlite3.OperationalError: database is locked, referer: http://localhost/static/Design3.1.html
[Fri May 02 23:58:11.260314 2025] [cgi:error] [pid 7608:tid 964] [client ::1:50459] AH01215: stderr from C:/Apache24/cgi-bin/search_flights.py: Traceback (most recent call last):, referer: http://localhost/static/Design3.1.html
[Fri May 02 23:58:11.260314 2025] [cgi:error] [pid 7608:tid 964] [client ::1:50459] AH01215: stderr from C:/Apache24/cgi-bin/search_flights.py:   File "C:\\Apache24\\cgi-bin\\search_flights.py", line 251, in <module>, referer: http://localhost/static/Design3.1.html
[Fri May 02 23:58:11.260314 2025] [cgi:error] [pid 7608:tid 964] [client ::1:50459] AH01215: stderr from C:/Apache24/cgi-bin/search_flights.py:     main(), referer: http://localhost/static/Design3.1.html
[Fri May 02 23:58:11.260314 2025] [cgi:error] [pid 7608:tid 964] [client ::1:50459] AH01215: stderr from C:/Apache24/cgi-bin/search_flights.py:   File "C:\\Apache24\\cgi-bin\\search_flights.py", line 187, in main, referer: http://localhost/static/Design3.1.html
[Fri May 02 23:58:11.260314 2025] [cgi:error] [pid 7608:tid 964] [client ::1:50459] AH01215: stderr from C:/Apache24/cgi-bin/search_flights.py:     log_search_request(request_data), referer: http://localhost/static/Design3.1.html
[Fri May 02 23:58:11.260314 2025] [cgi:error] [pid 7608:tid 964] [client ::1:50459] AH01215: stderr from C:/Apache24/cgi-bin/search_flights.py:   File "C:\\Apache24\\cgi-bin\\search_flights.py", line 46, in log_search_request, referer: http://localhost/static/Design3.1.html
[Fri May 02 23:58:11.260314 2025] [cgi:error] [pid 7608:tid 964] [client ::1:50459] AH01215: stderr from C:/Apache24/cgi-bin/search_flights.py:     cursor.execute(''', referer: http://localhost/static/Design3.1.html
[Fri May 02 23:58:11.260314 2025] [cgi:error] [pid 7608:tid 964] [client ::1:50459] AH01215: stderr from C:/Apache24/cgi-bin/search_flights.py: sqlite3.OperationalError: database is locked, referer: http://localhost/static/Design3.1.html
[Fri May 02 23:58:44.781180 2025] [cgi:error] [pid 7608:tid 964] [client ::1:50471] AH01215: stderr from C:/Apache24/cgi-bin/search_flights.py: Traceback (most recent call last):, referer: http://localhost/static/Design3.1.html
[Fri May 02 23:58:44.781180 2025] [cgi:error] [pid 7608:tid 964] [client ::1:50471] AH01215: stderr from C:/Apache24/cgi-bin/search_flights.py:   File "C:\\Apache24\\cgi-bin\\search_flights.py", line 251, in <module>, referer: http://localhost/static/Design3.1.html
[Fri May 02 23:58:44.781180 2025] [cgi:error] [pid 7608:tid 964] [client ::1:50471] AH01215: stderr from C:/Apache24/cgi-bin/search_flights.py:     main(), referer: http://localhost/static/Design3.1.html
[Fri May 02 23:58:44.787497 2025] [cgi:error] [pid 7608:tid 964] [client ::1:50471] AH01215: stderr from C:/Apache24/cgi-bin/search_flights.py:   File "C:\\Apache24\\cgi-bin\\search_flights.py", line 187, in main, referer: http://localhost/static/Design3.1.html
[Fri May 02 23:58:44.787497 2025] [cgi:error] [pid 7608:tid 964] [client ::1:50471] AH01215: stderr from C:/Apache24/cgi-bin/search_flights.py:     log_search_request(request_data), referer: http://localhost/static/Design3.1.html
[Fri May 02 23:58:44.787497 2025] [cgi:error] [pid 7608:tid 964] [client ::1:50471] AH01215: stderr from C:/Apache24/cgi-bin/search_flights.py:   File "C:\\Apache24\\cgi-bin\\search_flights.py", line 46, in log_search_request, referer: http://localhost/static/Design3.1.html
[Fri May 02 23:58:44.787497 2025] [cgi:error] [pid 7608:tid 964] [client ::1:50471] AH01215: stderr from C:/Apache24/cgi-bin/search_flights.py:     cursor.execute(''', referer: http://localhost/static/Design3.1.html
[Fri May 02 23:58:44.787497 2025] [cgi:error] [pid 7608:tid 964] [client ::1:50471] AH01215: stderr from C:/Apache24/cgi-bin/search_flights.py: sqlite3.OperationalError: database is locked, referer: http://localhost/static/Design3.1.html
[Sat May 03 00:08:50.635079 2025] [cgi:error] [pid 7608:tid 968] [client ::1:50693] AH01215: stderr from C:/Apache24/cgi-bin/search_flights.py: Traceback (most recent call last):, referer: http://localhost/static/Design3.1.html
[Sat May 03 00:08:50.635079 2025] [cgi:error] [pid 7608:tid 968] [client ::1:50693] AH01215: stderr from C:/Apache24/cgi-bin/search_flights.py:   File "C:\\Apache24\\cgi-bin\\search_flights.py", line 251, in <module>, referer: http://localhost/static/Design3.1.html
[Sat May 03 00:08:50.635079 2025] [cgi:error] [pid 7608:tid 968] [client ::1:50693] AH01215: stderr from C:/Apache24/cgi-bin/search_flights.py:     main(), referer: http://localhost/static/Design3.1.html
[Sat May 03 00:08:50.635079 2025] [cgi:error] [pid 7608:tid 968] [client ::1:50693] AH01215: stderr from C:/Apache24/cgi-bin/search_flights.py:   File "C:\\Apache24\\cgi-bin\\search_flights.py", line 187, in main, referer: http://localhost/static/Design3.1.html
[Sat May 03 00:08:50.635079 2025] [cgi:error] [pid 7608:tid 968] [client ::1:50693] AH01215: stderr from C:/Apache24/cgi-bin/search_flights.py:     log_search_request(request_data), referer: http://localhost/static/Design3.1.html
[Sat May 03 00:08:50.635079 2025] [cgi:error] [pid 7608:tid 968] [client ::1:50693] AH01215: stderr from C:/Apache24/cgi-bin/search_flights.py:   File "C:\\Apache24\\cgi-bin\\search_flights.py", line 46, in log_search_request, referer: http://localhost/static/Design3.1.html
[Sat May 03 00:08:50.635079 2025] [cgi:error] [pid 7608:tid 968] [client ::1:50693] AH01215: stderr from C:/Apache24/cgi-bin/search_flights.py:     cursor.execute(''', referer: http://localhost/static/Design3.1.html
[Sat May 03 00:08:50.635079 2025] [cgi:error] [pid 7608:tid 968] [client ::1:50693] AH01215: stderr from C:/Apache24/cgi-bin/search_flights.py: sqlite3.OperationalError: database is locked, referer: http://localhost/static/Design3.1.html
[Sat May 03 00:48:21.539853 2025] [cgi:error] [pid 7608:tid 968] [client ::1:51978] Script timed out before returning headers: search_flights.py, referer: http://localhost/static/Design3.1.html
[Sat May 03 00:49:56.937975 2025] [cgi:error] [pid 7608:tid 964] [client ::1:52014] Script timed out before returning headers: search_flights.py, referer: http://localhost/static/Design3.1.html
[Sat May 03 00:50:01.222255 2025] [cgi:error] [pid 7608:tid 960] [client ::1:52016] Script timed out before returning headers: search_flights.py, referer: http://localhost/static/Design3.1.html
[Sat May 03 00:50:36.368085 2025] [cgi:error] [pid 7608:tid 968] [client ::1:52033] Script timed out before returning headers: search_flights.py, referer: http://localhost/static/Design3.1.html
[Sat May 03 00:58:23.167332 2025] [cgi:error] [pid 7608:tid 968] [client ::1:52233] Script timed out before returning headers: search_flights.py, referer: http://localhost/static/Design3.1.html
[Sat May 03 00:59:02.149267 2025] [cgi:error] [pid 7608:tid 960] [client ::1:52250] Script timed out before returning headers: search_flights.py, referer: http://localhost/static/Design3.1.html
[Sat May 03 00:59:03.415320 2025] [cgi:error] [pid 7608:tid 964] [client ::1:52252] Script timed out before returning headers: search_flights.py, referer: http://localhost/static/Design3.1.html
[Sat May 03 01:01:51.957771 2025] [cgi:error] [pid 7608:tid 960] [client ::1:52308] Script timed out before returning headers: search_flights.py, referer: http://localhost/static/Design3.1.html
[Sat May 03 01:05:59.418259 2025] [cgi:error] [pid 7608:tid 964] [client ::1:52404] Script timed out before returning headers: search_flights.py, referer: http://localhost/static/Design3.1.html
[Sat May 03 01:08:29.363490 2025] [cgi:error] [pid 7608:tid 960] [client ::1:52456] Script timed out before returning headers: search_flights.py, referer: http://localhost/static/Design3.1.html
[Sat May 03 01:45:39.042109 2025] [cgi:error] [pid 7608:tid 960] [client ::1:53394] End of script output before headers: search_flights.py, referer: http://localhost/static/Design3.1.html
[Sat May 03 01:45:39.042109 2025] [cgi:error] [pid 7608:tid 960] [client ::1:53394] AH01215: stderr from C:/Apache24/cgi-bin/search_flights.py: Traceback (most recent call last):, referer: http://localhost/static/Design3.1.html
[Sat May 03 01:45:39.042109 2025] [cgi:error] [pid 7608:tid 960] [client ::1:53394] AH01215: stderr from C:/Apache24/cgi-bin/search_flights.py:   File "C:\\Apache24\\cgi-bin\\search_flights.py", line 12, in <module>, referer: http://localhost/static/Design3.1.html
[Sat May 03 01:45:39.042109 2025] [cgi:error] [pid 7608:tid 960] [client ::1:53394] AH01215: stderr from C:/Apache24/cgi-bin/search_flights.py:     import requests, referer: http://localhost/static/Design3.1.html
[Sat May 03 01:45:39.042109 2025] [cgi:error] [pid 7608:tid 960] [client ::1:53394] AH01215: stderr from C:/Apache24/cgi-bin/search_flights.py: ModuleNotFoundError: No module named 'requests', referer: http://localhost/static/Design3.1.html
[Sat May 03 01:45:41.572217 2025] [cgi:error] [pid 7608:tid 960] [client ::1:53400] End of script output before headers: search_flights.py, referer: http://localhost/static/Design3.1.html
[Sat May 03 01:45:41.572217 2025] [cgi:error] [pid 7608:tid 960] [client ::1:53400] AH01215: stderr from C:/Apache24/cgi-bin/search_flights.py: Traceback (most recent call last):, referer: http://localhost/static/Design3.1.html
[Sat May 03 01:45:41.572217 2025] [cgi:error] [pid 7608:tid 960] [client ::1:53400] AH01215: stderr from C:/Apache24/cgi-bin/search_flights.py:   File "C:\\Apache24\\cgi-bin\\search_flights.py", line 12, in <module>, referer: http://localhost/static/Design3.1.html
[Sat May 03 01:45:41.572217 2025] [cgi:error] [pid 7608:tid 960] [client ::1:53400] AH01215: stderr from C:/Apache24/cgi-bin/search_flights.py:     import requests, referer: http://localhost/static/Design3.1.html
[Sat May 03 01:45:41.572217 2025] [cgi:error] [pid 7608:tid 960] [client ::1:53400] AH01215: stderr from C:/Apache24/cgi-bin/search_flights.py: ModuleNotFoundError: No module named 'requests', referer: http://localhost/static/Design3.1.html
[Sat May 03 01:45:45.651429 2025] [cgi:error] [pid 7608:tid 960] [client ::1:53403] End of script output before headers: search_flights.py, referer: http://localhost/static/Design3.1.html
[Sat May 03 01:45:45.653219 2025] [cgi:error] [pid 7608:tid 960] [client ::1:53403] AH01215: stderr from C:/Apache24/cgi-bin/search_flights.py: Traceback (most recent call last):, referer: http://localhost/static/Design3.1.html
[Sat May 03 01:45:45.653219 2025] [cgi:error] [pid 7608:tid 960] [client ::1:53403] AH01215: stderr from C:/Apache24/cgi-bin/search_flights.py:   File "C:\\Apache24\\cgi-bin\\search_flights.py", line 12, in <module>, referer: http://localhost/static/Design3.1.html
[Sat May 03 01:45:45.653219 2025] [cgi:error] [pid 7608:tid 960] [client ::1:53403] AH01215: stderr from C:/Apache24/cgi-bin/search_flights.py:     import requests, referer: http://localhost/static/Design3.1.html
[Sat May 03 01:45:45.653219 2025] [cgi:error] [pid 7608:tid 960] [client ::1:53403] AH01215: stderr from C:/Apache24/cgi-bin/search_flights.py: ModuleNotFoundError: No module named 'requests', referer: http://localhost/static/Design3.1.html
[Sat May 03 01:45:52.386808 2025] [cgi:error] [pid 7608:tid 960] [client ::1:53406] End of script output before headers: search_flights.py, referer: http://localhost/static/Design3.1.html
[Sat May 03 01:45:52.386808 2025] [cgi:error] [pid 7608:tid 960] [client ::1:53406] AH01215: stderr from C:/Apache24/cgi-bin/search_flights.py: Traceback (most recent call last):, referer: http://localhost/static/Design3.1.html
[Sat May 03 01:45:52.386808 2025] [cgi:error] [pid 7608:tid 960] [client ::1:53406] AH01215: stderr from C:/Apache24/cgi-bin/search_flights.py:   File "C:\\Apache24\\cgi-bin\\search_flights.py", line 12, in <module>, referer: http://localhost/static/Design3.1.html
[Sat May 03 01:45:52.386808 2025] [cgi:error] [pid 7608:tid 960] [client ::1:53406] AH01215: stderr from C:/Apache24/cgi-bin/search_flights.py:     import requests, referer: http://localhost/static/Design3.1.html
[Sat May 03 01:45:52.386808 2025] [cgi:error] [pid 7608:tid 960] [client ::1:53406] AH01215: stderr from C:/Apache24/cgi-bin/search_flights.py: ModuleNotFoundError: No module named 'requests', referer: http://localhost/static/Design3.1.html
The 'Apache2.4' service is restarting.
The 'Apache2.4' service has restarted.
winnt:notice] [pid 4404:tid 320] AH00424: Parent: Received restart signal -- Restarting the server.
[Sat May 03 01:51:40.049845 2025] [mpm_winnt:notice] [pid 4404:tid 320] AH00455: Apache/2.4.63 (Win64) configured -- resuming normal operations
[Sat May 03 01:51:40.049845 2025] [mpm_winnt:notice] [pid 4404:tid 320] AH00456: Apache Lounge VS17 Server built: Feb  3 2025 10:10:51
[Sat May 03 01:51:40.049845 2025] [core:notice] [pid 4404:tid 320] AH00094: Command line: 'C:\\Apache24\\bin\\httpd.exe -d C:/Apache24'
[Sat May 03 01:51:40.049845 2025] [mpm_winnt:notice] [pid 4404:tid 320] AH00418: Parent: Created child process 15108
[Sat May 03 01:51:41.046748 2025] [mpm_winnt:notice] [pid 15108:tid 344] AH00354: Child: Starting 64 worker threads.
[Sat May 03 01:51:42.054138 2025] [mpm_winnt:notice] [pid 7608:tid 344] AH00364: Child: All worker threads have exited.
The 'Apache2.4' service is restarting.
The 'Apache2.4' service has restarted.
winnt:notice] [pid 4404:tid 320] AH00424: Parent: Received restart signal -- Restarting the server.
[Sat May 03 02:01:03.153163 2025] [mpm_winnt:notice] [pid 4404:tid 320] AH00455: Apache/2.4.63 (Win64) configured -- resuming normal operations
[Sat May 03 02:01:03.153163 2025] [mpm_winnt:notice] [pid 4404:tid 320] AH00456: Apache Lounge VS17 Server built: Feb  3 2025 10:10:51
[Sat May 03 02:01:03.153163 2025] [core:notice] [pid 4404:tid 320] AH00094: Command line: 'C:\\Apache24\\bin\\httpd.exe -d C:/Apache24'
[Sat May 03 02:01:03.153163 2025] [mpm_winnt:notice] [pid 4404:tid 320] AH00418: Parent: Created child process 2616
[Sat May 03 02:01:04.158397 2025] [mpm_winnt:notice] [pid 2616:tid 364] AH00354: Child: Starting 64 worker threads.
[Sat May 03 02:01:05.172918 2025] [mpm_winnt:notice] [pid 15108:tid 344] AH00364: Child: All worker threads have exited.
The 'Apache2.4' service is restarting.
The 'Apache2.4' service has restarted.
winnt:notice] [pid 4404:tid 320] AH00424: Parent: Received restart signal -- Restarting the server.
[Sat May 03 02:08:07.812951 2025] [mpm_winnt:notice] [pid 4404:tid 320] AH00455: Apache/2.4.63 (Win64) configured -- resuming normal operations
[Sat May 03 02:08:07.812951 2025] [mpm_winnt:notice] [pid 4404:tid 320] AH00456: Apache Lounge VS17 Server built: Feb  3 2025 10:10:51
[Sat May 03 02:08:07.812951 2025] [core:notice] [pid 4404:tid 320] AH00094: Command line: 'C:\\Apache24\\bin\\httpd.exe -d C:/Apache24'
[Sat May 03 02:08:07.828852 2025] [mpm_winnt:notice] [pid 4404:tid 320] AH00418: Parent: Created child process 7244
[Sat May 03 02:08:08.817145 2025] [mpm_winnt:notice] [pid 7244:tid 344] AH00354: Child: Starting 64 worker threads.
[Sat May 03 02:08:09.820048 2025] [mpm_winnt:notice] [pid 2616:tid 364] AH00364: Child: All worker threads have exited.
The 'Apache2.4' service is restarting.
The 'Apache2.4' service has restarted.
winnt:notice] [pid 4404:tid 320] AH00424: Parent: Received restart signal -- Restarting the server.
[Sat May 03 02:12:19.627825 2025] [mpm_winnt:notice] [pid 4404:tid 320] AH00455: Apache/2.4.63 (Win64) configured -- resuming normal operations
[Sat May 03 02:12:19.627825 2025] [mpm_winnt:notice] [pid 4404:tid 320] AH00456: Apache Lounge VS17 Server built: Feb  3 2025 10:10:51
[Sat May 03 02:12:19.627825 2025] [core:notice] [pid 4404:tid 320] AH00094: Command line: 'C:\\Apache24\\bin\\httpd.exe -d C:/Apache24'
[Sat May 03 02:12:19.627825 2025] [mpm_winnt:notice] [pid 4404:tid 320] AH00418: Parent: Created child process 15004
[Sat May 03 02:12:20.634149 2025] [mpm_winnt:notice] [pid 15004:tid 344] AH00354: Child: Starting 64 worker threads.
[Sat May 03 02:12:21.645417 2025] [mpm_winnt:notice] [pid 7244:tid 344] AH00364: Child: All worker threads have exited.
The 'Apache2.4' service is restarting.
The 'Apache2.4' service has restarted.
winnt:notice] [pid 4404:tid 320] AH00424: Parent: Received restart signal -- Restarting the server.
[Sat May 03 02:17:02.969869 2025] [mpm_winnt:notice] [pid 4404:tid 320] AH00455: Apache/2.4.63 (Win64) configured -- resuming normal operations
[Sat May 03 02:17:02.969869 2025] [mpm_winnt:notice] [pid 4404:tid 320] AH00456: Apache Lounge VS17 Server built: Feb  3 2025 10:10:51
[Sat May 03 02:17:02.969869 2025] [core:notice] [pid 4404:tid 320] AH00094: Command line: 'C:\\Apache24\\bin\\httpd.exe -d C:/Apache24'
[Sat May 03 02:17:02.984183 2025] [mpm_winnt:notice] [pid 4404:tid 320] AH00418: Parent: Created child process 18788
[Sat May 03 02:17:03.974654 2025] [mpm_winnt:notice] [pid 18788:tid 372] AH00354: Child: Starting 64 worker threads.
[Sat May 03 02:17:04.988479 2025] [mpm_winnt:notice] [pid 15004:tid 344] AH00364: Child: All worker threads have exited.
The 'Apache2.4' service is restarting.
The 'Apache2.4' service has restarted.
winnt:notice] [pid 4404:tid 320] AH00424: Parent: Received restart signal -- Restarting the server.
[Sat May 03 02:31:21.707857 2025] [mpm_winnt:notice] [pid 4404:tid 320] AH00455: Apache/2.4.63 (Win64) configured -- resuming normal operations
[Sat May 03 02:31:21.707857 2025] [mpm_winnt:notice] [pid 4404:tid 320] AH00456: Apache Lounge VS17 Server built: Feb  3 2025 10:10:51
[Sat May 03 02:31:21.707857 2025] [core:notice] [pid 4404:tid 320] AH00094: Command line: 'C:\\Apache24\\bin\\httpd.exe -d C:/Apache24'
[Sat May 03 02:31:21.707857 2025] [mpm_winnt:notice] [pid 4404:tid 320] AH00418: Parent: Created child process 6736
[Sat May 03 02:31:22.711005 2025] [mpm_winnt:notice] [pid 6736:tid 356] AH00354: Child: Starting 64 worker threads.
[Sat May 03 02:31:23.715553 2025] [mpm_winnt:notice] [pid 18788:tid 372] AH00364: Child: All worker threads have exited.
The 'Apache2.4' service is restarting.
The 'Apache2.4' service has restarted.
winnt:notice] [pid 4404:tid 320] AH00424: Parent: Received restart signal -- Restarting the server.
[Sat May 03 02:37:47.696085 2025] [mpm_winnt:notice] [pid 4404:tid 320] AH00455: Apache/2.4.63 (Win64) configured -- resuming normal operations
[Sat May 03 02:37:47.696085 2025] [mpm_winnt:notice] [pid 4404:tid 320] AH00456: Apache Lounge VS17 Server built: Feb  3 2025 10:10:51
[Sat May 03 02:37:47.696085 2025] [core:notice] [pid 4404:tid 320] AH00094: Command line: 'C:\\Apache24\\bin\\httpd.exe -d C:/Apache24'
[Sat May 03 02:37:47.696085 2025] [mpm_winnt:notice] [pid 4404:tid 320] AH00418: Parent: Created child process 16448
[Sat May 03 02:37:48.693635 2025] [mpm_winnt:notice] [pid 16448:tid 344] AH00354: Child: Starting 64 worker threads.
[Sat May 03 02:37:49.703746 2025] [mpm_winnt:notice] [pid 6736:tid 356] AH00364: Child: All worker threads have exited.
The 'Apache2.4' service is restarting.
The 'Apache2.4' service has restarted.
winnt:notice] [pid 4404:tid 320] AH00424: Parent: Received restart signal -- Restarting the server.
[Sat May 03 02:48:56.609208 2025] [mpm_winnt:notice] [pid 4404:tid 320] AH00455: Apache/2.4.63 (Win64) configured -- resuming normal operations
[Sat May 03 02:48:56.609208 2025] [mpm_winnt:notice] [pid 4404:tid 320] AH00456: Apache Lounge VS17 Server built: Feb  3 2025 10:10:51
[Sat May 03 02:48:56.609208 2025] [core:notice] [pid 4404:tid 320] AH00094: Command line: 'C:\\Apache24\\bin\\httpd.exe -d C:/Apache24'
[Sat May 03 02:48:56.609208 2025] [mpm_winnt:notice] [pid 4404:tid 320] AH00418: Parent: Created child process 15956
[Sat May 03 02:48:57.609890 2025] [mpm_winnt:notice] [pid 15956:tid 376] AH00354: Child: Starting 64 worker threads.
[Sat May 03 02:48:58.610140 2025] [mpm_winnt:notice] [pid 16448:tid 344] AH00364: Child: All worker threads have exited.
The 'Apache2.4' service is restarting.
The 'Apache2.4' service has restarted.
winnt:notice] [pid 4404:tid 320] AH00424: Parent: Received restart signal -- Restarting the server.
[Sat May 03 02:58:52.868384 2025] [mpm_winnt:notice] [pid 4404:tid 320] AH00455: Apache/2.4.63 (Win64) configured -- resuming normal operations
[Sat May 03 02:58:52.868384 2025] [mpm_winnt:notice] [pid 4404:tid 320] AH00456: Apache Lounge VS17 Server built: Feb  3 2025 10:10:51
[Sat May 03 02:58:52.868384 2025] [core:notice] [pid 4404:tid 320] AH00094: Command line: 'C:\\Apache24\\bin\\httpd.exe -d C:/Apache24'
[Sat May 03 02:58:52.868384 2025] [mpm_winnt:notice] [pid 4404:tid 320] AH00418: Parent: Created child process 12324
[Sat May 03 02:58:53.859686 2025] [mpm_winnt:notice] [pid 12324:tid 392] AH00354: Child: Starting 64 worker threads.
[Sat May 03 02:58:54.864375 2025] [mpm_winnt:notice] [pid 15956:tid 376] AH00364: Child: All worker threads have exited.
The 'Apache2.4' service is restarting.
The 'Apache2.4' service has restarted.
winnt:notice] [pid 4404:tid 320] AH00424: Parent: Received restart signal -- Restarting the server.
[Sat May 03 03:07:46.214835 2025] [mpm_winnt:notice] [pid 4404:tid 320] AH00455: Apache/2.4.63 (Win64) configured -- resuming normal operations
[Sat May 03 03:07:46.214835 2025] [mpm_winnt:notice] [pid 4404:tid 320] AH00456: Apache Lounge VS17 Server built: Feb  3 2025 10:10:51
[Sat May 03 03:07:46.214835 2025] [core:notice] [pid 4404:tid 320] AH00094: Command line: 'C:\\Apache24\\bin\\httpd.exe -d C:/Apache24'
[Sat May 03 03:07:46.230499 2025] [mpm_winnt:notice] [pid 4404:tid 320] AH00418: Parent: Created child process 16236
[Sat May 03 03:07:47.222853 2025] [mpm_winnt:notice] [pid 16236:tid 344] AH00354: Child: Starting 64 worker threads.
[Sat May 03 03:07:48.232799 2025] [mpm_winnt:notice] [pid 12324:tid 392] AH00364: Child: All worker threads have exited.
The 'Apache2.4' service is restarting.
The 'Apache2.4' service has restarted.
winnt:notice] [pid 4404:tid 320] AH00424: Parent: Received restart signal -- Restarting the server.
[Sat May 03 03:26:27.972024 2025] [mpm_winnt:notice] [pid 4404:tid 320] AH00455: Apache/2.4.63 (Win64) configured -- resuming normal operations
[Sat May 03 03:26:27.972024 2025] [mpm_winnt:notice] [pid 4404:tid 320] AH00456: Apache Lounge VS17 Server built: Feb  3 2025 10:10:51
[Sat May 03 03:26:27.972024 2025] [core:notice] [pid 4404:tid 320] AH00094: Command line: 'C:\\Apache24\\bin\\httpd.exe -d C:/Apache24'
[Sat May 03 03:26:27.972024 2025] [mpm_winnt:notice] [pid 4404:tid 320] AH00418: Parent: Created child process 7780
[Sat May 03 03:26:28.973818 2025] [mpm_winnt:notice] [pid 7780:tid 360] AH00354: Child: Starting 64 worker threads.
[Sat May 03 03:26:29.975699 2025] [mpm_winnt:notice] [pid 16236:tid 344] AH00364: Child: All worker threads have exited.
The 'Apache2.4' service is restarting.
The 'Apache2.4' service has restarted.
winnt:notice] [pid 4404:tid 320] AH00424: Parent: Received restart signal -- Restarting the server.
[Sat May 03 04:08:53.593272 2025] [mpm_winnt:notice] [pid 4404:tid 320] AH00455: Apache/2.4.63 (Win64) configured -- resuming normal operations
[Sat May 03 04:08:53.593272 2025] [mpm_winnt:notice] [pid 4404:tid 320] AH00456: Apache Lounge VS17 Server built: Feb  3 2025 10:10:51
[Sat May 03 04:08:53.593272 2025] [core:notice] [pid 4404:tid 320] AH00094: Command line: 'C:\\Apache24\\bin\\httpd.exe -d C:/Apache24'
[Sat May 03 04:08:53.593272 2025] [mpm_winnt:notice] [pid 4404:tid 320] AH00418: Parent: Created child process 6784
[Sat May 03 04:08:54.591148 2025] [mpm_winnt:notice] [pid 6784:tid 344] AH00354: Child: Starting 64 worker threads.
[Sat May 03 04:08:55.591676 2025] [mpm_winnt:notice] [pid 7780:tid 360] AH00364: Child: All worker threads have exited.
[Sat May 03 04:09:04.667426 2025] [cgi:error] [pid 6784:tid 996] [client ::1:57124] AH01215: stderr from C:/Apache24/cgi-bin/save_search_request.py: C:\\Apache24\\cgi-bin\\save_search_request.py:2: DeprecationWarning: 'cgi' is deprecated and slated for removal in Python 3.13, referer: http://localhost/static/Design3.1.html?departure=%D0%9C%D0%BE%D1%81%D0%BA%D0%B2%D0%B0&destination=%D0%94%D1%83%D0%B1%D0%B0%D0%B9&departure_date=2025-05-03&return_date=&passengers=1&class=economy
[Sat May 03 04:09:04.667426 2025] [cgi:error] [pid 6784:tid 996] [client ::1:57124] AH01215: stderr from C:/Apache24/cgi-bin/save_search_request.py:   import cgi, referer: http://localhost/static/Design3.1.html?departure=%D0%9C%D0%BE%D1%81%D0%BA%D0%B2%D0%B0&destination=%D0%94%D1%83%D0%B1%D0%B0%D0%B9&departure_date=2025-05-03&return_date=&passengers=1&class=economy
The 'Apache2.4' service is restarting.
The 'Apache2.4' service has restarted.
winnt:notice] [pid 4404:tid 320] AH00424: Parent: Received restart signal -- Restarting the server.
[Sat May 03 04:22:53.593281 2025] [mpm_winnt:notice] [pid 4404:tid 320] AH00455: Apache/2.4.63 (Win64) configured -- resuming normal operations
[Sat May 03 04:22:53.593281 2025] [mpm_winnt:notice] [pid 4404:tid 320] AH00456: Apache Lounge VS17 Server built: Feb  3 2025 10:10:51
[Sat May 03 04:22:53.593281 2025] [core:notice] [pid 4404:tid 320] AH00094: Command line: 'C:\\Apache24\\bin\\httpd.exe -d C:/Apache24'
[Sat May 03 04:22:53.606227 2025] [mpm_winnt:notice] [pid 4404:tid 320] AH00418: Parent: Created child process 5792
[Sat May 03 04:22:54.598292 2025] [mpm_winnt:notice] [pid 5792:tid 360] AH00354: Child: Starting 64 worker threads.
[Sat May 03 04:22:55.606921 2025] [mpm_winnt:notice] [pid 6784:tid 344] AH00364: Child: All worker threads have exited.
[Sat May 03 04:23:28.957003 2025] [cgi:error] [pid 5792:tid 996] [client ::1:57436] AH01215: stderr from C:/Apache24/cgi-bin/save_search_request.py: C:\\Apache24\\cgi-bin\\save_search_request.py:2: DeprecationWarning: 'cgi' is deprecated and slated for removal in Python 3.13, referer: http://localhost/static/Design3.1.html?departure=%D0%9C%D0%BE%D1%81%D0%BA%D0%B2%D0%B0&destination=%D0%94%D1%83%D0%B1%D0%B0%D0%B9&departure_date=2025-05-03&return_date=&passengers=1&class=economy
[Sat May 03 04:23:28.957003 2025] [cgi:error] [pid 5792:tid 996] [client ::1:57436] AH01215: stderr from C:/Apache24/cgi-bin/save_search_request.py:   import cgi, referer: http://localhost/static/Design3.1.html?departure=%D0%9C%D0%BE%D1%81%D0%BA%D0%B2%D0%B0&destination=%D0%94%D1%83%D0%B1%D0%B0%D0%B9&departure_date=2025-05-03&return_date=&passengers=1&class=economy
The 'Apache2.4' service is restarting.
The 'Apache2.4' service has restarted.
winnt:notice] [pid 4404:tid 320] AH00424: Parent: Received restart signal -- Restarting the server.
[Sat May 03 04:50:56.024465 2025] [mpm_winnt:notice] [pid 4404:tid 320] AH00455: Apache/2.4.63 (Win64) configured -- resuming normal operations
[Sat May 03 04:50:56.024465 2025] [mpm_winnt:notice] [pid 4404:tid 320] AH00456: Apache Lounge VS17 Server built: Feb  3 2025 10:10:51
[Sat May 03 04:50:56.024465 2025] [core:notice] [pid 4404:tid 320] AH00094: Command line: 'C:\\Apache24\\bin\\httpd.exe -d C:/Apache24'
[Sat May 03 04:50:56.024465 2025] [mpm_winnt:notice] [pid 4404:tid 320] AH00418: Parent: Created child process 18680
[Sat May 03 04:50:57.020432 2025] [mpm_winnt:notice] [pid 18680:tid 344] AH00354: Child: Starting 64 worker threads.
[Sat May 03 04:50:58.020982 2025] [mpm_winnt:notice] [pid 5792:tid 360] AH00364: Child: All worker threads have exited.
[Sat May 03 04:51:12.583886 2025] [cgi:error] [pid 18680:tid 996] [client ::1:58116] AH01215: stderr from C:/Apache24/cgi-bin/save_search_request.py: C:\\Apache24\\cgi-bin\\save_search_request.py:2: DeprecationWarning: 'cgi' is deprecated and slated for removal in Python 3.13, referer: http://localhost/static/Design3.1.html?departure=%D0%9C%D0%BE%D1%81%D0%BA%D0%B2%D0%B0&destination=%D0%94%D1%83%D0%B1%D0%B0%D0%B9&departure_date=2025-05-03&return_date=&passengers=1&class=economy
[Sat May 03 04:51:12.583886 2025] [cgi:error] [pid 18680:tid 996] [client ::1:58116] AH01215: stderr from C:/Apache24/cgi-bin/save_search_request.py:   import cgi, referer: http://localhost/static/Design3.1.html?departure=%D0%9C%D0%BE%D1%81%D0%BA%D0%B2%D0%B0&destination=%D0%94%D1%83%D0%B1%D0%B0%D0%B9&departure_date=2025-05-03&return_date=&passengers=1&class=economy
The 'Apache2.4' service is restarting.
The 'Apache2.4' service has restarted.
winnt:notice] [pid 4404:tid 320] AH00424: Parent: Received restart signal -- Restarting the server.
[Sat May 03 05:13:07.464082 2025] [mpm_winnt:notice] [pid 4404:tid 320] AH00455: Apache/2.4.63 (Win64) configured -- resuming normal operations
[Sat May 03 05:13:07.464082 2025] [mpm_winnt:notice] [pid 4404:tid 320] AH00456: Apache Lounge VS17 Server built: Feb  3 2025 10:10:51
[Sat May 03 05:13:07.464082 2025] [core:notice] [pid 4404:tid 320] AH00094: Command line: 'C:\\Apache24\\bin\\httpd.exe -d C:/Apache24'
[Sat May 03 05:13:07.464082 2025] [mpm_winnt:notice] [pid 4404:tid 320] AH00418: Parent: Created child process 13808
[Sat May 03 05:13:08.472455 2025] [mpm_winnt:notice] [pid 13808:tid 344] AH00354: Child: Starting 64 worker threads.
[Sat May 03 05:13:09.473822 2025] [mpm_winnt:notice] [pid 18680:tid 344] AH00364: Child: All worker threads have exited.
[Sat May 03 05:13:24.400077 2025] [cgi:error] [pid 13808:tid 960] [client ::1:58650] AH01215: stderr from C:/Apache24/cgi-bin/save_search_request.py: C:\\Apache24\\cgi-bin\\save_search_request.py:2: DeprecationWarning: 'cgi' is deprecated and slated for removal in Python 3.13, referer: http://localhost/static/Design3.1.html?departure=%D0%9C%D0%BE%D1%81%D0%BA%D0%B2%D0%B0&destination=%D0%94%D1%83%D0%B1%D0%B0%D0%B9&departure_date=2025-05-03&return_date=&passengers=1&class=economy
[Sat May 03 05:13:24.400077 2025] [cgi:error] [pid 13808:tid 960] [client ::1:58650] AH01215: stderr from C:/Apache24/cgi-bin/save_search_request.py:   import cgi, referer: http://localhost/static/Design3.1.html?departure=%D0%9C%D0%BE%D1%81%D0%BA%D0%B2%D0%B0&destination=%D0%94%D1%83%D0%B1%D0%B0%D0%B9&departure_date=2025-05-03&return_date=&passengers=1&class=economy
[Sat May 03 05:18:35.173436 2025] [cgi:error] [pid 13808:tid 964] [client ::1:58786] AH01215: stderr from C:/Apache24/cgi-bin/save_search_request.py: C:\\Apache24\\cgi-bin\\save_search_request.py:2: DeprecationWarning: 'cgi' is deprecated and slated for removal in Python 3.13, referer: http://localhost/static/Design3.1.html?departure=%D0%9C%D0%BE%D1%81%D0%BA%D0%B2%D0%B0&destination=%D0%94%D1%83%D0%B1%D0%B0%D0%B9&departure_date=2025-05-03&return_date=&passengers=1&class=economy
[Sat May 03 05:18:35.173436 2025] [cgi:error] [pid 13808:tid 964] [client ::1:58786] AH01215: stderr from C:/Apache24/cgi-bin/save_search_request.py:   import cgi, referer: http://localhost/static/Design3.1.html?departure=%D0%9C%D0%BE%D1%81%D0%BA%D0%B2%D0%B0&destination=%D0%94%D1%83%D0%B1%D0%B0%D0%B9&departure_date=2025-05-03&return_date=&passengers=1&class=economy
The 'Apache2.4' service is restarting.
The 'Apache2.4' service has restarted.
winnt:notice] [pid 4404:tid 320] AH00424: Parent: Received restart signal -- Restarting the server.
[Sat May 03 05:24:02.286528 2025] [mpm_winnt:notice] [pid 4404:tid 320] AH00455: Apache/2.4.63 (Win64) configured -- resuming normal operations
[Sat May 03 05:24:02.286528 2025] [mpm_winnt:notice] [pid 4404:tid 320] AH00456: Apache Lounge VS17 Server built: Feb  3 2025 10:10:51
[Sat May 03 05:24:02.286528 2025] [core:notice] [pid 4404:tid 320] AH00094: Command line: 'C:\\Apache24\\bin\\httpd.exe -d C:/Apache24'
[Sat May 03 05:24:02.286528 2025] [mpm_winnt:notice] [pid 4404:tid 320] AH00418: Parent: Created child process 14968
[Sat May 03 05:24:03.275003 2025] [mpm_winnt:notice] [pid 14968:tid 344] AH00354: Child: Starting 64 worker threads.
[Sat May 03 05:24:04.277045 2025] [mpm_winnt:notice] [pid 13808:tid 344] AH00364: Child: All worker threads have exited.
[Sat May 03 05:24:24.169533 2025] [cgi:error] [pid 14968:tid 1000] [client ::1:59060] AH01215: stderr from C:/Apache24/cgi-bin/save_search_request.py: C:\\Apache24\\cgi-bin\\save_search_request.py:2: DeprecationWarning: 'cgi' is deprecated and slated for removal in Python 3.13, referer: http://localhost/static/Design3.1.html?departure=%D0%9C%D0%BE%D1%81%D0%BA%D0%B2%D0%B0&destination=%D0%94%D1%83%D0%B1%D0%B0%D0%B9&departure_date=2025-05-03&return_date=&passengers=1&class=economy
[Sat May 03 05:24:24.169533 2025] [cgi:error] [pid 14968:tid 1000] [client ::1:59060] AH01215: stderr from C:/Apache24/cgi-bin/save_search_request.py:   import cgi, referer: http://localhost/static/Design3.1.html?departure=%D0%9C%D0%BE%D1%81%D0%BA%D0%B2%D0%B0&destination=%D0%94%D1%83%D0%B1%D0%B0%D0%B9&departure_date=2025-05-03&return_date=&passengers=1&class=economy
[Sat May 03 05:24:48.882863 2025] [cgi:error] [pid 14968:tid 1000] [client ::1:59080] AH01215: stderr from C:/Apache24/cgi-bin/book_flight.py: C:\\Apache24\\cgi-bin\\book_flight.py:3: DeprecationWarning: 'cgi' is deprecated and slated for removal in Python 3.13, referer: http://localhost/static/Design3.1.html?departure=%D0%9C%D0%BE%D1%81%D0%BA%D0%B2%D0%B0&destination=%D0%94%D1%83%D0%B1%D0%B0%D0%B9&departure_date=2025-05-03&return_date=&passengers=1&class=economy
[Sat May 03 05:24:48.882863 2025] [cgi:error] [pid 14968:tid 1000] [client ::1:59080] AH01215: stderr from C:/Apache24/cgi-bin/book_flight.py:   import cgi, referer: http://localhost/static/Design3.1.html?departure=%D0%9C%D0%BE%D1%81%D0%BA%D0%B2%D0%B0&destination=%D0%94%D1%83%D0%B1%D0%B0%D0%B9&departure_date=2025-05-03&return_date=&passengers=1&class=economy
[Sat May 03 05:24:48.882863 2025] [cgi:error] [pid 14968:tid 1000] [client ::1:59080] AH01215: stderr from C:/Apache24/cgi-bin/book_flight.py: C:\\Apache24\\cgi-bin\\book_flight.py:7: DeprecationWarning: 'cgitb' is deprecated and slated for removal in Python 3.13, referer: http://localhost/static/Design3.1.html?departure=%D0%9C%D0%BE%D1%81%D0%BA%D0%B2%D0%B0&destination=%D0%94%D1%83%D0%B1%D0%B0%D0%B9&departure_date=2025-05-03&return_date=&passengers=1&class=economy
[Sat May 03 05:24:48.882863 2025] [cgi:error] [pid 14968:tid 1000] [client ::1:59080] AH01215: stderr from C:/Apache24/cgi-bin/book_flight.py:   import cgitb; cgitb.enable()  # \xc4\xeb\xff \xee\xf2\xeb\xe0\xe4\xea\xe8, referer: http://localhost/static/Design3.1.html?departure=%D0%9C%D0%BE%D1%81%D0%BA%D0%B2%D0%B0&destination=%D0%94%D1%83%D0%B1%D0%B0%D0%B9&departure_date=2025-05-03&return_date=&passengers=1&class=economy
[Sat May 03 05:24:52.035045 2025] [cgi:error] [pid 14968:tid 1000] [client ::1:59080] AH01215: stderr from C:/Apache24/cgi-bin/book_flight.py: C:\\Apache24\\cgi-bin\\book_flight.py:3: DeprecationWarning: 'cgi' is deprecated and slated for removal in Python 3.13, referer: http://localhost/static/Design3.1.html?departure=%D0%9C%D0%BE%D1%81%D0%BA%D0%B2%D0%B0&destination=%D0%94%D1%83%D0%B1%D0%B0%D0%B9&departure_date=2025-05-03&return_date=&passengers=1&class=economy
[Sat May 03 05:24:52.035045 2025] [cgi:error] [pid 14968:tid 1000] [client ::1:59080] AH01215: stderr from C:/Apache24/cgi-bin/book_flight.py:   import cgi, referer: http://localhost/static/Design3.1.html?departure=%D0%9C%D0%BE%D1%81%D0%BA%D0%B2%D0%B0&destination=%D0%94%D1%83%D0%B1%D0%B0%D0%B9&departure_date=2025-05-03&return_date=&passengers=1&class=economy
[Sat May 03 05:24:52.050919 2025] [cgi:error] [pid 14968:tid 1000] [client ::1:59080] AH01215: stderr from C:/Apache24/cgi-bin/book_flight.py: C:\\Apache24\\cgi-bin\\book_flight.py:7: DeprecationWarning: 'cgitb' is deprecated and slated for removal in Python 3.13, referer: http://localhost/static/Design3.1.html?departure=%D0%9C%D0%BE%D1%81%D0%BA%D0%B2%D0%B0&destination=%D0%94%D1%83%D0%B1%D0%B0%D0%B9&departure_date=2025-05-03&return_date=&passengers=1&class=economy
[Sat May 03 05:24:52.050919 2025] [cgi:error] [pid 14968:tid 1000] [client ::1:59080] AH01215: stderr from C:/Apache24/cgi-bin/book_flight.py:   import cgitb; cgitb.enable()  # \xc4\xeb\xff \xee\xf2\xeb\xe0\xe4\xea\xe8, referer: http://localhost/static/Design3.1.html?departure=%D0%9C%D0%BE%D1%81%D0%BA%D0%B2%D0%B0&destination=%D0%94%D1%83%D0%B1%D0%B0%D0%B9&departure_date=2025-05-03&return_date=&passengers=1&class=economy
[Sat May 03 05:24:59.992092 2025] [cgi:error] [pid 14968:tid 1000] [client ::1:59086] AH01215: stderr from C:/Apache24/cgi-bin/book_flight.py: C:\\Apache24\\cgi-bin\\book_flight.py:3: DeprecationWarning: 'cgi' is deprecated and slated for removal in Python 3.13, referer: http://localhost/static/Design3.1.html?departure=%D0%9C%D0%BE%D1%81%D0%BA%D0%B2%D0%B0&destination=%D0%94%D1%83%D0%B1%D0%B0%D0%B9&departure_date=2025-05-03&return_date=&passengers=1&class=economy
[Sat May 03 05:24:59.992092 2025] [cgi:error] [pid 14968:tid 1000] [client ::1:59086] AH01215: stderr from C:/Apache24/cgi-bin/book_flight.py:   import cgi, referer: http://localhost/static/Design3.1.html?departure=%D0%9C%D0%BE%D1%81%D0%BA%D0%B2%D0%B0&destination=%D0%94%D1%83%D0%B1%D0%B0%D0%B9&departure_date=2025-05-03&return_date=&passengers=1&class=economy
[Sat May 03 05:24:59.992092 2025] [cgi:error] [pid 14968:tid 1000] [client ::1:59086] AH01215: stderr from C:/Apache24/cgi-bin/book_flight.py: C:\\Apache24\\cgi-bin\\book_flight.py:7: DeprecationWarning: 'cgitb' is deprecated and slated for removal in Python 3.13, referer: http://localhost/static/Design3.1.html?departure=%D0%9C%D0%BE%D1%81%D0%BA%D0%B2%D0%B0&destination=%D0%94%D1%83%D0%B1%D0%B0%D0%B9&departure_date=2025-05-03&return_date=&passengers=1&class=economy
[Sat May 03 05:24:59.992092 2025] [cgi:error] [pid 14968:tid 1000] [client ::1:59086] AH01215: stderr from C:/Apache24/cgi-bin/book_flight.py:   import cgitb; cgitb.enable()  # \xc4\xeb\xff \xee\xf2\xeb\xe0\xe4\xea\xe8, referer: http://localhost/static/Design3.1.html?departure=%D0%9C%D0%BE%D1%81%D0%BA%D0%B2%D0%B0&destination=%D0%94%D1%83%D0%B1%D0%B0%D0%B9&departure_date=2025-05-03&return_date=&passengers=1&class=economy
[Sat May 03 05:25:18.192878 2025] [cgi:error] [pid 14968:tid 1000] [client ::1:59103] AH01215: stderr from C:/Apache24/cgi-bin/book_flight.py: C:\\Apache24\\cgi-bin\\book_flight.py:3: DeprecationWarning: 'cgi' is deprecated and slated for removal in Python 3.13, referer: http://localhost/static/Design3.1.html?departure=%D0%9C%D0%BE%D1%81%D0%BA%D0%B2%D0%B0&destination=%D0%94%D1%83%D0%B1%D0%B0%D0%B9&departure_date=2025-05-03&return_date=&passengers=1&class=economy
[Sat May 03 05:25:18.192878 2025] [cgi:error] [pid 14968:tid 1000] [client ::1:59103] AH01215: stderr from C:/Apache24/cgi-bin/book_flight.py:   import cgi, referer: http://localhost/static/Design3.1.html?departure=%D0%9C%D0%BE%D1%81%D0%BA%D0%B2%D0%B0&destination=%D0%94%D1%83%D0%B1%D0%B0%D0%B9&departure_date=2025-05-03&return_date=&passengers=1&class=economy
[Sat May 03 05:25:18.192878 2025] [cgi:error] [pid 14968:tid 1000] [client ::1:59103] AH01215: stderr from C:/Apache24/cgi-bin/book_flight.py: C:\\Apache24\\cgi-bin\\book_flight.py:7: DeprecationWarning: 'cgitb' is deprecated and slated for removal in Python 3.13, referer: http://localhost/static/Design3.1.html?departure=%D0%9C%D0%BE%D1%81%D0%BA%D0%B2%D0%B0&destination=%D0%94%D1%83%D0%B1%D0%B0%D0%B9&departure_date=2025-05-03&return_date=&passengers=1&class=economy
[Sat May 03 05:25:18.192878 2025] [cgi:error] [pid 14968:tid 1000] [client ::1:59103] AH01215: stderr from C:/Apache24/cgi-bin/book_flight.py:   import cgitb; cgitb.enable()  # \xc4\xeb\xff \xee\xf2\xeb\xe0\xe4\xea\xe8, referer: http://localhost/static/Design3.1.html?departure=%D0%9C%D0%BE%D1%81%D0%BA%D0%B2%D0%B0&destination=%D0%94%D1%83%D0%B1%D0%B0%D0%B9&departure_date=2025-05-03&return_date=&passengers=1&class=economy
The 'Apache2.4' service is restarting.
The 'Apache2.4' service has restarted.
winnt:notice] [pid 4404:tid 320] AH00424: Parent: Received restart signal -- Restarting the server.
[Sat May 03 05:28:08.280636 2025] [mpm_winnt:notice] [pid 4404:tid 320] AH00455: Apache/2.4.63 (Win64) configured -- resuming normal operations
[Sat May 03 05:28:08.280636 2025] [mpm_winnt:notice] [pid 4404:tid 320] AH00456: Apache Lounge VS17 Server built: Feb  3 2025 10:10:51
[Sat May 03 05:28:08.280636 2025] [core:notice] [pid 4404:tid 320] AH00094: Command line: 'C:\\Apache24\\bin\\httpd.exe -d C:/Apache24'
[Sat May 03 05:28:08.296268 2025] [mpm_winnt:notice] [pid 4404:tid 320] AH00418: Parent: Created child process 18032
[Sat May 03 05:28:09.300391 2025] [mpm_winnt:notice] [pid 18032:tid 344] AH00354: Child: Starting 64 worker threads.
[Sat May 03 05:28:10.301028 2025] [mpm_winnt:notice] [pid 14968:tid 344] AH00364: Child: All worker threads have exited.
[Sat May 03 05:28:26.548819 2025] [cgi:error] [pid 18032:tid 996] [client ::1:59243] AH01215: stderr from C:/Apache24/cgi-bin/save_search_request.py: C:\\Apache24\\cgi-bin\\save_search_request.py:2: DeprecationWarning: 'cgi' is deprecated and slated for removal in Python 3.13, referer: http://localhost/static/Design3.1.html?departure=%D0%9C%D0%BE%D1%81%D0%BA%D0%B2%D0%B0&destination=%D0%94%D1%83%D0%B1%D0%B0%D0%B9&departure_date=2025-05-03&return_date=&passengers=1&class=economy
[Sat May 03 05:28:26.548819 2025] [cgi:error] [pid 18032:tid 996] [client ::1:59243] AH01215: stderr from C:/Apache24/cgi-bin/save_search_request.py:   import cgi, referer: http://localhost/static/Design3.1.html?departure=%D0%9C%D0%BE%D1%81%D0%BA%D0%B2%D0%B0&destination=%D0%94%D1%83%D0%B1%D0%B0%D0%B9&departure_date=2025-05-03&return_date=&passengers=1&class=economy
[Sat May 03 05:28:50.671110 2025] [cgi:error] [pid 18032:tid 996] [client ::1:59260] AH01215: stderr from C:/Apache24/cgi-bin/book_flight.py: C:\\Apache24\\cgi-bin\\book_flight.py:3: DeprecationWarning: 'cgi' is deprecated and slated for removal in Python 3.13, referer: http://localhost/static/Design3.1.html?departure=%D0%9C%D0%BE%D1%81%D0%BA%D0%B2%D0%B0&destination=%D0%94%D1%83%D0%B1%D0%B0%D0%B9&departure_date=2025-05-03&return_date=&passengers=1&class=economy
[Sat May 03 05:28:50.671110 2025] [cgi:error] [pid 18032:tid 996] [client ::1:59260] AH01215: stderr from C:/Apache24/cgi-bin/book_flight.py:   import cgi, referer: http://localhost/static/Design3.1.html?departure=%D0%9C%D0%BE%D1%81%D0%BA%D0%B2%D0%B0&destination=%D0%94%D1%83%D0%B1%D0%B0%D0%B9&departure_date=2025-05-03&return_date=&passengers=1&class=economy
[Sat May 03 05:28:50.671110 2025] [cgi:error] [pid 18032:tid 996] [client ::1:59260] AH01215: stderr from C:/Apache24/cgi-bin/book_flight.py: C:\\Apache24\\cgi-bin\\book_flight.py:7: DeprecationWarning: 'cgitb' is deprecated and slated for removal in Python 3.13, referer: http://localhost/static/Design3.1.html?departure=%D0%9C%D0%BE%D1%81%D0%BA%D0%B2%D0%B0&destination=%D0%94%D1%83%D0%B1%D0%B0%D0%B9&departure_date=2025-05-03&return_date=&passengers=1&class=economy
[Sat May 03 05:28:50.671110 2025] [cgi:error] [pid 18032:tid 996] [client ::1:59260] AH01215: stderr from C:/Apache24/cgi-bin/book_flight.py:   import cgitb; cgitb.enable()  # \xc4\xeb\xff \xee\xf2\xeb\xe0\xe4\xea\xe8, referer: http://localhost/static/Design3.1.html?departure=%D0%9C%D0%BE%D1%81%D0%BA%D0%B2%D0%B0&destination=%D0%94%D1%83%D0%B1%D0%B0%D0%B9&departure_date=2025-05-03&return_date=&passengers=1&class=economy
[Sat May 03 05:29:08.538489 2025] [cgi:error] [pid 18032:tid 996] [client ::1:59272] AH01215: stderr from C:/Apache24/cgi-bin/book_flight.py: C:\\Apache24\\cgi-bin\\book_flight.py:3: DeprecationWarning: 'cgi' is deprecated and slated for removal in Python 3.13, referer: http://localhost/static/Design3.1.html?departure=%D0%9C%D0%BE%D1%81%D0%BA%D0%B2%D0%B0&destination=%D0%94%D1%83%D0%B1%D0%B0%D0%B9&departure_date=2025-05-03&return_date=&passengers=1&class=economy
[Sat May 03 05:29:08.538489 2025] [cgi:error] [pid 18032:tid 996] [client ::1:59272] AH01215: stderr from C:/Apache24/cgi-bin/book_flight.py:   import cgi, referer: http://localhost/static/Design3.1.html?departure=%D0%9C%D0%BE%D1%81%D0%BA%D0%B2%D0%B0&destination=%D0%94%D1%83%D0%B1%D0%B0%D0%B9&departure_date=2025-05-03&return_date=&passengers=1&class=economy
[Sat May 03 05:29:08.538489 2025] [cgi:error] [pid 18032:tid 996] [client ::1:59272] AH01215: stderr from C:/Apache24/cgi-bin/book_flight.py: C:\\Apache24\\cgi-bin\\book_flight.py:7: DeprecationWarning: 'cgitb' is deprecated and slated for removal in Python 3.13, referer: http://localhost/static/Design3.1.html?departure=%D0%9C%D0%BE%D1%81%D0%BA%D0%B2%D0%B0&destination=%D0%94%D1%83%D0%B1%D0%B0%D0%B9&departure_date=2025-05-03&return_date=&passengers=1&class=economy
[Sat May 03 05:29:08.538489 2025] [cgi:error] [pid 18032:tid 996] [client ::1:59272] AH01215: stderr from C:/Apache24/cgi-bin/book_flight.py:   import cgitb; cgitb.enable()  # \xc4\xeb\xff \xee\xf2\xeb\xe0\xe4\xea\xe8, referer: http://localhost/static/Design3.1.html?departure=%D0%9C%D0%BE%D1%81%D0%BA%D0%B2%D0%B0&destination=%D0%94%D1%83%D0%B1%D0%B0%D0%B9&departure_date=2025-05-03&return_date=&passengers=1&class=economy
The 'Apache2.4' service is restarting.
The 'Apache2.4' service has restarted.
winnt:notice] [pid 4404:tid 320] AH00424: Parent: Received restart signal -- Restarting the server.
[Sat May 03 05:30:55.737672 2025] [mpm_winnt:notice] [pid 4404:tid 320] AH00455: Apache/2.4.63 (Win64) configured -- resuming normal operations
[Sat May 03 05:30:55.737672 2025] [mpm_winnt:notice] [pid 4404:tid 320] AH00456: Apache Lounge VS17 Server built: Feb  3 2025 10:10:51
[Sat May 03 05:30:55.737672 2025] [core:notice] [pid 4404:tid 320] AH00094: Command line: 'C:\\Apache24\\bin\\httpd.exe -d C:/Apache24'
[Sat May 03 05:30:55.737672 2025] [mpm_winnt:notice] [pid 4404:tid 320] AH00418: Parent: Created child process 18940
[Sat May 03 05:30:56.740299 2025] [mpm_winnt:notice] [pid 18940:tid 360] AH00354: Child: Starting 64 worker threads.
[Sat May 03 05:30:57.754676 2025] [mpm_winnt:notice] [pid 18032:tid 344] AH00364: Child: All worker threads have exited.
[Sat May 03 05:31:17.898934 2025] [cgi:error] [pid 18940:tid 996] [client ::1:59368] AH01215: stderr from C:/Apache24/cgi-bin/save_search_request.py: C:\\Apache24\\cgi-bin\\save_search_request.py:2: DeprecationWarning: 'cgi' is deprecated and slated for removal in Python 3.13, referer: http://localhost/static/Design3.1.html?departure=%D0%9C%D0%BE%D1%81%D0%BA%D0%B2%D0%B0&destination=%D0%94%D1%83%D0%B1%D0%B0%D0%B9&departure_date=2025-05-03&return_date=&passengers=1&class=economy
[Sat May 03 05:31:17.898934 2025] [cgi:error] [pid 18940:tid 996] [client ::1:59368] AH01215: stderr from C:/Apache24/cgi-bin/save_search_request.py:   import cgi, referer: http://localhost/static/Design3.1.html?departure=%D0%9C%D0%BE%D1%81%D0%BA%D0%B2%D0%B0&destination=%D0%94%D1%83%D0%B1%D0%B0%D0%B9&departure_date=2025-05-03&return_date=&passengers=1&class=economy
[Sat May 03 05:31:47.057745 2025] [cgi:error] [pid 18940:tid 1000] [client ::1:59408] AH01215: stderr from C:/Apache24/cgi-bin/book_flight.py: C:\\Apache24\\cgi-bin\\book_flight.py:2: DeprecationWarning: 'cgi' is deprecated and slated for removal in Python 3.13, referer: http://localhost/static/Design3.1.html?departure=%D0%9C%D0%BE%D1%81%D0%BA%D0%B2%D0%B0&destination=%D0%94%D1%83%D0%B1%D0%B0%D0%B9&departure_date=2025-05-03&return_date=&passengers=1&class=economy
[Sat May 03 05:31:47.057745 2025] [cgi:error] [pid 18940:tid 1000] [client ::1:59408] AH01215: stderr from C:/Apache24/cgi-bin/book_flight.py:   import cgi, referer: http://localhost/static/Design3.1.html?departure=%D0%9C%D0%BE%D1%81%D0%BA%D0%B2%D0%B0&destination=%D0%94%D1%83%D0%B1%D0%B0%D0%B9&departure_date=2025-05-03&return_date=&passengers=1&class=economy
[Sat May 03 05:31:47.057745 2025] [cgi:error] [pid 18940:tid 1000] [client ::1:59408] AH01215: stderr from C:/Apache24/cgi-bin/book_flight.py: C:\\Apache24\\cgi-bin\\book_flight.py:6: DeprecationWarning: 'cgitb' is deprecated and slated for removal in Python 3.13, referer: http://localhost/static/Design3.1.html?departure=%D0%9C%D0%BE%D1%81%D0%BA%D0%B2%D0%B0&destination=%D0%94%D1%83%D0%B1%D0%B0%D0%B9&departure_date=2025-05-03&return_date=&passengers=1&class=economy
[Sat May 03 05:31:47.057745 2025] [cgi:error] [pid 18940:tid 1000] [client ::1:59408] AH01215: stderr from C:/Apache24/cgi-bin/book_flight.py:   import cgitb; cgitb.enable()  # \xc4\xeb\xff \xee\xf2\xeb\xe0\xe4\xea\xe8, referer: http://localhost/static/Design3.1.html?departure=%D0%9C%D0%BE%D1%81%D0%BA%D0%B2%D0%B0&destination=%D0%94%D1%83%D0%B1%D0%B0%D0%B9&departure_date=2025-05-03&return_date=&passengers=1&class=economy
[Sat May 03 05:35:25.336499 2025] [cgi:error] [pid 18940:tid 1000] [client ::1:59593] AH01215: stderr from C:/Apache24/cgi-bin/book_flight.py: C:\\Apache24\\cgi-bin\\book_flight.py:2: DeprecationWarning: 'cgi' is deprecated and slated for removal in Python 3.13, referer: http://localhost/static/Design3.1.html?departure=%D0%9C%D0%BE%D1%81%D0%BA%D0%B2%D0%B0&destination=%D0%94%D1%83%D0%B1%D0%B0%D0%B9&departure_date=2025-05-03&return_date=&passengers=1&class=economy
[Sat May 03 05:35:25.336499 2025] [cgi:error] [pid 18940:tid 1000] [client ::1:59593] AH01215: stderr from C:/Apache24/cgi-bin/book_flight.py:   import cgi, referer: http://localhost/static/Design3.1.html?departure=%D0%9C%D0%BE%D1%81%D0%BA%D0%B2%D0%B0&destination=%D0%94%D1%83%D0%B1%D0%B0%D0%B9&departure_date=2025-05-03&return_date=&passengers=1&class=economy
[Sat May 03 05:35:25.336499 2025] [cgi:error] [pid 18940:tid 1000] [client ::1:59593] AH01215: stderr from C:/Apache24/cgi-bin/book_flight.py: C:\\Apache24\\cgi-bin\\book_flight.py:6: DeprecationWarning: 'cgitb' is deprecated and slated for removal in Python 3.13, referer: http://localhost/static/Design3.1.html?departure=%D0%9C%D0%BE%D1%81%D0%BA%D0%B2%D0%B0&destination=%D0%94%D1%83%D0%B1%D0%B0%D0%B9&departure_date=2025-05-03&return_date=&passengers=1&class=economy
[Sat May 03 05:35:25.336499 2025] [cgi:error] [pid 18940:tid 1000] [client ::1:59593] AH01215: stderr from C:/Apache24/cgi-bin/book_flight.py:   import cgitb; cgitb.enable()  # \xc4\xeb\xff \xee\xf2\xeb\xe0\xe4\xea\xe8, referer: http://localhost/static/Design3.1.html?departure=%D0%9C%D0%BE%D1%81%D0%BA%D0%B2%D0%B0&destination=%D0%94%D1%83%D0%B1%D0%B0%D0%B9&departure_date=2025-05-03&return_date=&passengers=1&class=economy
The 'Apache2.4' service is restarting.
The 'Apache2.4' service has restarted.
winnt:notice] [pid 4404:tid 320] AH00424: Parent: Received restart signal -- Restarting the server.
[Sat May 03 05:43:39.156836 2025] [mpm_winnt:notice] [pid 4404:tid 320] AH00455: Apache/2.4.63 (Win64) configured -- resuming normal operations
[Sat May 03 05:43:39.156836 2025] [mpm_winnt:notice] [pid 4404:tid 320] AH00456: Apache Lounge VS17 Server built: Feb  3 2025 10:10:51
[Sat May 03 05:43:39.156836 2025] [core:notice] [pid 4404:tid 320] AH00094: Command line: 'C:\\Apache24\\bin\\httpd.exe -d C:/Apache24'
[Sat May 03 05:43:39.156836 2025] [mpm_winnt:notice] [pid 4404:tid 320] AH00418: Parent: Created child process 13100
[Sat May 03 05:43:40.156356 2025] [mpm_winnt:notice] [pid 13100:tid 344] AH00354: Child: Starting 64 worker threads.
[Sat May 03 05:43:41.160661 2025] [mpm_winnt:notice] [pid 18940:tid 360] AH00364: Child: All worker threads have exited.
[Sat May 03 05:44:08.089314 2025] [cgi:error] [pid 13100:tid 996] [client ::1:59988] AH01215: stderr from C:/Apache24/cgi-bin/save_search_request.py: C:\\Apache24\\cgi-bin\\save_search_request.py:2: DeprecationWarning: 'cgi' is deprecated and slated for removal in Python 3.13, referer: http://localhost/static/Design3.1.html?departure=%D0%9C%D0%BE%D1%81%D0%BA%D0%B2%D0%B0&destination=%D0%94%D1%83%D0%B1%D0%B0%D0%B9&departure_date=2025-05-03&return_date=&passengers=1&class=economy
[Sat May 03 05:44:08.089314 2025] [cgi:error] [pid 13100:tid 996] [client ::1:59988] AH01215: stderr from C:/Apache24/cgi-bin/save_search_request.py:   import cgi, referer: http://localhost/static/Design3.1.html?departure=%D0%9C%D0%BE%D1%81%D0%BA%D0%B2%D0%B0&destination=%D0%94%D1%83%D0%B1%D0%B0%D0%B9&departure_date=2025-05-03&return_date=&passengers=1&class=economy
[Sat May 03 05:44:40.186873 2025] [cgi:error] [pid 13100:tid 996] [client ::1:60030] AH01215: stderr from C:/Apache24/cgi-bin/save_search_request.py: C:\\Apache24\\cgi-bin\\save_search_request.py:2: DeprecationWarning: 'cgi' is deprecated and slated for removal in Python 3.13, referer: http://localhost/static/Design3.1.html?departure=%D0%9C%D0%BE%D1%81%D0%BA%D0%B2%D0%B0&destination=%D0%94%D1%83%D0%B1%D0%B0%D0%B9&departure_date=2025-05-03&return_date=&passengers=1&class=economy
[Sat May 03 05:44:40.186873 2025] [cgi:error] [pid 13100:tid 996] [client ::1:60030] AH01215: stderr from C:/Apache24/cgi-bin/save_search_request.py:   import cgi, referer: http://localhost/static/Design3.1.html?departure=%D0%9C%D0%BE%D1%81%D0%BA%D0%B2%D0%B0&destination=%D0%94%D1%83%D0%B1%D0%B0%D0%B9&departure_date=2025-05-03&return_date=&passengers=1&class=economy
[Sat May 03 05:45:28.168398 2025] [cgi:error] [pid 13100:tid 996] [client ::1:60075] AH01215: stderr from C:/Apache24/cgi-bin/book_flight.py: C:\\Apache24\\cgi-bin\\book_flight.py:3: DeprecationWarning: 'cgi' is deprecated and slated for removal in Python 3.13, referer: http://localhost/static/Design3.1.html?departure=%D0%9C%D0%BE%D1%81%D0%BA%D0%B2%D0%B0&destination=%D0%94%D1%83%D0%B1%D0%B0%D0%B9&departure_date=2025-05-03&return_date=&passengers=1&class=economy
[Sat May 03 05:45:28.168398 2025] [cgi:error] [pid 13100:tid 996] [client ::1:60075] AH01215: stderr from C:/Apache24/cgi-bin/book_flight.py:   import cgi, referer: http://localhost/static/Design3.1.html?departure=%D0%9C%D0%BE%D1%81%D0%BA%D0%B2%D0%B0&destination=%D0%94%D1%83%D0%B1%D0%B0%D0%B9&departure_date=2025-05-03&return_date=&passengers=1&class=economy
[Sat May 03 05:45:28.168398 2025] [cgi:error] [pid 13100:tid 996] [client ::1:60075] AH01215: stderr from C:/Apache24/cgi-bin/book_flight.py: C:\\Apache24\\cgi-bin\\book_flight.py:7: DeprecationWarning: 'cgitb' is deprecated and slated for removal in Python 3.13, referer: http://localhost/static/Design3.1.html?departure=%D0%9C%D0%BE%D1%81%D0%BA%D0%B2%D0%B0&destination=%D0%94%D1%83%D0%B1%D0%B0%D0%B9&departure_date=2025-05-03&return_date=&passengers=1&class=economy
[Sat May 03 05:45:28.168398 2025] [cgi:error] [pid 13100:tid 996] [client ::1:60075] AH01215: stderr from C:/Apache24/cgi-bin/book_flight.py:   import cgitb; cgitb.enable()  # \xc4\xeb\xff \xee\xf2\xeb\xe0\xe4\xea\xe8, referer: http://localhost/static/Design3.1.html?departure=%D0%9C%D0%BE%D1%81%D0%BA%D0%B2%D0%B0&destination=%D0%94%D1%83%D0%B1%D0%B0%D0%B9&departure_date=2025-05-03&return_date=&passengers=1&class=economy
The 'Apache2.4' service is restarting.
The 'Apache2.4' service has restarted.
winnt:notice] [pid 4404:tid 320] AH00424: Parent: Received restart signal -- Restarting the server.
[Sat May 03 05:51:27.227905 2025] [mpm_winnt:notice] [pid 4404:tid 320] AH00455: Apache/2.4.63 (Win64) configured -- resuming normal operations
[Sat May 03 05:51:27.227905 2025] [mpm_winnt:notice] [pid 4404:tid 320] AH00456: Apache Lounge VS17 Server built: Feb  3 2025 10:10:51
[Sat May 03 05:51:27.227905 2025] [core:notice] [pid 4404:tid 320] AH00094: Command line: 'C:\\Apache24\\bin\\httpd.exe -d C:/Apache24'
[Sat May 03 05:51:27.227905 2025] [mpm_winnt:notice] [pid 4404:tid 320] AH00418: Parent: Created child process 11496
[Sat May 03 05:51:28.233625 2025] [mpm_winnt:notice] [pid 11496:tid 344] AH00354: Child: Starting 64 worker threads.
[Sat May 03 05:51:29.233987 2025] [mpm_winnt:notice] [pid 13100:tid 344] AH00364: Child: All worker threads have exited.
[Sat May 03 05:52:00.503311 2025] [cgi:error] [pid 11496:tid 996] [client ::1:60368] AH01215: stderr from C:/Apache24/cgi-bin/save_search_request.py: C:\\Apache24\\cgi-bin\\save_search_request.py:2: DeprecationWarning: 'cgi' is deprecated and slated for removal in Python 3.13, referer: http://localhost/static/Design3.1.html?departure=%D0%9C%D0%BE%D1%81%D0%BA%D0%B2%D0%B0&destination=%D0%94%D1%83%D0%B1%D0%B0%D0%B9&departure_date=2025-05-03&return_date=&passengers=1&class=economy
[Sat May 03 05:52:00.503311 2025] [cgi:error] [pid 11496:tid 996] [client ::1:60368] AH01215: stderr from C:/Apache24/cgi-bin/save_search_request.py:   import cgi, referer: http://localhost/static/Design3.1.html?departure=%D0%9C%D0%BE%D1%81%D0%BA%D0%B2%D0%B0&destination=%D0%94%D1%83%D0%B1%D0%B0%D0%B9&departure_date=2025-05-03&return_date=&passengers=1&class=economy
[Sat May 03 05:52:27.242060 2025] [cgi:error] [pid 11496:tid 996] [client ::1:60416] AH01215: stderr from C:/Apache24/cgi-bin/book_flight.py: C:\\Apache24\\cgi-bin\\book_flight.py:3: DeprecationWarning: 'cgi' is deprecated and slated for removal in Python 3.13, referer: http://localhost/static/Design3.1.html?departure=%D0%9C%D0%BE%D1%81%D0%BA%D0%B2%D0%B0&destination=%D0%94%D1%83%D0%B1%D0%B0%D0%B9&departure_date=2025-05-03&return_date=&passengers=1&class=economy
[Sat May 03 05:52:27.242060 2025] [cgi:error] [pid 11496:tid 996] [client ::1:60416] AH01215: stderr from C:/Apache24/cgi-bin/book_flight.py:   import cgi, referer: http://localhost/static/Design3.1.html?departure=%D0%9C%D0%BE%D1%81%D0%BA%D0%B2%D0%B0&destination=%D0%94%D1%83%D0%B1%D0%B0%D0%B9&departure_date=2025-05-03&return_date=&passengers=1&class=economy
[Sat May 03 05:52:27.243055 2025] [cgi:error] [pid 11496:tid 996] [client ::1:60416] AH01215: stderr from C:/Apache24/cgi-bin/book_flight.py: C:\\Apache24\\cgi-bin\\book_flight.py:7: DeprecationWarning: 'cgitb' is deprecated and slated for removal in Python 3.13, referer: http://localhost/static/Design3.1.html?departure=%D0%9C%D0%BE%D1%81%D0%BA%D0%B2%D0%B0&destination=%D0%94%D1%83%D0%B1%D0%B0%D0%B9&departure_date=2025-05-03&return_date=&passengers=1&class=economy
[Sat May 03 05:52:27.243055 2025] [cgi:error] [pid 11496:tid 996] [client ::1:60416] AH01215: stderr from C:/Apache24/cgi-bin/book_flight.py:   import cgitb; cgitb.enable()  # \xc4\xeb\xff \xee\xf2\xeb\xe0\xe4\xea\xe8, referer: http://localhost/static/Design3.1.html?departure=%D0%9C%D0%BE%D1%81%D0%BA%D0%B2%D0%B0&destination=%D0%94%D1%83%D0%B1%D0%B0%D0%B9&departure_date=2025-05-03&return_date=&passengers=1&class=economy
[Sat May 03 05:53:05.718041 2025] [cgi:error] [pid 11496:tid 996] [client ::1:60446] AH01215: stderr from C:/Apache24/cgi-bin/book_flight.py: C:\\Apache24\\cgi-bin\\book_flight.py:3: DeprecationWarning: 'cgi' is deprecated and slated for removal in Python 3.13, referer: http://localhost/static/Design3.1.html?departure=%D0%9C%D0%BE%D1%81%D0%BA%D0%B2%D0%B0&destination=%D0%94%D1%83%D0%B1%D0%B0%D0%B9&departure_date=2025-05-03&return_date=&passengers=1&class=economy
[Sat May 03 05:53:05.718041 2025] [cgi:error] [pid 11496:tid 996] [client ::1:60446] AH01215: stderr from C:/Apache24/cgi-bin/book_flight.py:   import cgi, referer: http://localhost/static/Design3.1.html?departure=%D0%9C%D0%BE%D1%81%D0%BA%D0%B2%D0%B0&destination=%D0%94%D1%83%D0%B1%D0%B0%D0%B9&departure_date=2025-05-03&return_date=&passengers=1&class=economy
[Sat May 03 05:53:05.718041 2025] [cgi:error] [pid 11496:tid 996] [client ::1:60446] AH01215: stderr from C:/Apache24/cgi-bin/book_flight.py: C:\\Apache24\\cgi-bin\\book_flight.py:7: DeprecationWarning: 'cgitb' is deprecated and slated for removal in Python 3.13, referer: http://localhost/static/Design3.1.html?departure=%D0%9C%D0%BE%D1%81%D0%BA%D0%B2%D0%B0&destination=%D0%94%D1%83%D0%B1%D0%B0%D0%B9&departure_date=2025-05-03&return_date=&passengers=1&class=economy
[Sat May 03 05:53:05.718041 2025] [cgi:error] [pid 11496:tid 996] [client ::1:60446] AH01215: stderr from C:/Apache24/cgi-bin/book_flight.py:   import cgitb; cgitb.enable()  # \xc4\xeb\xff \xee\xf2\xeb\xe0\xe4\xea\xe8, referer: http://localhost/static/Design3.1.html?departure=%D0%9C%D0%BE%D1%81%D0%BA%D0%B2%D0%B0&destination=%D0%94%D1%83%D0%B1%D0%B0%D0%B9&departure_date=2025-05-03&return_date=&passengers=1&class=economy
The 'Apache2.4' service is restarting.
The 'Apache2.4' service has restarted.
winnt:notice] [pid 4404:tid 320] AH00424: Parent: Received restart signal -- Restarting the server.
[Sat May 03 06:10:25.395496 2025] [mpm_winnt:notice] [pid 4404:tid 320] AH00455: Apache/2.4.63 (Win64) configured -- resuming normal operations
[Sat May 03 06:10:25.395496 2025] [mpm_winnt:notice] [pid 4404:tid 320] AH00456: Apache Lounge VS17 Server built: Feb  3 2025 10:10:51
[Sat May 03 06:10:25.395496 2025] [core:notice] [pid 4404:tid 320] AH00094: Command line: 'C:\\Apache24\\bin\\httpd.exe -d C:/Apache24'
[Sat May 03 06:10:25.395496 2025] [mpm_winnt:notice] [pid 4404:tid 320] AH00418: Parent: Created child process 20160
[Sat May 03 06:10:26.402322 2025] [mpm_winnt:notice] [pid 20160:tid 360] AH00354: Child: Starting 64 worker threads.
[Sat May 03 06:10:27.403281 2025] [mpm_winnt:notice] [pid 11496:tid 344] AH00364: Child: All worker threads have exited.
[Sat May 03 06:10:41.020661 2025] [cgi:error] [pid 20160:tid 996] [client ::1:61314] AH01215: stderr from C:/Apache24/cgi-bin/save_search_request.py: C:\\Apache24\\cgi-bin\\save_search_request.py:2: DeprecationWarning: 'cgi' is deprecated and slated for removal in Python 3.13, referer: http://localhost/static/Design3.1.html?departure=%D0%9C%D0%BE%D1%81%D0%BA%D0%B2%D0%B0&destination=%D0%94%D1%83%D0%B1%D0%B0%D0%B9&departure_date=2025-05-03&return_date=&passengers=1&class=economy
[Sat May 03 06:10:41.020661 2025] [cgi:error] [pid 20160:tid 996] [client ::1:61314] AH01215: stderr from C:/Apache24/cgi-bin/save_search_request.py:   import cgi, referer: http://localhost/static/Design3.1.html?departure=%D0%9C%D0%BE%D1%81%D0%BA%D0%B2%D0%B0&destination=%D0%94%D1%83%D0%B1%D0%B0%D0%B9&departure_date=2025-05-03&return_date=&passengers=1&class=economy
[Sat May 03 06:11:06.684396 2025] [cgi:error] [pid 20160:tid 996] [client ::1:61348] AH01215: stderr from C:/Apache24/cgi-bin/book_flight.py: C:\\Apache24\\cgi-bin\\book_flight.py:3: DeprecationWarning: 'cgi' is deprecated and slated for removal in Python 3.13, referer: http://localhost/static/Design3.1.html?departure=%D0%9C%D0%BE%D1%81%D0%BA%D0%B2%D0%B0&destination=%D0%94%D1%83%D0%B1%D0%B0%D0%B9&departure_date=2025-05-03&return_date=&passengers=1&class=economy
[Sat May 03 06:11:06.684396 2025] [cgi:error] [pid 20160:tid 996] [client ::1:61348] AH01215: stderr from C:/Apache24/cgi-bin/book_flight.py:   import cgi, referer: http://localhost/static/Design3.1.html?departure=%D0%9C%D0%BE%D1%81%D0%BA%D0%B2%D0%B0&destination=%D0%94%D1%83%D0%B1%D0%B0%D0%B9&departure_date=2025-05-03&return_date=&passengers=1&class=economy
[Sat May 03 06:11:06.684396 2025] [cgi:error] [pid 20160:tid 996] [client ::1:61348] AH01215: stderr from C:/Apache24/cgi-bin/book_flight.py: C:\\Apache24\\cgi-bin\\book_flight.py:7: DeprecationWarning: 'cgitb' is deprecated and slated for removal in Python 3.13, referer: http://localhost/static/Design3.1.html?departure=%D0%9C%D0%BE%D1%81%D0%BA%D0%B2%D0%B0&destination=%D0%94%D1%83%D0%B1%D0%B0%D0%B9&departure_date=2025-05-03&return_date=&passengers=1&class=economy
[Sat May 03 06:11:06.684396 2025] [cgi:error] [pid 20160:tid 996] [client ::1:61348] AH01215: stderr from C:/Apache24/cgi-bin/book_flight.py:   import cgitb; cgitb.enable()  # \xc4\xeb\xff \xee\xf2\xeb\xe0\xe4\xea\xe8, referer: http://localhost/static/Design3.1.html?departure=%D0%9C%D0%BE%D1%81%D0%BA%D0%B2%D0%B0&destination=%D0%94%D1%83%D0%B1%D0%B0%D0%B9&departure_date=2025-05-03&return_date=&passengers=1&class=economy
[Sat May 03 06:11:29.088054 2025] [cgi:error] [pid 20160:tid 996] [client ::1:61355] AH01215: stderr from C:/Apache24/cgi-bin/save_search_request.py: C:\\Apache24\\cgi-bin\\save_search_request.py:2: DeprecationWarning: 'cgi' is deprecated and slated for removal in Python 3.13, referer: http://localhost/static/Design3.1.html?departure=%D0%9C%D0%BE%D1%81%D0%BA%D0%B2%D0%B0&destination=%D0%94%D1%83%D0%B1%D0%B0%D0%B9&departure_date=2025-05-03&return_date=&passengers=1&class=economy
[Sat May 03 06:11:29.088054 2025] [cgi:error] [pid 20160:tid 996] [client ::1:61355] AH01215: stderr from C:/Apache24/cgi-bin/save_search_request.py:   import cgi, referer: http://localhost/static/Design3.1.html?departure=%D0%9C%D0%BE%D1%81%D0%BA%D0%B2%D0%B0&destination=%D0%94%D1%83%D0%B1%D0%B0%D0%B9&departure_date=2025-05-03&return_date=&passengers=1&class=economy
[Sat May 03 06:12:01.345493 2025] [cgi:error] [pid 20160:tid 996] [client ::1:61372] AH01215: stderr from C:/Apache24/cgi-bin/save_search_request.py: C:\\Apache24\\cgi-bin\\save_search_request.py:2: DeprecationWarning: 'cgi' is deprecated and slated for removal in Python 3.13, referer: http://localhost/static/Design3.1.html?departure=%D0%9C%D0%BE%D1%81%D0%BA%D0%B2%D0%B0&destination=%D0%94%D1%83%D0%B1%D0%B0%D0%B9&departure_date=2025-05-03&return_date=&passengers=1&class=economy
[Sat May 03 06:12:01.345493 2025] [cgi:error] [pid 20160:tid 996] [client ::1:61372] AH01215: stderr from C:/Apache24/cgi-bin/save_search_request.py:   import cgi, referer: http://localhost/static/Design3.1.html?departure=%D0%9C%D0%BE%D1%81%D0%BA%D0%B2%D0%B0&destination=%D0%94%D1%83%D0%B1%D0%B0%D0%B9&departure_date=2025-05-03&return_date=&passengers=1&class=economy
[Sat May 03 06:13:08.755960 2025] [cgi:error] [pid 20160:tid 1000] [client ::1:61396] AH01215: stderr from C:/Apache24/cgi-bin/save_search_request.py: C:\\Apache24\\cgi-bin\\save_search_request.py:2: DeprecationWarning: 'cgi' is deprecated and slated for removal in Python 3.13, referer: http://localhost/static/Design3.1.html?first_name=dias&last_name=karim&email=kkarimolla98%40bk.ru&flight_id=1&passengers=1&price=6926
[Sat May 03 06:13:08.755960 2025] [cgi:error] [pid 20160:tid 1000] [client ::1:61396] AH01215: stderr from C:/Apache24/cgi-bin/save_search_request.py:   import cgi, referer: http://localhost/static/Design3.1.html?first_name=dias&last_name=karim&email=kkarimolla98%40bk.ru&flight_id=1&passengers=1&price=6926
[Sat May 03 06:13:38.655145 2025] [cgi:error] [pid 20160:tid 1000] [client ::1:61418] AH01215: stderr from C:/Apache24/cgi-bin/book_flight.py: C:\\Apache24\\cgi-bin\\book_flight.py:3: DeprecationWarning: 'cgi' is deprecated and slated for removal in Python 3.13, referer: http://localhost/static/Design3.1.html?first_name=dias&last_name=karim&email=kkarimolla98%40bk.ru&flight_id=1&passengers=1&price=6926
[Sat May 03 06:13:38.655145 2025] [cgi:error] [pid 20160:tid 1000] [client ::1:61418] AH01215: stderr from C:/Apache24/cgi-bin/book_flight.py:   import cgi, referer: http://localhost/static/Design3.1.html?first_name=dias&last_name=karim&email=kkarimolla98%40bk.ru&flight_id=1&passengers=1&price=6926
[Sat May 03 06:13:38.655145 2025] [cgi:error] [pid 20160:tid 1000] [client ::1:61418] AH01215: stderr from C:/Apache24/cgi-bin/book_flight.py: C:\\Apache24\\cgi-bin\\book_flight.py:7: DeprecationWarning: 'cgitb' is deprecated and slated for removal in Python 3.13, referer: http://localhost/static/Design3.1.html?first_name=dias&last_name=karim&email=kkarimolla98%40bk.ru&flight_id=1&passengers=1&price=6926
[Sat May 03 06:13:38.655145 2025] [cgi:error] [pid 20160:tid 1000] [client ::1:61418] AH01215: stderr from C:/Apache24/cgi-bin/book_flight.py:   import cgitb; cgitb.enable()  # \xc4\xeb\xff \xee\xf2\xeb\xe0\xe4\xea\xe8, referer: http://localhost/static/Design3.1.html?first_name=dias&last_name=karim&email=kkarimolla98%40bk.ru&flight_id=1&passengers=1&price=6926
The 'Apache2.4' service is restarting.
The 'Apache2.4' service has restarted.
winnt:notice] [pid 4404:tid 320] AH00424: Parent: Received restart signal -- Restarting the server.
[Sat May 03 06:17:27.526987 2025] [mpm_winnt:notice] [pid 4404:tid 320] AH00455: Apache/2.4.63 (Win64) configured -- resuming normal operations
[Sat May 03 06:17:27.526987 2025] [mpm_winnt:notice] [pid 4404:tid 320] AH00456: Apache Lounge VS17 Server built: Feb  3 2025 10:10:51
[Sat May 03 06:17:27.526987 2025] [core:notice] [pid 4404:tid 320] AH00094: Command line: 'C:\\Apache24\\bin\\httpd.exe -d C:/Apache24'
[Sat May 03 06:17:27.526987 2025] [mpm_winnt:notice] [pid 4404:tid 320] AH00418: Parent: Created child process 15844
[Sat May 03 06:17:28.533671 2025] [mpm_winnt:notice] [pid 15844:tid 344] AH00354: Child: Starting 64 worker threads.
[Sat May 03 06:17:29.538108 2025] [mpm_winnt:notice] [pid 20160:tid 360] AH00364: Child: All worker threads have exited.
[Sat May 03 06:17:48.189276 2025] [cgi:error] [pid 15844:tid 996] [client ::1:61616] AH01215: stderr from C:/Apache24/cgi-bin/save_search_request.py: C:\\Apache24\\cgi-bin\\save_search_request.py:2: DeprecationWarning: 'cgi' is deprecated and slated for removal in Python 3.13, referer: http://localhost/static/Design3.1.html?first_name=dias&last_name=karim&email=kkarimolla98%40bk.ru&flight_id=1&passengers=1&price=6926
[Sat May 03 06:17:48.189276 2025] [cgi:error] [pid 15844:tid 996] [client ::1:61616] AH01215: stderr from C:/Apache24/cgi-bin/save_search_request.py:   import cgi, referer: http://localhost/static/Design3.1.html?first_name=dias&last_name=karim&email=kkarimolla98%40bk.ru&flight_id=1&passengers=1&price=6926
[Sat May 03 06:18:15.685318 2025] [cgi:error] [pid 15844:tid 996] [client ::1:61632] AH01215: stderr from C:/Apache24/cgi-bin/book_flight.py: C:\\Apache24\\cgi-bin\\book_flight.py:2: DeprecationWarning: 'cgi' is deprecated and slated for removal in Python 3.13, referer: http://localhost/static/Design3.1.html?first_name=dias&last_name=karim&email=kkarimolla98%40bk.ru&flight_id=1&passengers=1&price=6926
[Sat May 03 06:18:15.685318 2025] [cgi:error] [pid 15844:tid 996] [client ::1:61632] AH01215: stderr from C:/Apache24/cgi-bin/book_flight.py:   import cgi, referer: http://localhost/static/Design3.1.html?first_name=dias&last_name=karim&email=kkarimolla98%40bk.ru&flight_id=1&passengers=1&price=6926
[Sat May 03 06:18:15.685318 2025] [cgi:error] [pid 15844:tid 996] [client ::1:61632] AH01215: stderr from C:/Apache24/cgi-bin/book_flight.py: C:\\Apache24\\cgi-bin\\book_flight.py:6: DeprecationWarning: 'cgitb' is deprecated and slated for removal in Python 3.13, referer: http://localhost/static/Design3.1.html?first_name=dias&last_name=karim&email=kkarimolla98%40bk.ru&flight_id=1&passengers=1&price=6926
[Sat May 03 06:18:15.685318 2025] [cgi:error] [pid 15844:tid 996] [client ::1:61632] AH01215: stderr from C:/Apache24/cgi-bin/book_flight.py:   import cgitb; cgitb.enable()  # \xc4\xeb\xff \xee\xf2\xeb\xe0\xe4\xea\xe8, referer: http://localhost/static/Design3.1.html?first_name=dias&last_name=karim&email=kkarimolla98%40bk.ru&flight_id=1&passengers=1&price=6926
The 'Apache2.4' service is restarting.
The 'Apache2.4' service has restarted.
winnt:notice] [pid 4404:tid 320] AH00424: Parent: Received restart signal -- Restarting the server.
[Sat May 03 06:20:54.759387 2025] [mpm_winnt:notice] [pid 4404:tid 320] AH00455: Apache/2.4.63 (Win64) configured -- resuming normal operations
[Sat May 03 06:20:54.759387 2025] [mpm_winnt:notice] [pid 4404:tid 320] AH00456: Apache Lounge VS17 Server built: Feb  3 2025 10:10:51
[Sat May 03 06:20:54.759387 2025] [core:notice] [pid 4404:tid 320] AH00094: Command line: 'C:\\Apache24\\bin\\httpd.exe -d C:/Apache24'
[Sat May 03 06:20:54.759387 2025] [mpm_winnt:notice] [pid 4404:tid 320] AH00418: Parent: Created child process 18056
[Sat May 03 06:20:55.767557 2025] [mpm_winnt:notice] [pid 18056:tid 344] AH00354: Child: Starting 64 worker threads.
[Sat May 03 06:20:56.774170 2025] [mpm_winnt:notice] [pid 15844:tid 344] AH00364: Child: All worker threads have exited.
[Sat May 03 06:21:05.982202 2025] [cgi:error] [pid 18056:tid 964] [client ::1:61764] AH01215: stderr from C:/Apache24/cgi-bin/save_search_request.py: C:\\Apache24\\cgi-bin\\save_search_request.py:2: DeprecationWarning: 'cgi' is deprecated and slated for removal in Python 3.13, referer: http://localhost/static/Design3.1.html?first_name=dias&last_name=karim&email=kkarimolla98%40bk.ru&flight_id=1&passengers=1&price=6926
[Sat May 03 06:21:05.982202 2025] [cgi:error] [pid 18056:tid 964] [client ::1:61764] AH01215: stderr from C:/Apache24/cgi-bin/save_search_request.py:   import cgi, referer: http://localhost/static/Design3.1.html?first_name=dias&last_name=karim&email=kkarimolla98%40bk.ru&flight_id=1&passengers=1&price=6926
[Sat May 03 06:21:29.612840 2025] [cgi:error] [pid 18056:tid 964] [client ::1:61782] AH01215: stderr from C:/Apache24/cgi-bin/book_flight.py: C:\\Apache24\\cgi-bin\\book_flight.py:2: DeprecationWarning: 'cgi' is deprecated and slated for removal in Python 3.13, referer: http://localhost/static/Design3.1.html?first_name=dias&last_name=karim&email=kkarimolla98%40bk.ru&flight_id=1&passengers=1&price=6926
[Sat May 03 06:21:29.612840 2025] [cgi:error] [pid 18056:tid 964] [client ::1:61782] AH01215: stderr from C:/Apache24/cgi-bin/book_flight.py:   import cgi, referer: http://localhost/static/Design3.1.html?first_name=dias&last_name=karim&email=kkarimolla98%40bk.ru&flight_id=1&passengers=1&price=6926
[Sat May 03 06:21:29.612840 2025] [cgi:error] [pid 18056:tid 964] [client ::1:61782] AH01215: stderr from C:/Apache24/cgi-bin/book_flight.py: C:\\Apache24\\cgi-bin\\book_flight.py:6: DeprecationWarning: 'cgitb' is deprecated and slated for removal in Python 3.13, referer: http://localhost/static/Design3.1.html?first_name=dias&last_name=karim&email=kkarimolla98%40bk.ru&flight_id=1&passengers=1&price=6926
[Sat May 03 06:21:29.612840 2025] [cgi:error] [pid 18056:tid 964] [client ::1:61782] AH01215: stderr from C:/Apache24/cgi-bin/book_flight.py:   import cgitb; cgitb.enable()  # \xc4\xeb\xff \xee\xf2\xeb\xe0\xe4\xea\xe8, referer: http://localhost/static/Design3.1.html?first_name=dias&last_name=karim&email=kkarimolla98%40bk.ru&flight_id=1&passengers=1&price=6926
[Sat May 03 06:21:29.798575 2025] [cgi:error] [pid 18056:tid 964] [client ::1:61782] AH01215: stderr from C:/Apache24/cgi-bin/generate_ticket.py: C:\\Apache24\\cgi-bin\\generate_ticket.py:2: DeprecationWarning: 'cgi' is deprecated and slated for removal in Python 3.13, referer: http://localhost/static/Design3.1.html?first_name=dias&last_name=karim&email=kkarimolla98%40bk.ru&flight_id=1&passengers=1&price=6926
[Sat May 03 06:21:29.798575 2025] [cgi:error] [pid 18056:tid 964] [client ::1:61782] AH01215: stderr from C:/Apache24/cgi-bin/generate_ticket.py:   import cgi, referer: http://localhost/static/Design3.1.html?first_name=dias&last_name=karim&email=kkarimolla98%40bk.ru&flight_id=1&passengers=1&price=6926
[Sat May 03 06:21:29.798575 2025] [cgi:error] [pid 18056:tid 964] [client ::1:61782] AH01215: stderr from C:/Apache24/cgi-bin/generate_ticket.py: Traceback (most recent call last):, referer: http://localhost/static/Design3.1.html?first_name=dias&last_name=karim&email=kkarimolla98%40bk.ru&flight_id=1&passengers=1&price=6926
[Sat May 03 06:21:29.798575 2025] [cgi:error] [pid 18056:tid 964] [client ::1:61782] AH01215: stderr from C:/Apache24/cgi-bin/generate_ticket.py:   File "C:\\Apache24\\cgi-bin\\generate_ticket.py", line 127, in <module>, referer: http://localhost/static/Design3.1.html?first_name=dias&last_name=karim&email=kkarimolla98%40bk.ru&flight_id=1&passengers=1&price=6926
[Sat May 03 06:21:29.798575 2025] [cgi:error] [pid 18056:tid 964] [client ::1:61782] AH01215: stderr from C:/Apache24/cgi-bin/generate_ticket.py:     subprocess.run(['latexmk', '-pdf', latex_file], check=True), referer: http://localhost/static/Design3.1.html?first_name=dias&last_name=karim&email=kkarimolla98%40bk.ru&flight_id=1&passengers=1&price=6926
[Sat May 03 06:21:29.798575 2025] [cgi:error] [pid 18056:tid 964] [client ::1:61782] AH01215: stderr from C:/Apache24/cgi-bin/generate_ticket.py:   File "C:\\Users\\kkari\\AppData\\Local\\Programs\\Python\\Python312\\Lib\\subprocess.py", line 548, in run, referer: http://localhost/static/Design3.1.html?first_name=dias&last_name=karim&email=kkarimolla98%40bk.ru&flight_id=1&passengers=1&price=6926
[Sat May 03 06:21:29.798575 2025] [cgi:error] [pid 18056:tid 964] [client ::1:61782] AH01215: stderr from C:/Apache24/cgi-bin/generate_ticket.py:     with Popen(*popenargs, **kwargs) as process:, referer: http://localhost/static/Design3.1.html?first_name=dias&last_name=karim&email=kkarimolla98%40bk.ru&flight_id=1&passengers=1&price=6926
[Sat May 03 06:21:29.798575 2025] [cgi:error] [pid 18056:tid 964] [client ::1:61782] AH01215: stderr from C:/Apache24/cgi-bin/generate_ticket.py:          ^^^^^^^^^^^^^^^^^^^^^^^^^^^, referer: http://localhost/static/Design3.1.html?first_name=dias&last_name=karim&email=kkarimolla98%40bk.ru&flight_id=1&passengers=1&price=6926
[Sat May 03 06:21:29.798575 2025] [cgi:error] [pid 18056:tid 964] [client ::1:61782] AH01215: stderr from C:/Apache24/cgi-bin/generate_ticket.py:   File "C:\\Users\\kkari\\AppData\\Local\\Programs\\Python\\Python312\\Lib\\subprocess.py", line 1026, in __init__, referer: http://localhost/static/Design3.1.html?first_name=dias&last_name=karim&email=kkarimolla98%40bk.ru&flight_id=1&passengers=1&price=6926
[Sat May 03 06:21:29.798575 2025] [cgi:error] [pid 18056:tid 964] [client ::1:61782] AH01215: stderr from C:/Apache24/cgi-bin/generate_ticket.py:     self._execute_child(args, executable, preexec_fn, close_fds,, referer: http://localhost/static/Design3.1.html?first_name=dias&last_name=karim&email=kkarimolla98%40bk.ru&flight_id=1&passengers=1&price=6926
[Sat May 03 06:21:29.798575 2025] [cgi:error] [pid 18056:tid 964] [client ::1:61782] AH01215: stderr from C:/Apache24/cgi-bin/generate_ticket.py:   File "C:\\Users\\kkari\\AppData\\Local\\Programs\\Python\\Python312\\Lib\\subprocess.py", line 1538, in _execute_child, referer: http://localhost/static/Design3.1.html?first_name=dias&last_name=karim&email=kkarimolla98%40bk.ru&flight_id=1&passengers=1&price=6926
[Sat May 03 06:21:29.798575 2025] [cgi:error] [pid 18056:tid 964] [client ::1:61782] AH01215: stderr from C:/Apache24/cgi-bin/generate_ticket.py:     hp, ht, pid, tid = _winapi.CreateProcess(executable, args,, referer: http://localhost/static/Design3.1.html?first_name=dias&last_name=karim&email=kkarimolla98%40bk.ru&flight_id=1&passengers=1&price=6926
[Sat May 03 06:21:29.798575 2025] [cgi:error] [pid 18056:tid 964] [client ::1:61782] AH01215: stderr from C:/Apache24/cgi-bin/generate_ticket.py:                        ^^^^^^^^^^^^^^^^^^^^^^^^^^^^^^^^^^^^^^^, referer: http://localhost/static/Design3.1.html?first_name=dias&last_name=karim&email=kkarimolla98%40bk.ru&flight_id=1&passengers=1&price=6926
[Sat May 03 06:21:29.798575 2025] [cgi:error] [pid 18056:tid 964] [client ::1:61782] AH01215: stderr from C:/Apache24/cgi-bin/generate_ticket.py: FileNotFoundError: [WinError 2] \xcd\xe5 \xf3\xe4\xe0\xe5\xf2\xf1\xff \xed\xe0\xe9\xf2\xe8 \xf3\xea\xe0\xe7\xe0\xed\xed\xfb\xe9 \xf4\xe0\xe9\xeb, referer: http://localhost/static/Design3.1.html?first_name=dias&last_name=karim&email=kkarimolla98%40bk.ru&flight_id=1&passengers=1&price=6926
[Sat May 03 06:21:29.798575 2025] [cgi:error] [pid 18056:tid 964] [client ::1:61782] AH01215: stderr from C:/Apache24/cgi-bin/generate_ticket.py: , referer: http://localhost/static/Design3.1.html?first_name=dias&last_name=karim&email=kkarimolla98%40bk.ru&flight_id=1&passengers=1&price=6926
[Sat May 03 06:21:29.798575 2025] [cgi:error] [pid 18056:tid 964] [client ::1:61782] AH01215: stderr from C:/Apache24/cgi-bin/generate_ticket.py: During handling of the above exception, another exception occurred:, referer: http://localhost/static/Design3.1.html?first_name=dias&last_name=karim&email=kkarimolla98%40bk.ru&flight_id=1&passengers=1&price=6926
[Sat May 03 06:21:29.798575 2025] [cgi:error] [pid 18056:tid 964] [client ::1:61782] AH01215: stderr from C:/Apache24/cgi-bin/generate_ticket.py: , referer: http://localhost/static/Design3.1.html?first_name=dias&last_name=karim&email=kkarimolla98%40bk.ru&flight_id=1&passengers=1&price=6926
[Sat May 03 06:21:29.798575 2025] [cgi:error] [pid 18056:tid 964] [client ::1:61782] AH01215: stderr from C:/Apache24/cgi-bin/generate_ticket.py: Traceback (most recent call last):, referer: http://localhost/static/Design3.1.html?first_name=dias&last_name=karim&email=kkarimolla98%40bk.ru&flight_id=1&passengers=1&price=6926
[Sat May 03 06:21:29.798575 2025] [cgi:error] [pid 18056:tid 964] [client ::1:61782] AH01215: stderr from C:/Apache24/cgi-bin/generate_ticket.py:   File "C:\\Apache24\\cgi-bin\\generate_ticket.py", line 152, in <module>, referer: http://localhost/static/Design3.1.html?first_name=dias&last_name=karim&email=kkarimolla98%40bk.ru&flight_id=1&passengers=1&price=6926
[Sat May 03 06:21:29.798575 2025] [cgi:error] [pid 18056:tid 964] [client ::1:61782] AH01215: stderr from C:/Apache24/cgi-bin/generate_ticket.py:     print(json.dumps({"success": false, "error": str(e)})), referer: http://localhost/static/Design3.1.html?first_name=dias&last_name=karim&email=kkarimolla98%40bk.ru&flight_id=1&passengers=1&price=6926
[Sat May 03 06:21:29.798575 2025] [cgi:error] [pid 18056:tid 964] [client ::1:61782] AH01215: stderr from C:/Apache24/cgi-bin/generate_ticket.py:           ^^^^, referer: http://localhost/static/Design3.1.html?first_name=dias&last_name=karim&email=kkarimolla98%40bk.ru&flight_id=1&passengers=1&price=6926
[Sat May 03 06:21:29.798575 2025] [cgi:error] [pid 18056:tid 964] [client ::1:61782] AH01215: stderr from C:/Apache24/cgi-bin/generate_ticket.py: NameError: name 'json' is not defined. Did you forget to import 'json'?, referer: http://localhost/static/Design3.1.html?first_name=dias&last_name=karim&email=kkarimolla98%40bk.ru&flight_id=1&passengers=1&price=6926
[Sat May 03 06:21:53.638005 2025] [cgi:error] [pid 18056:tid 992] [client ::1:61799] AH01215: stderr from C:/Apache24/cgi-bin/generate_ticket.py: C:\\Apache24\\cgi-bin\\generate_ticket.py:2: DeprecationWarning: 'cgi' is deprecated and slated for removal in Python 3.13, referer: http://localhost/static/Design3.1.html?first_name=dias&last_name=karim&email=kkarimolla98%40bk.ru&flight_id=1&passengers=1&price=6926
[Sat May 03 06:21:53.638005 2025] [cgi:error] [pid 18056:tid 992] [client ::1:61799] AH01215: stderr from C:/Apache24/cgi-bin/generate_ticket.py:   import cgi, referer: http://localhost/static/Design3.1.html?first_name=dias&last_name=karim&email=kkarimolla98%40bk.ru&flight_id=1&passengers=1&price=6926
[Sat May 03 06:21:53.638005 2025] [cgi:error] [pid 18056:tid 992] [client ::1:61799] AH01215: stderr from C:/Apache24/cgi-bin/generate_ticket.py: Traceback (most recent call last):, referer: http://localhost/static/Design3.1.html?first_name=dias&last_name=karim&email=kkarimolla98%40bk.ru&flight_id=1&passengers=1&price=6926
[Sat May 03 06:21:53.638005 2025] [cgi:error] [pid 18056:tid 992] [client ::1:61799] AH01215: stderr from C:/Apache24/cgi-bin/generate_ticket.py:   File "C:\\Apache24\\cgi-bin\\generate_ticket.py", line 127, in <module>, referer: http://localhost/static/Design3.1.html?first_name=dias&last_name=karim&email=kkarimolla98%40bk.ru&flight_id=1&passengers=1&price=6926
[Sat May 03 06:21:53.638005 2025] [cgi:error] [pid 18056:tid 992] [client ::1:61799] AH01215: stderr from C:/Apache24/cgi-bin/generate_ticket.py:     subprocess.run(['latexmk', '-pdf', latex_file], check=True), referer: http://localhost/static/Design3.1.html?first_name=dias&last_name=karim&email=kkarimolla98%40bk.ru&flight_id=1&passengers=1&price=6926
[Sat May 03 06:21:53.638005 2025] [cgi:error] [pid 18056:tid 992] [client ::1:61799] AH01215: stderr from C:/Apache24/cgi-bin/generate_ticket.py:   File "C:\\Users\\kkari\\AppData\\Local\\Programs\\Python\\Python312\\Lib\\subprocess.py", line 548, in run, referer: http://localhost/static/Design3.1.html?first_name=dias&last_name=karim&email=kkarimolla98%40bk.ru&flight_id=1&passengers=1&price=6926
[Sat May 03 06:21:53.638005 2025] [cgi:error] [pid 18056:tid 992] [client ::1:61799] AH01215: stderr from C:/Apache24/cgi-bin/generate_ticket.py:     with Popen(*popenargs, **kwargs) as process:, referer: http://localhost/static/Design3.1.html?first_name=dias&last_name=karim&email=kkarimolla98%40bk.ru&flight_id=1&passengers=1&price=6926
[Sat May 03 06:21:53.638005 2025] [cgi:error] [pid 18056:tid 992] [client ::1:61799] AH01215: stderr from C:/Apache24/cgi-bin/generate_ticket.py:          ^^^^^^^^^^^^^^^^^^^^^^^^^^^, referer: http://localhost/static/Design3.1.html?first_name=dias&last_name=karim&email=kkarimolla98%40bk.ru&flight_id=1&passengers=1&price=6926
[Sat May 03 06:21:53.638005 2025] [cgi:error] [pid 18056:tid 992] [client ::1:61799] AH01215: stderr from C:/Apache24/cgi-bin/generate_ticket.py:   File "C:\\Users\\kkari\\AppData\\Local\\Programs\\Python\\Python312\\Lib\\subprocess.py", line 1026, in __init__, referer: http://localhost/static/Design3.1.html?first_name=dias&last_name=karim&email=kkarimolla98%40bk.ru&flight_id=1&passengers=1&price=6926
[Sat May 03 06:21:53.638005 2025] [cgi:error] [pid 18056:tid 992] [client ::1:61799] AH01215: stderr from C:/Apache24/cgi-bin/generate_ticket.py:     self._execute_child(args, executable, preexec_fn, close_fds,, referer: http://localhost/static/Design3.1.html?first_name=dias&last_name=karim&email=kkarimolla98%40bk.ru&flight_id=1&passengers=1&price=6926
[Sat May 03 06:21:53.638005 2025] [cgi:error] [pid 18056:tid 992] [client ::1:61799] AH01215: stderr from C:/Apache24/cgi-bin/generate_ticket.py:   File "C:\\Users\\kkari\\AppData\\Local\\Programs\\Python\\Python312\\Lib\\subprocess.py", line 1538, in _execute_child, referer: http://localhost/static/Design3.1.html?first_name=dias&last_name=karim&email=kkarimolla98%40bk.ru&flight_id=1&passengers=1&price=6926
[Sat May 03 06:21:53.638005 2025] [cgi:error] [pid 18056:tid 992] [client ::1:61799] AH01215: stderr from C:/Apache24/cgi-bin/generate_ticket.py:     hp, ht, pid, tid = _winapi.CreateProcess(executable, args,, referer: http://localhost/static/Design3.1.html?first_name=dias&last_name=karim&email=kkarimolla98%40bk.ru&flight_id=1&passengers=1&price=6926
[Sat May 03 06:21:53.638005 2025] [cgi:error] [pid 18056:tid 992] [client ::1:61799] AH01215: stderr from C:/Apache24/cgi-bin/generate_ticket.py:                        ^^^^^^^^^^^^^^^^^^^^^^^^^^^^^^^^^^^^^^^, referer: http://localhost/static/Design3.1.html?first_name=dias&last_name=karim&email=kkarimolla98%40bk.ru&flight_id=1&passengers=1&price=6926
[Sat May 03 06:21:53.638005 2025] [cgi:error] [pid 18056:tid 992] [client ::1:61799] AH01215: stderr from C:/Apache24/cgi-bin/generate_ticket.py: FileNotFoundError: [WinError 2] \xcd\xe5 \xf3\xe4\xe0\xe5\xf2\xf1\xff \xed\xe0\xe9\xf2\xe8 \xf3\xea\xe0\xe7\xe0\xed\xed\xfb\xe9 \xf4\xe0\xe9\xeb, referer: http://localhost/static/Design3.1.html?first_name=dias&last_name=karim&email=kkarimolla98%40bk.ru&flight_id=1&passengers=1&price=6926
[Sat May 03 06:21:53.638005 2025] [cgi:error] [pid 18056:tid 992] [client ::1:61799] AH01215: stderr from C:/Apache24/cgi-bin/generate_ticket.py: , referer: http://localhost/static/Design3.1.html?first_name=dias&last_name=karim&email=kkarimolla98%40bk.ru&flight_id=1&passengers=1&price=6926
[Sat May 03 06:21:53.638005 2025] [cgi:error] [pid 18056:tid 992] [client ::1:61799] AH01215: stderr from C:/Apache24/cgi-bin/generate_ticket.py: During handling of the above exception, another exception occurred:, referer: http://localhost/static/Design3.1.html?first_name=dias&last_name=karim&email=kkarimolla98%40bk.ru&flight_id=1&passengers=1&price=6926
[Sat May 03 06:21:53.638005 2025] [cgi:error] [pid 18056:tid 992] [client ::1:61799] AH01215: stderr from C:/Apache24/cgi-bin/generate_ticket.py: , referer: http://localhost/static/Design3.1.html?first_name=dias&last_name=karim&email=kkarimolla98%40bk.ru&flight_id=1&passengers=1&price=6926
[Sat May 03 06:21:53.638005 2025] [cgi:error] [pid 18056:tid 992] [client ::1:61799] AH01215: stderr from C:/Apache24/cgi-bin/generate_ticket.py: Traceback (most recent call last):, referer: http://localhost/static/Design3.1.html?first_name=dias&last_name=karim&email=kkarimolla98%40bk.ru&flight_id=1&passengers=1&price=6926
[Sat May 03 06:21:53.639194 2025] [cgi:error] [pid 18056:tid 992] [client ::1:61799] AH01215: stderr from C:/Apache24/cgi-bin/generate_ticket.py:   File "C:\\Apache24\\cgi-bin\\generate_ticket.py", line 152, in <module>, referer: http://localhost/static/Design3.1.html?first_name=dias&last_name=karim&email=kkarimolla98%40bk.ru&flight_id=1&passengers=1&price=6926
[Sat May 03 06:21:53.639194 2025] [cgi:error] [pid 18056:tid 992] [client ::1:61799] AH01215: stderr from C:/Apache24/cgi-bin/generate_ticket.py:     print(json.dumps({"success": false, "error": str(e)})), referer: http://localhost/static/Design3.1.html?first_name=dias&last_name=karim&email=kkarimolla98%40bk.ru&flight_id=1&passengers=1&price=6926
[Sat May 03 06:21:53.639194 2025] [cgi:error] [pid 18056:tid 992] [client ::1:61799] AH01215: stderr from C:/Apache24/cgi-bin/generate_ticket.py:           ^^^^, referer: http://localhost/static/Design3.1.html?first_name=dias&last_name=karim&email=kkarimolla98%40bk.ru&flight_id=1&passengers=1&price=6926
[Sat May 03 06:21:53.639194 2025] [cgi:error] [pid 18056:tid 992] [client ::1:61799] AH01215: stderr from C:/Apache24/cgi-bin/generate_ticket.py: NameError: name 'json' is not defined. Did you forget to import 'json'?, referer: http://localhost/static/Design3.1.html?first_name=dias&last_name=karim&email=kkarimolla98%40bk.ru&flight_id=1&passengers=1&price=6926
[Sat May 03 06:21:54.558556 2025] [cgi:error] [pid 18056:tid 992] [client ::1:61799] AH01215: stderr from C:/Apache24/cgi-bin/generate_ticket.py: C:\\Apache24\\cgi-bin\\generate_ticket.py:2: DeprecationWarning: 'cgi' is deprecated and slated for removal in Python 3.13, referer: http://localhost/static/Design3.1.html?first_name=dias&last_name=karim&email=kkarimolla98%40bk.ru&flight_id=1&passengers=1&price=6926
[Sat May 03 06:21:54.558556 2025] [cgi:error] [pid 18056:tid 992] [client ::1:61799] AH01215: stderr from C:/Apache24/cgi-bin/generate_ticket.py:   import cgi, referer: http://localhost/static/Design3.1.html?first_name=dias&last_name=karim&email=kkarimolla98%40bk.ru&flight_id=1&passengers=1&price=6926
[Sat May 03 06:21:54.558556 2025] [cgi:error] [pid 18056:tid 992] [client ::1:61799] AH01215: stderr from C:/Apache24/cgi-bin/generate_ticket.py: Traceback (most recent call last):, referer: http://localhost/static/Design3.1.html?first_name=dias&last_name=karim&email=kkarimolla98%40bk.ru&flight_id=1&passengers=1&price=6926
[Sat May 03 06:21:54.558556 2025] [cgi:error] [pid 18056:tid 992] [client ::1:61799] AH01215: stderr from C:/Apache24/cgi-bin/generate_ticket.py:   File "C:\\Apache24\\cgi-bin\\generate_ticket.py", line 127, in <module>, referer: http://localhost/static/Design3.1.html?first_name=dias&last_name=karim&email=kkarimolla98%40bk.ru&flight_id=1&passengers=1&price=6926
[Sat May 03 06:21:54.558556 2025] [cgi:error] [pid 18056:tid 992] [client ::1:61799] AH01215: stderr from C:/Apache24/cgi-bin/generate_ticket.py:     subprocess.run(['latexmk', '-pdf', latex_file], check=True), referer: http://localhost/static/Design3.1.html?first_name=dias&last_name=karim&email=kkarimolla98%40bk.ru&flight_id=1&passengers=1&price=6926
[Sat May 03 06:21:54.558556 2025] [cgi:error] [pid 18056:tid 992] [client ::1:61799] AH01215: stderr from C:/Apache24/cgi-bin/generate_ticket.py:   File "C:\\Users\\kkari\\AppData\\Local\\Programs\\Python\\Python312\\Lib\\subprocess.py", line 548, in run, referer: http://localhost/static/Design3.1.html?first_name=dias&last_name=karim&email=kkarimolla98%40bk.ru&flight_id=1&passengers=1&price=6926
[Sat May 03 06:21:54.558556 2025] [cgi:error] [pid 18056:tid 992] [client ::1:61799] AH01215: stderr from C:/Apache24/cgi-bin/generate_ticket.py:     with Popen(*popenargs, **kwargs) as process:, referer: http://localhost/static/Design3.1.html?first_name=dias&last_name=karim&email=kkarimolla98%40bk.ru&flight_id=1&passengers=1&price=6926
[Sat May 03 06:21:54.558556 2025] [cgi:error] [pid 18056:tid 992] [client ::1:61799] AH01215: stderr from C:/Apache24/cgi-bin/generate_ticket.py:          ^^^^^^^^^^^^^^^^^^^^^^^^^^^, referer: http://localhost/static/Design3.1.html?first_name=dias&last_name=karim&email=kkarimolla98%40bk.ru&flight_id=1&passengers=1&price=6926
[Sat May 03 06:21:54.558556 2025] [cgi:error] [pid 18056:tid 992] [client ::1:61799] AH01215: stderr from C:/Apache24/cgi-bin/generate_ticket.py:   File "C:\\Users\\kkari\\AppData\\Local\\Programs\\Python\\Python312\\Lib\\subprocess.py", line 1026, in __init__, referer: http://localhost/static/Design3.1.html?first_name=dias&last_name=karim&email=kkarimolla98%40bk.ru&flight_id=1&passengers=1&price=6926
[Sat May 03 06:21:54.558556 2025] [cgi:error] [pid 18056:tid 992] [client ::1:61799] AH01215: stderr from C:/Apache24/cgi-bin/generate_ticket.py:     self._execute_child(args, executable, preexec_fn, close_fds,, referer: http://localhost/static/Design3.1.html?first_name=dias&last_name=karim&email=kkarimolla98%40bk.ru&flight_id=1&passengers=1&price=6926
[Sat May 03 06:21:54.558556 2025] [cgi:error] [pid 18056:tid 992] [client ::1:61799] AH01215: stderr from C:/Apache24/cgi-bin/generate_ticket.py:   File "C:\\Users\\kkari\\AppData\\Local\\Programs\\Python\\Python312\\Lib\\subprocess.py", line 1538, in _execute_child, referer: http://localhost/static/Design3.1.html?first_name=dias&last_name=karim&email=kkarimolla98%40bk.ru&flight_id=1&passengers=1&price=6926
[Sat May 03 06:21:54.558556 2025] [cgi:error] [pid 18056:tid 992] [client ::1:61799] AH01215: stderr from C:/Apache24/cgi-bin/generate_ticket.py:     hp, ht, pid, tid = _winapi.CreateProcess(executable, args,, referer: http://localhost/static/Design3.1.html?first_name=dias&last_name=karim&email=kkarimolla98%40bk.ru&flight_id=1&passengers=1&price=6926
[Sat May 03 06:21:54.558556 2025] [cgi:error] [pid 18056:tid 992] [client ::1:61799] AH01215: stderr from C:/Apache24/cgi-bin/generate_ticket.py:                        ^^^^^^^^^^^^^^^^^^^^^^^^^^^^^^^^^^^^^^^, referer: http://localhost/static/Design3.1.html?first_name=dias&last_name=karim&email=kkarimolla98%40bk.ru&flight_id=1&passengers=1&price=6926
[Sat May 03 06:21:54.558556 2025] [cgi:error] [pid 18056:tid 992] [client ::1:61799] AH01215: stderr from C:/Apache24/cgi-bin/generate_ticket.py: FileNotFoundError: [WinError 2] \xcd\xe5 \xf3\xe4\xe0\xe5\xf2\xf1\xff \xed\xe0\xe9\xf2\xe8 \xf3\xea\xe0\xe7\xe0\xed\xed\xfb\xe9 \xf4\xe0\xe9\xeb, referer: http://localhost/static/Design3.1.html?first_name=dias&last_name=karim&email=kkarimolla98%40bk.ru&flight_id=1&passengers=1&price=6926
[Sat May 03 06:21:54.558556 2025] [cgi:error] [pid 18056:tid 992] [client ::1:61799] AH01215: stderr from C:/Apache24/cgi-bin/generate_ticket.py: , referer: http://localhost/static/Design3.1.html?first_name=dias&last_name=karim&email=kkarimolla98%40bk.ru&flight_id=1&passengers=1&price=6926
[Sat May 03 06:21:54.558556 2025] [cgi:error] [pid 18056:tid 992] [client ::1:61799] AH01215: stderr from C:/Apache24/cgi-bin/generate_ticket.py: During handling of the above exception, another exception occurred:, referer: http://localhost/static/Design3.1.html?first_name=dias&last_name=karim&email=kkarimolla98%40bk.ru&flight_id=1&passengers=1&price=6926
[Sat May 03 06:21:54.558556 2025] [cgi:error] [pid 18056:tid 992] [client ::1:61799] AH01215: stderr from C:/Apache24/cgi-bin/generate_ticket.py: , referer: http://localhost/static/Design3.1.html?first_name=dias&last_name=karim&email=kkarimolla98%40bk.ru&flight_id=1&passengers=1&price=6926
[Sat May 03 06:21:54.558556 2025] [cgi:error] [pid 18056:tid 992] [client ::1:61799] AH01215: stderr from C:/Apache24/cgi-bin/generate_ticket.py: Traceback (most recent call last):, referer: http://localhost/static/Design3.1.html?first_name=dias&last_name=karim&email=kkarimolla98%40bk.ru&flight_id=1&passengers=1&price=6926
[Sat May 03 06:21:54.558556 2025] [cgi:error] [pid 18056:tid 992] [client ::1:61799] AH01215: stderr from C:/Apache24/cgi-bin/generate_ticket.py:   File "C:\\Apache24\\cgi-bin\\generate_ticket.py", line 152, in <module>, referer: http://localhost/static/Design3.1.html?first_name=dias&last_name=karim&email=kkarimolla98%40bk.ru&flight_id=1&passengers=1&price=6926
[Sat May 03 06:21:54.558556 2025] [cgi:error] [pid 18056:tid 992] [client ::1:61799] AH01215: stderr from C:/Apache24/cgi-bin/generate_ticket.py:     print(json.dumps({"success": false, "error": str(e)})), referer: http://localhost/static/Design3.1.html?first_name=dias&last_name=karim&email=kkarimolla98%40bk.ru&flight_id=1&passengers=1&price=6926
[Sat May 03 06:21:54.558556 2025] [cgi:error] [pid 18056:tid 992] [client ::1:61799] AH01215: stderr from C:/Apache24/cgi-bin/generate_ticket.py:           ^^^^, referer: http://localhost/static/Design3.1.html?first_name=dias&last_name=karim&email=kkarimolla98%40bk.ru&flight_id=1&passengers=1&price=6926
[Sat May 03 06:21:54.558556 2025] [cgi:error] [pid 18056:tid 992] [client ::1:61799] AH01215: stderr from C:/Apache24/cgi-bin/generate_ticket.py: NameError: name 'json' is not defined. Did you forget to import 'json'?, referer: http://localhost/static/Design3.1.html?first_name=dias&last_name=karim&email=kkarimolla98%40bk.ru&flight_id=1&passengers=1&price=6926
[Sat May 03 06:21:55.044506 2025] [cgi:error] [pid 18056:tid 992] [client ::1:61799] AH01215: stderr from C:/Apache24/cgi-bin/generate_ticket.py: C:\\Apache24\\cgi-bin\\generate_ticket.py:2: DeprecationWarning: 'cgi' is deprecated and slated for removal in Python 3.13, referer: http://localhost/static/Design3.1.html?first_name=dias&last_name=karim&email=kkarimolla98%40bk.ru&flight_id=1&passengers=1&price=6926
[Sat May 03 06:21:55.045508 2025] [cgi:error] [pid 18056:tid 992] [client ::1:61799] AH01215: stderr from C:/Apache24/cgi-bin/generate_ticket.py:   import cgi, referer: http://localhost/static/Design3.1.html?first_name=dias&last_name=karim&email=kkarimolla98%40bk.ru&flight_id=1&passengers=1&price=6926
[Sat May 03 06:21:55.045508 2025] [cgi:error] [pid 18056:tid 992] [client ::1:61799] AH01215: stderr from C:/Apache24/cgi-bin/generate_ticket.py: Traceback (most recent call last):, referer: http://localhost/static/Design3.1.html?first_name=dias&last_name=karim&email=kkarimolla98%40bk.ru&flight_id=1&passengers=1&price=6926
[Sat May 03 06:21:55.045508 2025] [cgi:error] [pid 18056:tid 992] [client ::1:61799] AH01215: stderr from C:/Apache24/cgi-bin/generate_ticket.py:   File "C:\\Apache24\\cgi-bin\\generate_ticket.py", line 127, in <module>, referer: http://localhost/static/Design3.1.html?first_name=dias&last_name=karim&email=kkarimolla98%40bk.ru&flight_id=1&passengers=1&price=6926
[Sat May 03 06:21:55.045508 2025] [cgi:error] [pid 18056:tid 992] [client ::1:61799] AH01215: stderr from C:/Apache24/cgi-bin/generate_ticket.py:     subprocess.run(['latexmk', '-pdf', latex_file], check=True), referer: http://localhost/static/Design3.1.html?first_name=dias&last_name=karim&email=kkarimolla98%40bk.ru&flight_id=1&passengers=1&price=6926
[Sat May 03 06:21:55.045508 2025] [cgi:error] [pid 18056:tid 992] [client ::1:61799] AH01215: stderr from C:/Apache24/cgi-bin/generate_ticket.py:   File "C:\\Users\\kkari\\AppData\\Local\\Programs\\Python\\Python312\\Lib\\subprocess.py", line 548, in run, referer: http://localhost/static/Design3.1.html?first_name=dias&last_name=karim&email=kkarimolla98%40bk.ru&flight_id=1&passengers=1&price=6926
[Sat May 03 06:21:55.045508 2025] [cgi:error] [pid 18056:tid 992] [client ::1:61799] AH01215: stderr from C:/Apache24/cgi-bin/generate_ticket.py:     with Popen(*popenargs, **kwargs) as process:, referer: http://localhost/static/Design3.1.html?first_name=dias&last_name=karim&email=kkarimolla98%40bk.ru&flight_id=1&passengers=1&price=6926
[Sat May 03 06:21:55.045508 2025] [cgi:error] [pid 18056:tid 992] [client ::1:61799] AH01215: stderr from C:/Apache24/cgi-bin/generate_ticket.py:          ^^^^^^^^^^^^^^^^^^^^^^^^^^^, referer: http://localhost/static/Design3.1.html?first_name=dias&last_name=karim&email=kkarimolla98%40bk.ru&flight_id=1&passengers=1&price=6926
[Sat May 03 06:21:55.045508 2025] [cgi:error] [pid 18056:tid 992] [client ::1:61799] AH01215: stderr from C:/Apache24/cgi-bin/generate_ticket.py:   File "C:\\Users\\kkari\\AppData\\Local\\Programs\\Python\\Python312\\Lib\\subprocess.py", line 1026, in __init__, referer: http://localhost/static/Design3.1.html?first_name=dias&last_name=karim&email=kkarimolla98%40bk.ru&flight_id=1&passengers=1&price=6926
[Sat May 03 06:21:55.045508 2025] [cgi:error] [pid 18056:tid 992] [client ::1:61799] AH01215: stderr from C:/Apache24/cgi-bin/generate_ticket.py:     self._execute_child(args, executable, preexec_fn, close_fds,, referer: http://localhost/static/Design3.1.html?first_name=dias&last_name=karim&email=kkarimolla98%40bk.ru&flight_id=1&passengers=1&price=6926
[Sat May 03 06:21:55.045508 2025] [cgi:error] [pid 18056:tid 992] [client ::1:61799] AH01215: stderr from C:/Apache24/cgi-bin/generate_ticket.py:   File "C:\\Users\\kkari\\AppData\\Local\\Programs\\Python\\Python312\\Lib\\subprocess.py", line 1538, in _execute_child, referer: http://localhost/static/Design3.1.html?first_name=dias&last_name=karim&email=kkarimolla98%40bk.ru&flight_id=1&passengers=1&price=6926
[Sat May 03 06:21:55.045508 2025] [cgi:error] [pid 18056:tid 992] [client ::1:61799] AH01215: stderr from C:/Apache24/cgi-bin/generate_ticket.py:     hp, ht, pid, tid = _winapi.CreateProcess(executable, args,, referer: http://localhost/static/Design3.1.html?first_name=dias&last_name=karim&email=kkarimolla98%40bk.ru&flight_id=1&passengers=1&price=6926
[Sat May 03 06:21:55.045508 2025] [cgi:error] [pid 18056:tid 992] [client ::1:61799] AH01215: stderr from C:/Apache24/cgi-bin/generate_ticket.py:                        ^^^^^^^^^^^^^^^^^^^^^^^^^^^^^^^^^^^^^^^, referer: http://localhost/static/Design3.1.html?first_name=dias&last_name=karim&email=kkarimolla98%40bk.ru&flight_id=1&passengers=1&price=6926
[Sat May 03 06:21:55.045508 2025] [cgi:error] [pid 18056:tid 992] [client ::1:61799] AH01215: stderr from C:/Apache24/cgi-bin/generate_ticket.py: FileNotFoundError: [WinError 2] \xcd\xe5 \xf3\xe4\xe0\xe5\xf2\xf1\xff \xed\xe0\xe9\xf2\xe8 \xf3\xea\xe0\xe7\xe0\xed\xed\xfb\xe9 \xf4\xe0\xe9\xeb, referer: http://localhost/static/Design3.1.html?first_name=dias&last_name=karim&email=kkarimolla98%40bk.ru&flight_id=1&passengers=1&price=6926
[Sat May 03 06:21:55.045508 2025] [cgi:error] [pid 18056:tid 992] [client ::1:61799] AH01215: stderr from C:/Apache24/cgi-bin/generate_ticket.py: , referer: http://localhost/static/Design3.1.html?first_name=dias&last_name=karim&email=kkarimolla98%40bk.ru&flight_id=1&passengers=1&price=6926
[Sat May 03 06:21:55.045508 2025] [cgi:error] [pid 18056:tid 992] [client ::1:61799] AH01215: stderr from C:/Apache24/cgi-bin/generate_ticket.py: During handling of the above exception, another exception occurred:, referer: http://localhost/static/Design3.1.html?first_name=dias&last_name=karim&email=kkarimolla98%40bk.ru&flight_id=1&passengers=1&price=6926
[Sat May 03 06:21:55.045508 2025] [cgi:error] [pid 18056:tid 992] [client ::1:61799] AH01215: stderr from C:/Apache24/cgi-bin/generate_ticket.py: , referer: http://localhost/static/Design3.1.html?first_name=dias&last_name=karim&email=kkarimolla98%40bk.ru&flight_id=1&passengers=1&price=6926
[Sat May 03 06:21:55.045508 2025] [cgi:error] [pid 18056:tid 992] [client ::1:61799] AH01215: stderr from C:/Apache24/cgi-bin/generate_ticket.py: Traceback (most recent call last):, referer: http://localhost/static/Design3.1.html?first_name=dias&last_name=karim&email=kkarimolla98%40bk.ru&flight_id=1&passengers=1&price=6926
[Sat May 03 06:21:55.045508 2025] [cgi:error] [pid 18056:tid 992] [client ::1:61799] AH01215: stderr from C:/Apache24/cgi-bin/generate_ticket.py:   File "C:\\Apache24\\cgi-bin\\generate_ticket.py", line 152, in <module>, referer: http://localhost/static/Design3.1.html?first_name=dias&last_name=karim&email=kkarimolla98%40bk.ru&flight_id=1&passengers=1&price=6926
[Sat May 03 06:21:55.045508 2025] [cgi:error] [pid 18056:tid 992] [client ::1:61799] AH01215: stderr from C:/Apache24/cgi-bin/generate_ticket.py:     print(json.dumps({"success": false, "error": str(e)})), referer: http://localhost/static/Design3.1.html?first_name=dias&last_name=karim&email=kkarimolla98%40bk.ru&flight_id=1&passengers=1&price=6926
[Sat May 03 06:21:55.045508 2025] [cgi:error] [pid 18056:tid 992] [client ::1:61799] AH01215: stderr from C:/Apache24/cgi-bin/generate_ticket.py:           ^^^^, referer: http://localhost/static/Design3.1.html?first_name=dias&last_name=karim&email=kkarimolla98%40bk.ru&flight_id=1&passengers=1&price=6926
[Sat May 03 06:21:55.045508 2025] [cgi:error] [pid 18056:tid 992] [client ::1:61799] AH01215: stderr from C:/Apache24/cgi-bin/generate_ticket.py: NameError: name 'json' is not defined. Did you forget to import 'json'?, referer: http://localhost/static/Design3.1.html?first_name=dias&last_name=karim&email=kkarimolla98%40bk.ru&flight_id=1&passengers=1&price=6926
[Sat May 03 06:22:31.916756 2025] [cgi:error] [pid 18056:tid 964] [client ::1:61834] AH01215: stderr from C:/Apache24/cgi-bin/save_search_request.py: C:\\Apache24\\cgi-bin\\save_search_request.py:2: DeprecationWarning: 'cgi' is deprecated and slated for removal in Python 3.13, referer: http://localhost/static/Design3.1.html?first_name=dias&last_name=karim&email=kkarimolla98%40bk.ru&flight_id=1&passengers=1&price=23109
[Sat May 03 06:22:31.916756 2025] [cgi:error] [pid 18056:tid 964] [client ::1:61834] AH01215: stderr from C:/Apache24/cgi-bin/save_search_request.py:   import cgi, referer: http://localhost/static/Design3.1.html?first_name=dias&last_name=karim&email=kkarimolla98%40bk.ru&flight_id=1&passengers=1&price=23109
[Sat May 03 06:22:55.750211 2025] [cgi:error] [pid 18056:tid 964] [client ::1:61859] AH01215: stderr from C:/Apache24/cgi-bin/book_flight.py: C:\\Apache24\\cgi-bin\\book_flight.py:2: DeprecationWarning: 'cgi' is deprecated and slated for removal in Python 3.13, referer: http://localhost/static/Design3.1.html?first_name=dias&last_name=karim&email=kkarimolla98%40bk.ru&flight_id=1&passengers=1&price=23109
[Sat May 03 06:22:55.750211 2025] [cgi:error] [pid 18056:tid 964] [client ::1:61859] AH01215: stderr from C:/Apache24/cgi-bin/book_flight.py:   import cgi, referer: http://localhost/static/Design3.1.html?first_name=dias&last_name=karim&email=kkarimolla98%40bk.ru&flight_id=1&passengers=1&price=23109
[Sat May 03 06:22:55.750211 2025] [cgi:error] [pid 18056:tid 964] [client ::1:61859] AH01215: stderr from C:/Apache24/cgi-bin/book_flight.py: C:\\Apache24\\cgi-bin\\book_flight.py:6: DeprecationWarning: 'cgitb' is deprecated and slated for removal in Python 3.13, referer: http://localhost/static/Design3.1.html?first_name=dias&last_name=karim&email=kkarimolla98%40bk.ru&flight_id=1&passengers=1&price=23109
[Sat May 03 06:22:55.750211 2025] [cgi:error] [pid 18056:tid 964] [client ::1:61859] AH01215: stderr from C:/Apache24/cgi-bin/book_flight.py:   import cgitb; cgitb.enable()  # \xc4\xeb\xff \xee\xf2\xeb\xe0\xe4\xea\xe8, referer: http://localhost/static/Design3.1.html?first_name=dias&last_name=karim&email=kkarimolla98%40bk.ru&flight_id=1&passengers=1&price=23109
[Sat May 03 06:22:55.908888 2025] [cgi:error] [pid 18056:tid 964] [client ::1:61859] AH01215: stderr from C:/Apache24/cgi-bin/generate_ticket.py: C:\\Apache24\\cgi-bin\\generate_ticket.py:2: DeprecationWarning: 'cgi' is deprecated and slated for removal in Python 3.13, referer: http://localhost/static/Design3.1.html?first_name=dias&last_name=karim&email=kkarimolla98%40bk.ru&flight_id=1&passengers=1&price=23109
[Sat May 03 06:22:55.908888 2025] [cgi:error] [pid 18056:tid 964] [client ::1:61859] AH01215: stderr from C:/Apache24/cgi-bin/generate_ticket.py:   import cgi, referer: http://localhost/static/Design3.1.html?first_name=dias&last_name=karim&email=kkarimolla98%40bk.ru&flight_id=1&passengers=1&price=23109
[Sat May 03 06:22:55.908888 2025] [cgi:error] [pid 18056:tid 964] [client ::1:61859] AH01215: stderr from C:/Apache24/cgi-bin/generate_ticket.py: Traceback (most recent call last):, referer: http://localhost/static/Design3.1.html?first_name=dias&last_name=karim&email=kkarimolla98%40bk.ru&flight_id=1&passengers=1&price=23109
[Sat May 03 06:22:55.908888 2025] [cgi:error] [pid 18056:tid 964] [client ::1:61859] AH01215: stderr from C:/Apache24/cgi-bin/generate_ticket.py:   File "C:\\Apache24\\cgi-bin\\generate_ticket.py", line 127, in <module>, referer: http://localhost/static/Design3.1.html?first_name=dias&last_name=karim&email=kkarimolla98%40bk.ru&flight_id=1&passengers=1&price=23109
[Sat May 03 06:22:55.908888 2025] [cgi:error] [pid 18056:tid 964] [client ::1:61859] AH01215: stderr from C:/Apache24/cgi-bin/generate_ticket.py:     subprocess.run(['latexmk', '-pdf', latex_file], check=True), referer: http://localhost/static/Design3.1.html?first_name=dias&last_name=karim&email=kkarimolla98%40bk.ru&flight_id=1&passengers=1&price=23109
[Sat May 03 06:22:55.908888 2025] [cgi:error] [pid 18056:tid 964] [client ::1:61859] AH01215: stderr from C:/Apache24/cgi-bin/generate_ticket.py:   File "C:\\Users\\kkari\\AppData\\Local\\Programs\\Python\\Python312\\Lib\\subprocess.py", line 548, in run, referer: http://localhost/static/Design3.1.html?first_name=dias&last_name=karim&email=kkarimolla98%40bk.ru&flight_id=1&passengers=1&price=23109
[Sat May 03 06:22:55.908888 2025] [cgi:error] [pid 18056:tid 964] [client ::1:61859] AH01215: stderr from C:/Apache24/cgi-bin/generate_ticket.py:     with Popen(*popenargs, **kwargs) as process:, referer: http://localhost/static/Design3.1.html?first_name=dias&last_name=karim&email=kkarimolla98%40bk.ru&flight_id=1&passengers=1&price=23109
[Sat May 03 06:22:55.908888 2025] [cgi:error] [pid 18056:tid 964] [client ::1:61859] AH01215: stderr from C:/Apache24/cgi-bin/generate_ticket.py:          ^^^^^^^^^^^^^^^^^^^^^^^^^^^, referer: http://localhost/static/Design3.1.html?first_name=dias&last_name=karim&email=kkarimolla98%40bk.ru&flight_id=1&passengers=1&price=23109
[Sat May 03 06:22:55.908888 2025] [cgi:error] [pid 18056:tid 964] [client ::1:61859] AH01215: stderr from C:/Apache24/cgi-bin/generate_ticket.py:   File "C:\\Users\\kkari\\AppData\\Local\\Programs\\Python\\Python312\\Lib\\subprocess.py", line 1026, in __init__, referer: http://localhost/static/Design3.1.html?first_name=dias&last_name=karim&email=kkarimolla98%40bk.ru&flight_id=1&passengers=1&price=23109
[Sat May 03 06:22:55.908888 2025] [cgi:error] [pid 18056:tid 964] [client ::1:61859] AH01215: stderr from C:/Apache24/cgi-bin/generate_ticket.py:     self._execute_child(args, executable, preexec_fn, close_fds,, referer: http://localhost/static/Design3.1.html?first_name=dias&last_name=karim&email=kkarimolla98%40bk.ru&flight_id=1&passengers=1&price=23109
[Sat May 03 06:22:55.908888 2025] [cgi:error] [pid 18056:tid 964] [client ::1:61859] AH01215: stderr from C:/Apache24/cgi-bin/generate_ticket.py:   File "C:\\Users\\kkari\\AppData\\Local\\Programs\\Python\\Python312\\Lib\\subprocess.py", line 1538, in _execute_child, referer: http://localhost/static/Design3.1.html?first_name=dias&last_name=karim&email=kkarimolla98%40bk.ru&flight_id=1&passengers=1&price=23109
[Sat May 03 06:22:55.908888 2025] [cgi:error] [pid 18056:tid 964] [client ::1:61859] AH01215: stderr from C:/Apache24/cgi-bin/generate_ticket.py:     hp, ht, pid, tid = _winapi.CreateProcess(executable, args,, referer: http://localhost/static/Design3.1.html?first_name=dias&last_name=karim&email=kkarimolla98%40bk.ru&flight_id=1&passengers=1&price=23109
[Sat May 03 06:22:55.908888 2025] [cgi:error] [pid 18056:tid 964] [client ::1:61859] AH01215: stderr from C:/Apache24/cgi-bin/generate_ticket.py:                        ^^^^^^^^^^^^^^^^^^^^^^^^^^^^^^^^^^^^^^^, referer: http://localhost/static/Design3.1.html?first_name=dias&last_name=karim&email=kkarimolla98%40bk.ru&flight_id=1&passengers=1&price=23109
[Sat May 03 06:22:55.908888 2025] [cgi:error] [pid 18056:tid 964] [client ::1:61859] AH01215: stderr from C:/Apache24/cgi-bin/generate_ticket.py: FileNotFoundError: [WinError 2] \xcd\xe5 \xf3\xe4\xe0\xe5\xf2\xf1\xff \xed\xe0\xe9\xf2\xe8 \xf3\xea\xe0\xe7\xe0\xed\xed\xfb\xe9 \xf4\xe0\xe9\xeb, referer: http://localhost/static/Design3.1.html?first_name=dias&last_name=karim&email=kkarimolla98%40bk.ru&flight_id=1&passengers=1&price=23109
[Sat May 03 06:22:55.908888 2025] [cgi:error] [pid 18056:tid 964] [client ::1:61859] AH01215: stderr from C:/Apache24/cgi-bin/generate_ticket.py: , referer: http://localhost/static/Design3.1.html?first_name=dias&last_name=karim&email=kkarimolla98%40bk.ru&flight_id=1&passengers=1&price=23109
[Sat May 03 06:22:55.908888 2025] [cgi:error] [pid 18056:tid 964] [client ::1:61859] AH01215: stderr from C:/Apache24/cgi-bin/generate_ticket.py: During handling of the above exception, another exception occurred:, referer: http://localhost/static/Design3.1.html?first_name=dias&last_name=karim&email=kkarimolla98%40bk.ru&flight_id=1&passengers=1&price=23109
[Sat May 03 06:22:55.908888 2025] [cgi:error] [pid 18056:tid 964] [client ::1:61859] AH01215: stderr from C:/Apache24/cgi-bin/generate_ticket.py: , referer: http://localhost/static/Design3.1.html?first_name=dias&last_name=karim&email=kkarimolla98%40bk.ru&flight_id=1&passengers=1&price=23109
[Sat May 03 06:22:55.908888 2025] [cgi:error] [pid 18056:tid 964] [client ::1:61859] AH01215: stderr from C:/Apache24/cgi-bin/generate_ticket.py: Traceback (most recent call last):, referer: http://localhost/static/Design3.1.html?first_name=dias&last_name=karim&email=kkarimolla98%40bk.ru&flight_id=1&passengers=1&price=23109
[Sat May 03 06:22:55.908888 2025] [cgi:error] [pid 18056:tid 964] [client ::1:61859] AH01215: stderr from C:/Apache24/cgi-bin/generate_ticket.py:   File "C:\\Apache24\\cgi-bin\\generate_ticket.py", line 152, in <module>, referer: http://localhost/static/Design3.1.html?first_name=dias&last_name=karim&email=kkarimolla98%40bk.ru&flight_id=1&passengers=1&price=23109
[Sat May 03 06:22:55.908888 2025] [cgi:error] [pid 18056:tid 964] [client ::1:61859] AH01215: stderr from C:/Apache24/cgi-bin/generate_ticket.py:     print(json.dumps({"success": false, "error": str(e)})), referer: http://localhost/static/Design3.1.html?first_name=dias&last_name=karim&email=kkarimolla98%40bk.ru&flight_id=1&passengers=1&price=23109
[Sat May 03 06:22:55.908888 2025] [cgi:error] [pid 18056:tid 964] [client ::1:61859] AH01215: stderr from C:/Apache24/cgi-bin/generate_ticket.py:           ^^^^, referer: http://localhost/static/Design3.1.html?first_name=dias&last_name=karim&email=kkarimolla98%40bk.ru&flight_id=1&passengers=1&price=23109
[Sat May 03 06:22:55.908888 2025] [cgi:error] [pid 18056:tid 964] [client ::1:61859] AH01215: stderr from C:/Apache24/cgi-bin/generate_ticket.py: NameError: name 'json' is not defined. Did you forget to import 'json'?, referer: http://localhost/static/Design3.1.html?first_name=dias&last_name=karim&email=kkarimolla98%40bk.ru&flight_id=1&passengers=1&price=23109
[Sat May 03 06:25:50.697075 2025] [cgi:error] [pid 18056:tid 992] [client ::1:61938] AH01215: stderr from C:/Apache24/cgi-bin/save_search_request.py: C:\\Apache24\\cgi-bin\\save_search_request.py:2: DeprecationWarning: 'cgi' is deprecated and slated for removal in Python 3.13, referer: http://localhost/static/Design3.1.html
[Sat May 03 06:25:50.697075 2025] [cgi:error] [pid 18056:tid 992] [client ::1:61938] AH01215: stderr from C:/Apache24/cgi-bin/save_search_request.py:   import cgi, referer: http://localhost/static/Design3.1.html
[Sat May 03 06:26:12.680318 2025] [cgi:error] [pid 18056:tid 992] [client ::1:61956] AH01215: stderr from C:/Apache24/cgi-bin/book_flight.py: C:\\Apache24\\cgi-bin\\book_flight.py:2: DeprecationWarning: 'cgi' is deprecated and slated for removal in Python 3.13, referer: http://localhost/static/Design3.1.html
[Sat May 03 06:26:12.680318 2025] [cgi:error] [pid 18056:tid 992] [client ::1:61956] AH01215: stderr from C:/Apache24/cgi-bin/book_flight.py:   import cgi, referer: http://localhost/static/Design3.1.html
[Sat May 03 06:26:12.680318 2025] [cgi:error] [pid 18056:tid 992] [client ::1:61956] AH01215: stderr from C:/Apache24/cgi-bin/book_flight.py: C:\\Apache24\\cgi-bin\\book_flight.py:6: DeprecationWarning: 'cgitb' is deprecated and slated for removal in Python 3.13, referer: http://localhost/static/Design3.1.html
[Sat May 03 06:26:12.680318 2025] [cgi:error] [pid 18056:tid 992] [client ::1:61956] AH01215: stderr from C:/Apache24/cgi-bin/book_flight.py:   import cgitb; cgitb.enable()  # \xc4\xeb\xff \xee\xf2\xeb\xe0\xe4\xea\xe8, referer: http://localhost/static/Design3.1.html
[Sat May 03 06:26:12.846612 2025] [cgi:error] [pid 18056:tid 992] [client ::1:61956] AH01215: stderr from C:/Apache24/cgi-bin/generate_ticket.py: C:\\Apache24\\cgi-bin\\generate_ticket.py:2: DeprecationWarning: 'cgi' is deprecated and slated for removal in Python 3.13, referer: http://localhost/static/Design3.1.html
[Sat May 03 06:26:12.846612 2025] [cgi:error] [pid 18056:tid 992] [client ::1:61956] AH01215: stderr from C:/Apache24/cgi-bin/generate_ticket.py:   import cgi, referer: http://localhost/static/Design3.1.html
[Sat May 03 06:26:12.846612 2025] [cgi:error] [pid 18056:tid 992] [client ::1:61956] AH01215: stderr from C:/Apache24/cgi-bin/generate_ticket.py: Traceback (most recent call last):, referer: http://localhost/static/Design3.1.html
[Sat May 03 06:26:12.846612 2025] [cgi:error] [pid 18056:tid 992] [client ::1:61956] AH01215: stderr from C:/Apache24/cgi-bin/generate_ticket.py:   File "C:\\Apache24\\cgi-bin\\generate_ticket.py", line 127, in <module>, referer: http://localhost/static/Design3.1.html
[Sat May 03 06:26:12.846612 2025] [cgi:error] [pid 18056:tid 992] [client ::1:61956] AH01215: stderr from C:/Apache24/cgi-bin/generate_ticket.py:     subprocess.run(['latexmk', '-pdf', latex_file], check=True), referer: http://localhost/static/Design3.1.html
[Sat May 03 06:26:12.846612 2025] [cgi:error] [pid 18056:tid 992] [client ::1:61956] AH01215: stderr from C:/Apache24/cgi-bin/generate_ticket.py:   File "C:\\Users\\kkari\\AppData\\Local\\Programs\\Python\\Python312\\Lib\\subprocess.py", line 548, in run, referer: http://localhost/static/Design3.1.html
[Sat May 03 06:26:12.846612 2025] [cgi:error] [pid 18056:tid 992] [client ::1:61956] AH01215: stderr from C:/Apache24/cgi-bin/generate_ticket.py:     with Popen(*popenargs, **kwargs) as process:, referer: http://localhost/static/Design3.1.html
[Sat May 03 06:26:12.846612 2025] [cgi:error] [pid 18056:tid 992] [client ::1:61956] AH01215: stderr from C:/Apache24/cgi-bin/generate_ticket.py:          ^^^^^^^^^^^^^^^^^^^^^^^^^^^, referer: http://localhost/static/Design3.1.html
[Sat May 03 06:26:12.846612 2025] [cgi:error] [pid 18056:tid 992] [client ::1:61956] AH01215: stderr from C:/Apache24/cgi-bin/generate_ticket.py:   File "C:\\Users\\kkari\\AppData\\Local\\Programs\\Python\\Python312\\Lib\\subprocess.py", line 1026, in __init__, referer: http://localhost/static/Design3.1.html
[Sat May 03 06:26:12.846612 2025] [cgi:error] [pid 18056:tid 992] [client ::1:61956] AH01215: stderr from C:/Apache24/cgi-bin/generate_ticket.py:     self._execute_child(args, executable, preexec_fn, close_fds,, referer: http://localhost/static/Design3.1.html
[Sat May 03 06:26:12.847612 2025] [cgi:error] [pid 18056:tid 992] [client ::1:61956] AH01215: stderr from C:/Apache24/cgi-bin/generate_ticket.py:   File "C:\\Users\\kkari\\AppData\\Local\\Programs\\Python\\Python312\\Lib\\subprocess.py", line 1538, in _execute_child, referer: http://localhost/static/Design3.1.html
[Sat May 03 06:26:12.847612 2025] [cgi:error] [pid 18056:tid 992] [client ::1:61956] AH01215: stderr from C:/Apache24/cgi-bin/generate_ticket.py:     hp, ht, pid, tid = _winapi.CreateProcess(executable, args,, referer: http://localhost/static/Design3.1.html
[Sat May 03 06:26:12.847612 2025] [cgi:error] [pid 18056:tid 992] [client ::1:61956] AH01215: stderr from C:/Apache24/cgi-bin/generate_ticket.py:                        ^^^^^^^^^^^^^^^^^^^^^^^^^^^^^^^^^^^^^^^, referer: http://localhost/static/Design3.1.html
[Sat May 03 06:26:12.847612 2025] [cgi:error] [pid 18056:tid 992] [client ::1:61956] AH01215: stderr from C:/Apache24/cgi-bin/generate_ticket.py: FileNotFoundError: [WinError 2] \xcd\xe5 \xf3\xe4\xe0\xe5\xf2\xf1\xff \xed\xe0\xe9\xf2\xe8 \xf3\xea\xe0\xe7\xe0\xed\xed\xfb\xe9 \xf4\xe0\xe9\xeb, referer: http://localhost/static/Design3.1.html
[Sat May 03 06:26:12.847612 2025] [cgi:error] [pid 18056:tid 992] [client ::1:61956] AH01215: stderr from C:/Apache24/cgi-bin/generate_ticket.py: , referer: http://localhost/static/Design3.1.html
[Sat May 03 06:26:12.847612 2025] [cgi:error] [pid 18056:tid 992] [client ::1:61956] AH01215: stderr from C:/Apache24/cgi-bin/generate_ticket.py: During handling of the above exception, another exception occurred:, referer: http://localhost/static/Design3.1.html
[Sat May 03 06:26:12.847612 2025] [cgi:error] [pid 18056:tid 992] [client ::1:61956] AH01215: stderr from C:/Apache24/cgi-bin/generate_ticket.py: , referer: http://localhost/static/Design3.1.html
[Sat May 03 06:26:12.847612 2025] [cgi:error] [pid 18056:tid 992] [client ::1:61956] AH01215: stderr from C:/Apache24/cgi-bin/generate_ticket.py: Traceback (most recent call last):, referer: http://localhost/static/Design3.1.html
[Sat May 03 06:26:12.847612 2025] [cgi:error] [pid 18056:tid 992] [client ::1:61956] AH01215: stderr from C:/Apache24/cgi-bin/generate_ticket.py:   File "C:\\Apache24\\cgi-bin\\generate_ticket.py", line 152, in <module>, referer: http://localhost/static/Design3.1.html
[Sat May 03 06:26:12.847612 2025] [cgi:error] [pid 18056:tid 992] [client ::1:61956] AH01215: stderr from C:/Apache24/cgi-bin/generate_ticket.py:     print(json.dumps({"success": false, "error": str(e)})), referer: http://localhost/static/Design3.1.html
[Sat May 03 06:26:12.847612 2025] [cgi:error] [pid 18056:tid 992] [client ::1:61956] AH01215: stderr from C:/Apache24/cgi-bin/generate_ticket.py:           ^^^^, referer: http://localhost/static/Design3.1.html
[Sat May 03 06:26:12.847612 2025] [cgi:error] [pid 18056:tid 992] [client ::1:61956] AH01215: stderr from C:/Apache24/cgi-bin/generate_ticket.py: NameError: name 'json' is not defined. Did you forget to import 'json'?, referer: http://localhost/static/Design3.1.html
The 'Apache2.4' service is restarting.
The 'Apache2.4' service has restarted.
winnt:notice] [pid 4404:tid 320] AH00424: Parent: Received restart signal -- Restarting the server.
[Sat May 03 06:32:15.470482 2025] [mpm_winnt:notice] [pid 4404:tid 320] AH00455: Apache/2.4.63 (Win64) configured -- resuming normal operations
[Sat May 03 06:32:15.470482 2025] [mpm_winnt:notice] [pid 4404:tid 320] AH00456: Apache Lounge VS17 Server built: Feb  3 2025 10:10:51
[Sat May 03 06:32:15.470482 2025] [core:notice] [pid 4404:tid 320] AH00094: Command line: 'C:\\Apache24\\bin\\httpd.exe -d C:/Apache24'
[Sat May 03 06:32:15.470482 2025] [mpm_winnt:notice] [pid 4404:tid 320] AH00418: Parent: Created child process 20080
[Sat May 03 06:32:16.475751 2025] [mpm_winnt:notice] [pid 20080:tid 344] AH00354: Child: Starting 64 worker threads.
[Sat May 03 06:32:17.482212 2025] [mpm_winnt:notice] [pid 18056:tid 344] AH00364: Child: All worker threads have exited.
[Sat May 03 06:32:27.112808 2025] [cgi:error] [pid 20080:tid 996] [client ::1:62093] AH01215: stderr from C:/Apache24/cgi-bin/save_search_request.py: C:\\Apache24\\cgi-bin\\save_search_request.py:2: DeprecationWarning: 'cgi' is deprecated and slated for removal in Python 3.13, referer: http://localhost/static/Design3.1.html
[Sat May 03 06:32:27.112808 2025] [cgi:error] [pid 20080:tid 996] [client ::1:62093] AH01215: stderr from C:/Apache24/cgi-bin/save_search_request.py:   import cgi, referer: http://localhost/static/Design3.1.html
[Sat May 03 06:32:52.308700 2025] [cgi:error] [pid 20080:tid 996] [client ::1:62113] AH01215: stderr from C:/Apache24/cgi-bin/book_flight.py: C:\\Apache24\\cgi-bin\\book_flight.py:2: DeprecationWarning: 'cgi' is deprecated and slated for removal in Python 3.13, referer: http://localhost/static/Design3.1.html
[Sat May 03 06:32:52.308700 2025] [cgi:error] [pid 20080:tid 996] [client ::1:62113] AH01215: stderr from C:/Apache24/cgi-bin/book_flight.py:   import cgi, referer: http://localhost/static/Design3.1.html
[Sat May 03 06:32:52.308700 2025] [cgi:error] [pid 20080:tid 996] [client ::1:62113] AH01215: stderr from C:/Apache24/cgi-bin/book_flight.py: C:\\Apache24\\cgi-bin\\book_flight.py:6: DeprecationWarning: 'cgitb' is deprecated and slated for removal in Python 3.13, referer: http://localhost/static/Design3.1.html
[Sat May 03 06:32:52.308700 2025] [cgi:error] [pid 20080:tid 996] [client ::1:62113] AH01215: stderr from C:/Apache24/cgi-bin/book_flight.py:   import cgitb; cgitb.enable()  # \xc4\xeb\xff \xee\xf2\xeb\xe0\xe4\xea\xe8, referer: http://localhost/static/Design3.1.html
[Sat May 03 06:32:52.487565 2025] [cgi:error] [pid 20080:tid 996] [client ::1:62113] AH01215: stderr from C:/Apache24/cgi-bin/generate_ticket.py: C:\\Apache24\\cgi-bin\\generate_ticket.py:2: DeprecationWarning: 'cgi' is deprecated and slated for removal in Python 3.13, referer: http://localhost/static/Design3.1.html
[Sat May 03 06:32:52.487565 2025] [cgi:error] [pid 20080:tid 996] [client ::1:62113] AH01215: stderr from C:/Apache24/cgi-bin/generate_ticket.py:   import cgi, referer: http://localhost/static/Design3.1.html
[Sat May 03 06:32:52.487565 2025] [cgi:error] [pid 20080:tid 996] [client ::1:62113] AH01215: stderr from C:/Apache24/cgi-bin/generate_ticket.py: Traceback (most recent call last):, referer: http://localhost/static/Design3.1.html
[Sat May 03 06:32:52.487565 2025] [cgi:error] [pid 20080:tid 996] [client ::1:62113] AH01215: stderr from C:/Apache24/cgi-bin/generate_ticket.py:   File "C:\\Apache24\\cgi-bin\\generate_ticket.py", line 129, in <module>, referer: http://localhost/static/Design3.1.html
[Sat May 03 06:32:52.487565 2025] [cgi:error] [pid 20080:tid 996] [client ::1:62113] AH01215: stderr from C:/Apache24/cgi-bin/generate_ticket.py:     subprocess.run(['latexmk', '--version'], check=True, capture_output=True), referer: http://localhost/static/Design3.1.html
[Sat May 03 06:32:52.487565 2025] [cgi:error] [pid 20080:tid 996] [client ::1:62113] AH01215: stderr from C:/Apache24/cgi-bin/generate_ticket.py:   File "C:\\Users\\kkari\\AppData\\Local\\Programs\\Python\\Python312\\Lib\\subprocess.py", line 548, in run, referer: http://localhost/static/Design3.1.html
[Sat May 03 06:32:52.487565 2025] [cgi:error] [pid 20080:tid 996] [client ::1:62113] AH01215: stderr from C:/Apache24/cgi-bin/generate_ticket.py:     with Popen(*popenargs, **kwargs) as process:, referer: http://localhost/static/Design3.1.html
[Sat May 03 06:32:52.487565 2025] [cgi:error] [pid 20080:tid 996] [client ::1:62113] AH01215: stderr from C:/Apache24/cgi-bin/generate_ticket.py:          ^^^^^^^^^^^^^^^^^^^^^^^^^^^, referer: http://localhost/static/Design3.1.html
[Sat May 03 06:32:52.487565 2025] [cgi:error] [pid 20080:tid 996] [client ::1:62113] AH01215: stderr from C:/Apache24/cgi-bin/generate_ticket.py:   File "C:\\Users\\kkari\\AppData\\Local\\Programs\\Python\\Python312\\Lib\\subprocess.py", line 1026, in __init__, referer: http://localhost/static/Design3.1.html
[Sat May 03 06:32:52.487565 2025] [cgi:error] [pid 20080:tid 996] [client ::1:62113] AH01215: stderr from C:/Apache24/cgi-bin/generate_ticket.py:     self._execute_child(args, executable, preexec_fn, close_fds,, referer: http://localhost/static/Design3.1.html
[Sat May 03 06:32:52.487565 2025] [cgi:error] [pid 20080:tid 996] [client ::1:62113] AH01215: stderr from C:/Apache24/cgi-bin/generate_ticket.py:   File "C:\\Users\\kkari\\AppData\\Local\\Programs\\Python\\Python312\\Lib\\subprocess.py", line 1538, in _execute_child, referer: http://localhost/static/Design3.1.html
[Sat May 03 06:32:52.487565 2025] [cgi:error] [pid 20080:tid 996] [client ::1:62113] AH01215: stderr from C:/Apache24/cgi-bin/generate_ticket.py:     hp, ht, pid, tid = _winapi.CreateProcess(executable, args,, referer: http://localhost/static/Design3.1.html
[Sat May 03 06:32:52.487565 2025] [cgi:error] [pid 20080:tid 996] [client ::1:62113] AH01215: stderr from C:/Apache24/cgi-bin/generate_ticket.py:                        ^^^^^^^^^^^^^^^^^^^^^^^^^^^^^^^^^^^^^^^, referer: http://localhost/static/Design3.1.html
[Sat May 03 06:32:52.487565 2025] [cgi:error] [pid 20080:tid 996] [client ::1:62113] AH01215: stderr from C:/Apache24/cgi-bin/generate_ticket.py: FileNotFoundError: [WinError 2] \xcd\xe5 \xf3\xe4\xe0\xe5\xf2\xf1\xff \xed\xe0\xe9\xf2\xe8 \xf3\xea\xe0\xe7\xe0\xed\xed\xfb\xe9 \xf4\xe0\xe9\xeb, referer: http://localhost/static/Design3.1.html
[Sat May 03 06:32:52.487565 2025] [cgi:error] [pid 20080:tid 996] [client ::1:62113] AH01215: stderr from C:/Apache24/cgi-bin/generate_ticket.py: , referer: http://localhost/static/Design3.1.html
[Sat May 03 06:32:52.489071 2025] [cgi:error] [pid 20080:tid 996] [client ::1:62113] AH01215: stderr from C:/Apache24/cgi-bin/generate_ticket.py: During handling of the above exception, another exception occurred:, referer: http://localhost/static/Design3.1.html
[Sat May 03 06:32:52.489071 2025] [cgi:error] [pid 20080:tid 996] [client ::1:62113] AH01215: stderr from C:/Apache24/cgi-bin/generate_ticket.py: , referer: http://localhost/static/Design3.1.html
[Sat May 03 06:32:52.489071 2025] [cgi:error] [pid 20080:tid 996] [client ::1:62113] AH01215: stderr from C:/Apache24/cgi-bin/generate_ticket.py: Traceback (most recent call last):, referer: http://localhost/static/Design3.1.html
[Sat May 03 06:32:52.489071 2025] [cgi:error] [pid 20080:tid 996] [client ::1:62113] AH01215: stderr from C:/Apache24/cgi-bin/generate_ticket.py:   File "C:\\Apache24\\cgi-bin\\generate_ticket.py", line 131, in <module>, referer: http://localhost/static/Design3.1.html
[Sat May 03 06:32:52.489071 2025] [cgi:error] [pid 20080:tid 996] [client ::1:62113] AH01215: stderr from C:/Apache24/cgi-bin/generate_ticket.py:     raise FileNotFoundError("latexmk is not found. Ensure Perl and latexmk are installed and added to PATH."), referer: http://localhost/static/Design3.1.html
[Sat May 03 06:32:52.489071 2025] [cgi:error] [pid 20080:tid 996] [client ::1:62113] AH01215: stderr from C:/Apache24/cgi-bin/generate_ticket.py: FileNotFoundError: latexmk is not found. Ensure Perl and latexmk are installed and added to PATH., referer: http://localhost/static/Design3.1.html
[Sat May 03 06:32:52.489071 2025] [cgi:error] [pid 20080:tid 996] [client ::1:62113] AH01215: stderr from C:/Apache24/cgi-bin/generate_ticket.py: , referer: http://localhost/static/Design3.1.html
[Sat May 03 06:32:52.489071 2025] [cgi:error] [pid 20080:tid 996] [client ::1:62113] AH01215: stderr from C:/Apache24/cgi-bin/generate_ticket.py: During handling of the above exception, another exception occurred:, referer: http://localhost/static/Design3.1.html
[Sat May 03 06:32:52.489071 2025] [cgi:error] [pid 20080:tid 996] [client ::1:62113] AH01215: stderr from C:/Apache24/cgi-bin/generate_ticket.py: , referer: http://localhost/static/Design3.1.html
[Sat May 03 06:32:52.489071 2025] [cgi:error] [pid 20080:tid 996] [client ::1:62113] AH01215: stderr from C:/Apache24/cgi-bin/generate_ticket.py: Traceback (most recent call last):, referer: http://localhost/static/Design3.1.html
[Sat May 03 06:32:52.489071 2025] [cgi:error] [pid 20080:tid 996] [client ::1:62113] AH01215: stderr from C:/Apache24/cgi-bin/generate_ticket.py:   File "C:\\Apache24\\cgi-bin\\generate_ticket.py", line 159, in <module>, referer: http://localhost/static/Design3.1.html
[Sat May 03 06:32:52.489071 2025] [cgi:error] [pid 20080:tid 996] [client ::1:62113] AH01215: stderr from C:/Apache24/cgi-bin/generate_ticket.py:     print(json.dumps({"success": false, "error": str(e)})), referer: http://localhost/static/Design3.1.html
[Sat May 03 06:32:52.489071 2025] [cgi:error] [pid 20080:tid 996] [client ::1:62113] AH01215: stderr from C:/Apache24/cgi-bin/generate_ticket.py:                                  ^^^^^, referer: http://localhost/static/Design3.1.html
[Sat May 03 06:32:52.489071 2025] [cgi:error] [pid 20080:tid 996] [client ::1:62113] AH01215: stderr from C:/Apache24/cgi-bin/generate_ticket.py: NameError: name 'false' is not defined. Did you mean: 'False'?, referer: http://localhost/static/Design3.1.html
[Sat May 03 06:33:36.335300 2025] [cgi:error] [pid 20080:tid 1000] [client ::1:62146] AH01215: stderr from C:/Apache24/cgi-bin/generate_ticket.py: C:\\Apache24\\cgi-bin\\generate_ticket.py:2: DeprecationWarning: 'cgi' is deprecated and slated for removal in Python 3.13, referer: http://localhost/static/Design3.1.html
[Sat May 03 06:33:36.335300 2025] [cgi:error] [pid 20080:tid 1000] [client ::1:62146] AH01215: stderr from C:/Apache24/cgi-bin/generate_ticket.py:   import cgi, referer: http://localhost/static/Design3.1.html
[Sat May 03 06:33:36.335300 2025] [cgi:error] [pid 20080:tid 1000] [client ::1:62146] AH01215: stderr from C:/Apache24/cgi-bin/generate_ticket.py: Traceback (most recent call last):, referer: http://localhost/static/Design3.1.html
[Sat May 03 06:33:36.335300 2025] [cgi:error] [pid 20080:tid 1000] [client ::1:62146] AH01215: stderr from C:/Apache24/cgi-bin/generate_ticket.py:   File "C:\\Apache24\\cgi-bin\\generate_ticket.py", line 129, in <module>, referer: http://localhost/static/Design3.1.html
[Sat May 03 06:33:36.335300 2025] [cgi:error] [pid 20080:tid 1000] [client ::1:62146] AH01215: stderr from C:/Apache24/cgi-bin/generate_ticket.py:     subprocess.run(['latexmk', '--version'], check=True, capture_output=True), referer: http://localhost/static/Design3.1.html
[Sat May 03 06:33:36.335300 2025] [cgi:error] [pid 20080:tid 1000] [client ::1:62146] AH01215: stderr from C:/Apache24/cgi-bin/generate_ticket.py:   File "C:\\Users\\kkari\\AppData\\Local\\Programs\\Python\\Python312\\Lib\\subprocess.py", line 548, in run, referer: http://localhost/static/Design3.1.html
[Sat May 03 06:33:36.335300 2025] [cgi:error] [pid 20080:tid 1000] [client ::1:62146] AH01215: stderr from C:/Apache24/cgi-bin/generate_ticket.py:     with Popen(*popenargs, **kwargs) as process:, referer: http://localhost/static/Design3.1.html
[Sat May 03 06:33:36.335300 2025] [cgi:error] [pid 20080:tid 1000] [client ::1:62146] AH01215: stderr from C:/Apache24/cgi-bin/generate_ticket.py:          ^^^^^^^^^^^^^^^^^^^^^^^^^^^, referer: http://localhost/static/Design3.1.html
[Sat May 03 06:33:36.335300 2025] [cgi:error] [pid 20080:tid 1000] [client ::1:62146] AH01215: stderr from C:/Apache24/cgi-bin/generate_ticket.py:   File "C:\\Users\\kkari\\AppData\\Local\\Programs\\Python\\Python312\\Lib\\subprocess.py", line 1026, in __init__, referer: http://localhost/static/Design3.1.html
[Sat May 03 06:33:36.335300 2025] [cgi:error] [pid 20080:tid 1000] [client ::1:62146] AH01215: stderr from C:/Apache24/cgi-bin/generate_ticket.py:     self._execute_child(args, executable, preexec_fn, close_fds,, referer: http://localhost/static/Design3.1.html
[Sat May 03 06:33:36.335300 2025] [cgi:error] [pid 20080:tid 1000] [client ::1:62146] AH01215: stderr from C:/Apache24/cgi-bin/generate_ticket.py:   File "C:\\Users\\kkari\\AppData\\Local\\Programs\\Python\\Python312\\Lib\\subprocess.py", line 1538, in _execute_child, referer: http://localhost/static/Design3.1.html
[Sat May 03 06:33:36.335300 2025] [cgi:error] [pid 20080:tid 1000] [client ::1:62146] AH01215: stderr from C:/Apache24/cgi-bin/generate_ticket.py:     hp, ht, pid, tid = _winapi.CreateProcess(executable, args,, referer: http://localhost/static/Design3.1.html
[Sat May 03 06:33:36.335300 2025] [cgi:error] [pid 20080:tid 1000] [client ::1:62146] AH01215: stderr from C:/Apache24/cgi-bin/generate_ticket.py:                        ^^^^^^^^^^^^^^^^^^^^^^^^^^^^^^^^^^^^^^^, referer: http://localhost/static/Design3.1.html
[Sat May 03 06:33:36.335300 2025] [cgi:error] [pid 20080:tid 1000] [client ::1:62146] AH01215: stderr from C:/Apache24/cgi-bin/generate_ticket.py: FileNotFoundError: [WinError 2] \xcd\xe5 \xf3\xe4\xe0\xe5\xf2\xf1\xff \xed\xe0\xe9\xf2\xe8 \xf3\xea\xe0\xe7\xe0\xed\xed\xfb\xe9 \xf4\xe0\xe9\xeb, referer: http://localhost/static/Design3.1.html
[Sat May 03 06:33:36.335300 2025] [cgi:error] [pid 20080:tid 1000] [client ::1:62146] AH01215: stderr from C:/Apache24/cgi-bin/generate_ticket.py: , referer: http://localhost/static/Design3.1.html
[Sat May 03 06:33:36.335300 2025] [cgi:error] [pid 20080:tid 1000] [client ::1:62146] AH01215: stderr from C:/Apache24/cgi-bin/generate_ticket.py: During handling of the above exception, another exception occurred:, referer: http://localhost/static/Design3.1.html
[Sat May 03 06:33:36.335300 2025] [cgi:error] [pid 20080:tid 1000] [client ::1:62146] AH01215: stderr from C:/Apache24/cgi-bin/generate_ticket.py: , referer: http://localhost/static/Design3.1.html
[Sat May 03 06:33:36.336321 2025] [cgi:error] [pid 20080:tid 1000] [client ::1:62146] AH01215: stderr from C:/Apache24/cgi-bin/generate_ticket.py: Traceback (most recent call last):, referer: http://localhost/static/Design3.1.html
[Sat May 03 06:33:36.336321 2025] [cgi:error] [pid 20080:tid 1000] [client ::1:62146] AH01215: stderr from C:/Apache24/cgi-bin/generate_ticket.py:   File "C:\\Apache24\\cgi-bin\\generate_ticket.py", line 131, in <module>, referer: http://localhost/static/Design3.1.html
[Sat May 03 06:33:36.336321 2025] [cgi:error] [pid 20080:tid 1000] [client ::1:62146] AH01215: stderr from C:/Apache24/cgi-bin/generate_ticket.py:     raise FileNotFoundError("latexmk is not found. Ensure Perl and latexmk are installed and added to PATH."), referer: http://localhost/static/Design3.1.html
[Sat May 03 06:33:36.336321 2025] [cgi:error] [pid 20080:tid 1000] [client ::1:62146] AH01215: stderr from C:/Apache24/cgi-bin/generate_ticket.py: FileNotFoundError: latexmk is not found. Ensure Perl and latexmk are installed and added to PATH., referer: http://localhost/static/Design3.1.html
[Sat May 03 06:33:36.336321 2025] [cgi:error] [pid 20080:tid 1000] [client ::1:62146] AH01215: stderr from C:/Apache24/cgi-bin/generate_ticket.py: , referer: http://localhost/static/Design3.1.html
[Sat May 03 06:33:36.336321 2025] [cgi:error] [pid 20080:tid 1000] [client ::1:62146] AH01215: stderr from C:/Apache24/cgi-bin/generate_ticket.py: During handling of the above exception, another exception occurred:, referer: http://localhost/static/Design3.1.html
[Sat May 03 06:33:36.336321 2025] [cgi:error] [pid 20080:tid 1000] [client ::1:62146] AH01215: stderr from C:/Apache24/cgi-bin/generate_ticket.py: , referer: http://localhost/static/Design3.1.html
[Sat May 03 06:33:36.336321 2025] [cgi:error] [pid 20080:tid 1000] [client ::1:62146] AH01215: stderr from C:/Apache24/cgi-bin/generate_ticket.py: Traceback (most recent call last):, referer: http://localhost/static/Design3.1.html
[Sat May 03 06:33:36.336321 2025] [cgi:error] [pid 20080:tid 1000] [client ::1:62146] AH01215: stderr from C:/Apache24/cgi-bin/generate_ticket.py:   File "C:\\Apache24\\cgi-bin\\generate_ticket.py", line 159, in <module>, referer: http://localhost/static/Design3.1.html
[Sat May 03 06:33:36.336321 2025] [cgi:error] [pid 20080:tid 1000] [client ::1:62146] AH01215: stderr from C:/Apache24/cgi-bin/generate_ticket.py:     print(json.dumps({"success": false, "error": str(e)})), referer: http://localhost/static/Design3.1.html
[Sat May 03 06:33:36.336321 2025] [cgi:error] [pid 20080:tid 1000] [client ::1:62146] AH01215: stderr from C:/Apache24/cgi-bin/generate_ticket.py:                                  ^^^^^, referer: http://localhost/static/Design3.1.html
[Sat May 03 06:33:36.336321 2025] [cgi:error] [pid 20080:tid 1000] [client ::1:62146] AH01215: stderr from C:/Apache24/cgi-bin/generate_ticket.py: NameError: name 'false' is not defined. Did you mean: 'False'?, referer: http://localhost/static/Design3.1.html
The 'Apache2.4' service is restarting.
The 'Apache2.4' service has restarted.
winnt:notice] [pid 4404:tid 320] AH00424: Parent: Received restart signal -- Restarting the server.
[Sat May 03 06:34:01.047653 2025] [mpm_winnt:notice] [pid 4404:tid 320] AH00455: Apache/2.4.63 (Win64) configured -- resuming normal operations
[Sat May 03 06:34:01.047653 2025] [mpm_winnt:notice] [pid 4404:tid 320] AH00456: Apache Lounge VS17 Server built: Feb  3 2025 10:10:51
[Sat May 03 06:34:01.047653 2025] [core:notice] [pid 4404:tid 320] AH00094: Command line: 'C:\\Apache24\\bin\\httpd.exe -d C:/Apache24'
[Sat May 03 06:34:01.047653 2025] [mpm_winnt:notice] [pid 4404:tid 320] AH00418: Parent: Created child process 18832
[Sat May 03 06:34:02.064961 2025] [mpm_winnt:notice] [pid 18832:tid 344] AH00354: Child: Starting 64 worker threads.
[Sat May 03 06:34:06.731094 2025] [mpm_winnt:notice] [pid 20080:tid 344] AH00364: Child: All worker threads have exited.
[Sat May 03 06:34:15.252973 2025] [cgi:error] [pid 18832:tid 956] [client ::1:62160] AH01215: stderr from C:/Apache24/cgi-bin/save_search_request.py: C:\\Apache24\\cgi-bin\\save_search_request.py:2: DeprecationWarning: 'cgi' is deprecated and slated for removal in Python 3.13, referer: http://localhost/static/Design3.1.html
[Sat May 03 06:34:15.252973 2025] [cgi:error] [pid 18832:tid 956] [client ::1:62160] AH01215: stderr from C:/Apache24/cgi-bin/save_search_request.py:   import cgi, referer: http://localhost/static/Design3.1.html
[Sat May 03 06:34:44.352962 2025] [cgi:error] [pid 18832:tid 956] [client ::1:62178] AH01215: stderr from C:/Apache24/cgi-bin/book_flight.py: C:\\Apache24\\cgi-bin\\book_flight.py:2: DeprecationWarning: 'cgi' is deprecated and slated for removal in Python 3.13, referer: http://localhost/static/Design3.1.html
[Sat May 03 06:34:44.352962 2025] [cgi:error] [pid 18832:tid 956] [client ::1:62178] AH01215: stderr from C:/Apache24/cgi-bin/book_flight.py:   import cgi, referer: http://localhost/static/Design3.1.html
[Sat May 03 06:34:44.352962 2025] [cgi:error] [pid 18832:tid 956] [client ::1:62178] AH01215: stderr from C:/Apache24/cgi-bin/book_flight.py: C:\\Apache24\\cgi-bin\\book_flight.py:6: DeprecationWarning: 'cgitb' is deprecated and slated for removal in Python 3.13, referer: http://localhost/static/Design3.1.html
[Sat May 03 06:34:44.352962 2025] [cgi:error] [pid 18832:tid 956] [client ::1:62178] AH01215: stderr from C:/Apache24/cgi-bin/book_flight.py:   import cgitb; cgitb.enable()  # \xc4\xeb\xff \xee\xf2\xeb\xe0\xe4\xea\xe8, referer: http://localhost/static/Design3.1.html
[Sat May 03 06:34:44.520695 2025] [cgi:error] [pid 18832:tid 956] [client ::1:62178] AH01215: stderr from C:/Apache24/cgi-bin/generate_ticket.py: C:\\Apache24\\cgi-bin\\generate_ticket.py:2: DeprecationWarning: 'cgi' is deprecated and slated for removal in Python 3.13, referer: http://localhost/static/Design3.1.html
[Sat May 03 06:34:44.520695 2025] [cgi:error] [pid 18832:tid 956] [client ::1:62178] AH01215: stderr from C:/Apache24/cgi-bin/generate_ticket.py:   import cgi, referer: http://localhost/static/Design3.1.html
[Sat May 03 06:34:44.520695 2025] [cgi:error] [pid 18832:tid 956] [client ::1:62178] AH01215: stderr from C:/Apache24/cgi-bin/generate_ticket.py: Traceback (most recent call last):, referer: http://localhost/static/Design3.1.html
[Sat May 03 06:34:44.520695 2025] [cgi:error] [pid 18832:tid 956] [client ::1:62178] AH01215: stderr from C:/Apache24/cgi-bin/generate_ticket.py:   File "C:\\Apache24\\cgi-bin\\generate_ticket.py", line 129, in <module>, referer: http://localhost/static/Design3.1.html
[Sat May 03 06:34:44.520695 2025] [cgi:error] [pid 18832:tid 956] [client ::1:62178] AH01215: stderr from C:/Apache24/cgi-bin/generate_ticket.py:     subprocess.run(['latexmk', '--version'], check=True, capture_output=True), referer: http://localhost/static/Design3.1.html
[Sat May 03 06:34:44.520695 2025] [cgi:error] [pid 18832:tid 956] [client ::1:62178] AH01215: stderr from C:/Apache24/cgi-bin/generate_ticket.py:   File "C:\\Users\\kkari\\AppData\\Local\\Programs\\Python\\Python312\\Lib\\subprocess.py", line 548, in run, referer: http://localhost/static/Design3.1.html
[Sat May 03 06:34:44.520695 2025] [cgi:error] [pid 18832:tid 956] [client ::1:62178] AH01215: stderr from C:/Apache24/cgi-bin/generate_ticket.py:     with Popen(*popenargs, **kwargs) as process:, referer: http://localhost/static/Design3.1.html
[Sat May 03 06:34:44.520695 2025] [cgi:error] [pid 18832:tid 956] [client ::1:62178] AH01215: stderr from C:/Apache24/cgi-bin/generate_ticket.py:          ^^^^^^^^^^^^^^^^^^^^^^^^^^^, referer: http://localhost/static/Design3.1.html
[Sat May 03 06:34:44.520695 2025] [cgi:error] [pid 18832:tid 956] [client ::1:62178] AH01215: stderr from C:/Apache24/cgi-bin/generate_ticket.py:   File "C:\\Users\\kkari\\AppData\\Local\\Programs\\Python\\Python312\\Lib\\subprocess.py", line 1026, in __init__, referer: http://localhost/static/Design3.1.html
[Sat May 03 06:34:44.520695 2025] [cgi:error] [pid 18832:tid 956] [client ::1:62178] AH01215: stderr from C:/Apache24/cgi-bin/generate_ticket.py:     self._execute_child(args, executable, preexec_fn, close_fds,, referer: http://localhost/static/Design3.1.html
[Sat May 03 06:34:44.520695 2025] [cgi:error] [pid 18832:tid 956] [client ::1:62178] AH01215: stderr from C:/Apache24/cgi-bin/generate_ticket.py:   File "C:\\Users\\kkari\\AppData\\Local\\Programs\\Python\\Python312\\Lib\\subprocess.py", line 1538, in _execute_child, referer: http://localhost/static/Design3.1.html
[Sat May 03 06:34:44.520695 2025] [cgi:error] [pid 18832:tid 956] [client ::1:62178] AH01215: stderr from C:/Apache24/cgi-bin/generate_ticket.py:     hp, ht, pid, tid = _winapi.CreateProcess(executable, args,, referer: http://localhost/static/Design3.1.html
[Sat May 03 06:34:44.520695 2025] [cgi:error] [pid 18832:tid 956] [client ::1:62178] AH01215: stderr from C:/Apache24/cgi-bin/generate_ticket.py:                        ^^^^^^^^^^^^^^^^^^^^^^^^^^^^^^^^^^^^^^^, referer: http://localhost/static/Design3.1.html
[Sat May 03 06:34:44.520695 2025] [cgi:error] [pid 18832:tid 956] [client ::1:62178] AH01215: stderr from C:/Apache24/cgi-bin/generate_ticket.py: FileNotFoundError: [WinError 2] \xcd\xe5 \xf3\xe4\xe0\xe5\xf2\xf1\xff \xed\xe0\xe9\xf2\xe8 \xf3\xea\xe0\xe7\xe0\xed\xed\xfb\xe9 \xf4\xe0\xe9\xeb, referer: http://localhost/static/Design3.1.html
[Sat May 03 06:34:44.520695 2025] [cgi:error] [pid 18832:tid 956] [client ::1:62178] AH01215: stderr from C:/Apache24/cgi-bin/generate_ticket.py: , referer: http://localhost/static/Design3.1.html
[Sat May 03 06:34:44.520695 2025] [cgi:error] [pid 18832:tid 956] [client ::1:62178] AH01215: stderr from C:/Apache24/cgi-bin/generate_ticket.py: During handling of the above exception, another exception occurred:, referer: http://localhost/static/Design3.1.html
[Sat May 03 06:34:44.520695 2025] [cgi:error] [pid 18832:tid 956] [client ::1:62178] AH01215: stderr from C:/Apache24/cgi-bin/generate_ticket.py: , referer: http://localhost/static/Design3.1.html
[Sat May 03 06:34:44.520695 2025] [cgi:error] [pid 18832:tid 956] [client ::1:62178] AH01215: stderr from C:/Apache24/cgi-bin/generate_ticket.py: Traceback (most recent call last):, referer: http://localhost/static/Design3.1.html
[Sat May 03 06:34:44.520695 2025] [cgi:error] [pid 18832:tid 956] [client ::1:62178] AH01215: stderr from C:/Apache24/cgi-bin/generate_ticket.py:   File "C:\\Apache24\\cgi-bin\\generate_ticket.py", line 131, in <module>, referer: http://localhost/static/Design3.1.html
[Sat May 03 06:34:44.520695 2025] [cgi:error] [pid 18832:tid 956] [client ::1:62178] AH01215: stderr from C:/Apache24/cgi-bin/generate_ticket.py:     raise FileNotFoundError("latexmk is not found. Ensure Perl and latexmk are installed and added to PATH."), referer: http://localhost/static/Design3.1.html
[Sat May 03 06:34:44.520695 2025] [cgi:error] [pid 18832:tid 956] [client ::1:62178] AH01215: stderr from C:/Apache24/cgi-bin/generate_ticket.py: FileNotFoundError: latexmk is not found. Ensure Perl and latexmk are installed and added to PATH., referer: http://localhost/static/Design3.1.html
[Sat May 03 06:34:44.520695 2025] [cgi:error] [pid 18832:tid 956] [client ::1:62178] AH01215: stderr from C:/Apache24/cgi-bin/generate_ticket.py: , referer: http://localhost/static/Design3.1.html
[Sat May 03 06:34:44.520695 2025] [cgi:error] [pid 18832:tid 956] [client ::1:62178] AH01215: stderr from C:/Apache24/cgi-bin/generate_ticket.py: During handling of the above exception, another exception occurred:, referer: http://localhost/static/Design3.1.html
[Sat May 03 06:34:44.520695 2025] [cgi:error] [pid 18832:tid 956] [client ::1:62178] AH01215: stderr from C:/Apache24/cgi-bin/generate_ticket.py: , referer: http://localhost/static/Design3.1.html
[Sat May 03 06:34:44.520695 2025] [cgi:error] [pid 18832:tid 956] [client ::1:62178] AH01215: stderr from C:/Apache24/cgi-bin/generate_ticket.py: Traceback (most recent call last):, referer: http://localhost/static/Design3.1.html
[Sat May 03 06:34:44.520695 2025] [cgi:error] [pid 18832:tid 956] [client ::1:62178] AH01215: stderr from C:/Apache24/cgi-bin/generate_ticket.py:   File "C:\\Apache24\\cgi-bin\\generate_ticket.py", line 159, in <module>, referer: http://localhost/static/Design3.1.html
[Sat May 03 06:34:44.520695 2025] [cgi:error] [pid 18832:tid 956] [client ::1:62178] AH01215: stderr from C:/Apache24/cgi-bin/generate_ticket.py:     print(json.dumps({"success": false, "error": str(e)})), referer: http://localhost/static/Design3.1.html
[Sat May 03 06:34:44.520695 2025] [cgi:error] [pid 18832:tid 956] [client ::1:62178] AH01215: stderr from C:/Apache24/cgi-bin/generate_ticket.py:                                  ^^^^^, referer: http://localhost/static/Design3.1.html
[Sat May 03 06:34:44.520695 2025] [cgi:error] [pid 18832:tid 956] [client ::1:62178] AH01215: stderr from C:/Apache24/cgi-bin/generate_ticket.py: NameError: name 'false' is not defined. Did you mean: 'False'?, referer: http://localhost/static/Design3.1.html
[Sat May 03 06:35:47.914166 2025] [cgi:error] [pid 18832:tid 972] [client ::1:62201] AH01215: stderr from C:/Apache24/cgi-bin/save_search_request.py: C:\\Apache24\\cgi-bin\\save_search_request.py:2: DeprecationWarning: 'cgi' is deprecated and slated for removal in Python 3.13, referer: http://localhost/static/Design3.1.html?first_name=%D0%98%D0%B2%D0%B0%D0%BD&last_name=%D0%98%D0%B2%D0%B0%D0%BD&email=ivan%40ivanov.ru&flight_id=2&passengers=1&price=22615
[Sat May 03 06:35:47.914166 2025] [cgi:error] [pid 18832:tid 972] [client ::1:62201] AH01215: stderr from C:/Apache24/cgi-bin/save_search_request.py:   import cgi, referer: http://localhost/static/Design3.1.html?first_name=%D0%98%D0%B2%D0%B0%D0%BD&last_name=%D0%98%D0%B2%D0%B0%D0%BD&email=ivan%40ivanov.ru&flight_id=2&passengers=1&price=22615
[Sat May 03 06:36:16.812549 2025] [cgi:error] [pid 18832:tid 972] [client ::1:62218] AH01215: stderr from C:/Apache24/cgi-bin/book_flight.py: C:\\Apache24\\cgi-bin\\book_flight.py:2: DeprecationWarning: 'cgi' is deprecated and slated for removal in Python 3.13, referer: http://localhost/static/Design3.1.html?first_name=%D0%98%D0%B2%D0%B0%D0%BD&last_name=%D0%98%D0%B2%D0%B0%D0%BD&email=ivan%40ivanov.ru&flight_id=2&passengers=1&price=22615
[Sat May 03 06:36:16.812549 2025] [cgi:error] [pid 18832:tid 972] [client ::1:62218] AH01215: stderr from C:/Apache24/cgi-bin/book_flight.py:   import cgi, referer: http://localhost/static/Design3.1.html?first_name=%D0%98%D0%B2%D0%B0%D0%BD&last_name=%D0%98%D0%B2%D0%B0%D0%BD&email=ivan%40ivanov.ru&flight_id=2&passengers=1&price=22615
[Sat May 03 06:36:16.812549 2025] [cgi:error] [pid 18832:tid 972] [client ::1:62218] AH01215: stderr from C:/Apache24/cgi-bin/book_flight.py: C:\\Apache24\\cgi-bin\\book_flight.py:6: DeprecationWarning: 'cgitb' is deprecated and slated for removal in Python 3.13, referer: http://localhost/static/Design3.1.html?first_name=%D0%98%D0%B2%D0%B0%D0%BD&last_name=%D0%98%D0%B2%D0%B0%D0%BD&email=ivan%40ivanov.ru&flight_id=2&passengers=1&price=22615
[Sat May 03 06:36:16.812549 2025] [cgi:error] [pid 18832:tid 972] [client ::1:62218] AH01215: stderr from C:/Apache24/cgi-bin/book_flight.py:   import cgitb; cgitb.enable()  # \xc4\xeb\xff \xee\xf2\xeb\xe0\xe4\xea\xe8, referer: http://localhost/static/Design3.1.html?first_name=%D0%98%D0%B2%D0%B0%D0%BD&last_name=%D0%98%D0%B2%D0%B0%D0%BD&email=ivan%40ivanov.ru&flight_id=2&passengers=1&price=22615
[Sat May 03 06:36:16.980593 2025] [cgi:error] [pid 18832:tid 972] [client ::1:62218] AH01215: stderr from C:/Apache24/cgi-bin/generate_ticket.py: C:\\Apache24\\cgi-bin\\generate_ticket.py:2: DeprecationWarning: 'cgi' is deprecated and slated for removal in Python 3.13, referer: http://localhost/static/Design3.1.html?first_name=%D0%98%D0%B2%D0%B0%D0%BD&last_name=%D0%98%D0%B2%D0%B0%D0%BD&email=ivan%40ivanov.ru&flight_id=2&passengers=1&price=22615
[Sat May 03 06:36:16.980593 2025] [cgi:error] [pid 18832:tid 972] [client ::1:62218] AH01215: stderr from C:/Apache24/cgi-bin/generate_ticket.py:   import cgi, referer: http://localhost/static/Design3.1.html?first_name=%D0%98%D0%B2%D0%B0%D0%BD&last_name=%D0%98%D0%B2%D0%B0%D0%BD&email=ivan%40ivanov.ru&flight_id=2&passengers=1&price=22615
[Sat May 03 06:36:16.980593 2025] [cgi:error] [pid 18832:tid 972] [client ::1:62218] AH01215: stderr from C:/Apache24/cgi-bin/generate_ticket.py: Traceback (most recent call last):, referer: http://localhost/static/Design3.1.html?first_name=%D0%98%D0%B2%D0%B0%D0%BD&last_name=%D0%98%D0%B2%D0%B0%D0%BD&email=ivan%40ivanov.ru&flight_id=2&passengers=1&price=22615
[Sat May 03 06:36:16.981589 2025] [cgi:error] [pid 18832:tid 972] [client ::1:62218] AH01215: stderr from C:/Apache24/cgi-bin/generate_ticket.py:   File "C:\\Apache24\\cgi-bin\\generate_ticket.py", line 129, in <module>, referer: http://localhost/static/Design3.1.html?first_name=%D0%98%D0%B2%D0%B0%D0%BD&last_name=%D0%98%D0%B2%D0%B0%D0%BD&email=ivan%40ivanov.ru&flight_id=2&passengers=1&price=22615
[Sat May 03 06:36:16.981589 2025] [cgi:error] [pid 18832:tid 972] [client ::1:62218] AH01215: stderr from C:/Apache24/cgi-bin/generate_ticket.py:     subprocess.run(['latexmk', '--version'], check=True, capture_output=True), referer: http://localhost/static/Design3.1.html?first_name=%D0%98%D0%B2%D0%B0%D0%BD&last_name=%D0%98%D0%B2%D0%B0%D0%BD&email=ivan%40ivanov.ru&flight_id=2&passengers=1&price=22615
[Sat May 03 06:36:16.981589 2025] [cgi:error] [pid 18832:tid 972] [client ::1:62218] AH01215: stderr from C:/Apache24/cgi-bin/generate_ticket.py:   File "C:\\Users\\kkari\\AppData\\Local\\Programs\\Python\\Python312\\Lib\\subprocess.py", line 548, in run, referer: http://localhost/static/Design3.1.html?first_name=%D0%98%D0%B2%D0%B0%D0%BD&last_name=%D0%98%D0%B2%D0%B0%D0%BD&email=ivan%40ivanov.ru&flight_id=2&passengers=1&price=22615
[Sat May 03 06:36:16.981589 2025] [cgi:error] [pid 18832:tid 972] [client ::1:62218] AH01215: stderr from C:/Apache24/cgi-bin/generate_ticket.py:     with Popen(*popenargs, **kwargs) as process:, referer: http://localhost/static/Design3.1.html?first_name=%D0%98%D0%B2%D0%B0%D0%BD&last_name=%D0%98%D0%B2%D0%B0%D0%BD&email=ivan%40ivanov.ru&flight_id=2&passengers=1&price=22615
[Sat May 03 06:36:16.981589 2025] [cgi:error] [pid 18832:tid 972] [client ::1:62218] AH01215: stderr from C:/Apache24/cgi-bin/generate_ticket.py:          ^^^^^^^^^^^^^^^^^^^^^^^^^^^, referer: http://localhost/static/Design3.1.html?first_name=%D0%98%D0%B2%D0%B0%D0%BD&last_name=%D0%98%D0%B2%D0%B0%D0%BD&email=ivan%40ivanov.ru&flight_id=2&passengers=1&price=22615
[Sat May 03 06:36:16.981589 2025] [cgi:error] [pid 18832:tid 972] [client ::1:62218] AH01215: stderr from C:/Apache24/cgi-bin/generate_ticket.py:   File "C:\\Users\\kkari\\AppData\\Local\\Programs\\Python\\Python312\\Lib\\subprocess.py", line 1026, in __init__, referer: http://localhost/static/Design3.1.html?first_name=%D0%98%D0%B2%D0%B0%D0%BD&last_name=%D0%98%D0%B2%D0%B0%D0%BD&email=ivan%40ivanov.ru&flight_id=2&passengers=1&price=22615
[Sat May 03 06:36:16.981589 2025] [cgi:error] [pid 18832:tid 972] [client ::1:62218] AH01215: stderr from C:/Apache24/cgi-bin/generate_ticket.py:     self._execute_child(args, executable, preexec_fn, close_fds,, referer: http://localhost/static/Design3.1.html?first_name=%D0%98%D0%B2%D0%B0%D0%BD&last_name=%D0%98%D0%B2%D0%B0%D0%BD&email=ivan%40ivanov.ru&flight_id=2&passengers=1&price=22615
[Sat May 03 06:36:16.981589 2025] [cgi:error] [pid 18832:tid 972] [client ::1:62218] AH01215: stderr from C:/Apache24/cgi-bin/generate_ticket.py:   File "C:\\Users\\kkari\\AppData\\Local\\Programs\\Python\\Python312\\Lib\\subprocess.py", line 1538, in _execute_child, referer: http://localhost/static/Design3.1.html?first_name=%D0%98%D0%B2%D0%B0%D0%BD&last_name=%D0%98%D0%B2%D0%B0%D0%BD&email=ivan%40ivanov.ru&flight_id=2&passengers=1&price=22615
[Sat May 03 06:36:16.981589 2025] [cgi:error] [pid 18832:tid 972] [client ::1:62218] AH01215: stderr from C:/Apache24/cgi-bin/generate_ticket.py:     hp, ht, pid, tid = _winapi.CreateProcess(executable, args,, referer: http://localhost/static/Design3.1.html?first_name=%D0%98%D0%B2%D0%B0%D0%BD&last_name=%D0%98%D0%B2%D0%B0%D0%BD&email=ivan%40ivanov.ru&flight_id=2&passengers=1&price=22615
[Sat May 03 06:36:16.981589 2025] [cgi:error] [pid 18832:tid 972] [client ::1:62218] AH01215: stderr from C:/Apache24/cgi-bin/generate_ticket.py:                        ^^^^^^^^^^^^^^^^^^^^^^^^^^^^^^^^^^^^^^^, referer: http://localhost/static/Design3.1.html?first_name=%D0%98%D0%B2%D0%B0%D0%BD&last_name=%D0%98%D0%B2%D0%B0%D0%BD&email=ivan%40ivanov.ru&flight_id=2&passengers=1&price=22615
[Sat May 03 06:36:16.981589 2025] [cgi:error] [pid 18832:tid 972] [client ::1:62218] AH01215: stderr from C:/Apache24/cgi-bin/generate_ticket.py: FileNotFoundError: [WinError 2] \xcd\xe5 \xf3\xe4\xe0\xe5\xf2\xf1\xff \xed\xe0\xe9\xf2\xe8 \xf3\xea\xe0\xe7\xe0\xed\xed\xfb\xe9 \xf4\xe0\xe9\xeb, referer: http://localhost/static/Design3.1.html?first_name=%D0%98%D0%B2%D0%B0%D0%BD&last_name=%D0%98%D0%B2%D0%B0%D0%BD&email=ivan%40ivanov.ru&flight_id=2&passengers=1&price=22615
[Sat May 03 06:36:16.981589 2025] [cgi:error] [pid 18832:tid 972] [client ::1:62218] AH01215: stderr from C:/Apache24/cgi-bin/generate_ticket.py: , referer: http://localhost/static/Design3.1.html?first_name=%D0%98%D0%B2%D0%B0%D0%BD&last_name=%D0%98%D0%B2%D0%B0%D0%BD&email=ivan%40ivanov.ru&flight_id=2&passengers=1&price=22615
[Sat May 03 06:36:16.981589 2025] [cgi:error] [pid 18832:tid 972] [client ::1:62218] AH01215: stderr from C:/Apache24/cgi-bin/generate_ticket.py: During handling of the above exception, another exception occurred:, referer: http://localhost/static/Design3.1.html?first_name=%D0%98%D0%B2%D0%B0%D0%BD&last_name=%D0%98%D0%B2%D0%B0%D0%BD&email=ivan%40ivanov.ru&flight_id=2&passengers=1&price=22615
[Sat May 03 06:36:16.981589 2025] [cgi:error] [pid 18832:tid 972] [client ::1:62218] AH01215: stderr from C:/Apache24/cgi-bin/generate_ticket.py: , referer: http://localhost/static/Design3.1.html?first_name=%D0%98%D0%B2%D0%B0%D0%BD&last_name=%D0%98%D0%B2%D0%B0%D0%BD&email=ivan%40ivanov.ru&flight_id=2&passengers=1&price=22615
[Sat May 03 06:36:16.981589 2025] [cgi:error] [pid 18832:tid 972] [client ::1:62218] AH01215: stderr from C:/Apache24/cgi-bin/generate_ticket.py: Traceback (most recent call last):, referer: http://localhost/static/Design3.1.html?first_name=%D0%98%D0%B2%D0%B0%D0%BD&last_name=%D0%98%D0%B2%D0%B0%D0%BD&email=ivan%40ivanov.ru&flight_id=2&passengers=1&price=22615
[Sat May 03 06:36:16.981589 2025] [cgi:error] [pid 18832:tid 972] [client ::1:62218] AH01215: stderr from C:/Apache24/cgi-bin/generate_ticket.py:   File "C:\\Apache24\\cgi-bin\\generate_ticket.py", line 131, in <module>, referer: http://localhost/static/Design3.1.html?first_name=%D0%98%D0%B2%D0%B0%D0%BD&last_name=%D0%98%D0%B2%D0%B0%D0%BD&email=ivan%40ivanov.ru&flight_id=2&passengers=1&price=22615
[Sat May 03 06:36:16.981589 2025] [cgi:error] [pid 18832:tid 972] [client ::1:62218] AH01215: stderr from C:/Apache24/cgi-bin/generate_ticket.py:     raise FileNotFoundError("latexmk is not found. Ensure Perl and latexmk are installed and added to PATH."), referer: http://localhost/static/Design3.1.html?first_name=%D0%98%D0%B2%D0%B0%D0%BD&last_name=%D0%98%D0%B2%D0%B0%D0%BD&email=ivan%40ivanov.ru&flight_id=2&passengers=1&price=22615
[Sat May 03 06:36:16.981589 2025] [cgi:error] [pid 18832:tid 972] [client ::1:62218] AH01215: stderr from C:/Apache24/cgi-bin/generate_ticket.py: FileNotFoundError: latexmk is not found. Ensure Perl and latexmk are installed and added to PATH., referer: http://localhost/static/Design3.1.html?first_name=%D0%98%D0%B2%D0%B0%D0%BD&last_name=%D0%98%D0%B2%D0%B0%D0%BD&email=ivan%40ivanov.ru&flight_id=2&passengers=1&price=22615
[Sat May 03 06:36:16.981589 2025] [cgi:error] [pid 18832:tid 972] [client ::1:62218] AH01215: stderr from C:/Apache24/cgi-bin/generate_ticket.py: , referer: http://localhost/static/Design3.1.html?first_name=%D0%98%D0%B2%D0%B0%D0%BD&last_name=%D0%98%D0%B2%D0%B0%D0%BD&email=ivan%40ivanov.ru&flight_id=2&passengers=1&price=22615
[Sat May 03 06:36:16.981589 2025] [cgi:error] [pid 18832:tid 972] [client ::1:62218] AH01215: stderr from C:/Apache24/cgi-bin/generate_ticket.py: During handling of the above exception, another exception occurred:, referer: http://localhost/static/Design3.1.html?first_name=%D0%98%D0%B2%D0%B0%D0%BD&last_name=%D0%98%D0%B2%D0%B0%D0%BD&email=ivan%40ivanov.ru&flight_id=2&passengers=1&price=22615
[Sat May 03 06:36:16.981589 2025] [cgi:error] [pid 18832:tid 972] [client ::1:62218] AH01215: stderr from C:/Apache24/cgi-bin/generate_ticket.py: , referer: http://localhost/static/Design3.1.html?first_name=%D0%98%D0%B2%D0%B0%D0%BD&last_name=%D0%98%D0%B2%D0%B0%D0%BD&email=ivan%40ivanov.ru&flight_id=2&passengers=1&price=22615
[Sat May 03 06:36:16.981589 2025] [cgi:error] [pid 18832:tid 972] [client ::1:62218] AH01215: stderr from C:/Apache24/cgi-bin/generate_ticket.py: Traceback (most recent call last):, referer: http://localhost/static/Design3.1.html?first_name=%D0%98%D0%B2%D0%B0%D0%BD&last_name=%D0%98%D0%B2%D0%B0%D0%BD&email=ivan%40ivanov.ru&flight_id=2&passengers=1&price=22615
[Sat May 03 06:36:16.981589 2025] [cgi:error] [pid 18832:tid 972] [client ::1:62218] AH01215: stderr from C:/Apache24/cgi-bin/generate_ticket.py:   File "C:\\Apache24\\cgi-bin\\generate_ticket.py", line 159, in <module>, referer: http://localhost/static/Design3.1.html?first_name=%D0%98%D0%B2%D0%B0%D0%BD&last_name=%D0%98%D0%B2%D0%B0%D0%BD&email=ivan%40ivanov.ru&flight_id=2&passengers=1&price=22615
[Sat May 03 06:36:16.981589 2025] [cgi:error] [pid 18832:tid 972] [client ::1:62218] AH01215: stderr from C:/Apache24/cgi-bin/generate_ticket.py:     print(json.dumps({"success": false, "error": str(e)})), referer: http://localhost/static/Design3.1.html?first_name=%D0%98%D0%B2%D0%B0%D0%BD&last_name=%D0%98%D0%B2%D0%B0%D0%BD&email=ivan%40ivanov.ru&flight_id=2&passengers=1&price=22615
[Sat May 03 06:36:16.981589 2025] [cgi:error] [pid 18832:tid 972] [client ::1:62218] AH01215: stderr from C:/Apache24/cgi-bin/generate_ticket.py:                                  ^^^^^, referer: http://localhost/static/Design3.1.html?first_name=%D0%98%D0%B2%D0%B0%D0%BD&last_name=%D0%98%D0%B2%D0%B0%D0%BD&email=ivan%40ivanov.ru&flight_id=2&passengers=1&price=22615
[Sat May 03 06:36:16.981589 2025] [cgi:error] [pid 18832:tid 972] [client ::1:62218] AH01215: stderr from C:/Apache24/cgi-bin/generate_ticket.py: NameError: name 'false' is not defined. Did you mean: 'False'?, referer: http://localhost/static/Design3.1.html?first_name=%D0%98%D0%B2%D0%B0%D0%BD&last_name=%D0%98%D0%B2%D0%B0%D0%BD&email=ivan%40ivanov.ru&flight_id=2&passengers=1&price=22615
The 'Apache2.4' service is restarting.
The 'Apache2.4' service has restarted.
winnt:notice] [pid 4404:tid 320] AH00424: Parent: Received restart signal -- Restarting the server.
[Sat May 03 06:40:26.962964 2025] [mpm_winnt:notice] [pid 4404:tid 320] AH00455: Apache/2.4.63 (Win64) configured -- resuming normal operations
[Sat May 03 06:40:26.962964 2025] [mpm_winnt:notice] [pid 4404:tid 320] AH00456: Apache Lounge VS17 Server built: Feb  3 2025 10:10:51
[Sat May 03 06:40:26.962964 2025] [core:notice] [pid 4404:tid 320] AH00094: Command line: 'C:\\Apache24\\bin\\httpd.exe -d C:/Apache24'
[Sat May 03 06:40:26.962964 2025] [mpm_winnt:notice] [pid 4404:tid 320] AH00418: Parent: Created child process 4640
[Sat May 03 06:40:27.969732 2025] [mpm_winnt:notice] [pid 4640:tid 344] AH00354: Child: Starting 64 worker threads.
[Sat May 03 06:40:28.973908 2025] [mpm_winnt:notice] [pid 18832:tid 344] AH00364: Child: All worker threads have exited.
[Sat May 03 06:40:39.606799 2025] [cgi:error] [pid 4640:tid 996] [client ::1:62311] AH01215: stderr from C:/Apache24/cgi-bin/save_search_request.py: C:\\Apache24\\cgi-bin\\save_search_request.py:2: DeprecationWarning: 'cgi' is deprecated and slated for removal in Python 3.13, referer: http://localhost/static/Design3.1.html
[Sat May 03 06:40:39.606799 2025] [cgi:error] [pid 4640:tid 996] [client ::1:62311] AH01215: stderr from C:/Apache24/cgi-bin/save_search_request.py:   import cgi, referer: http://localhost/static/Design3.1.html
[Sat May 03 06:41:03.887413 2025] [cgi:error] [pid 4640:tid 996] [client ::1:62329] AH01215: stderr from C:/Apache24/cgi-bin/book_flight.py: C:\\Apache24\\cgi-bin\\book_flight.py:2: DeprecationWarning: 'cgi' is deprecated and slated for removal in Python 3.13, referer: http://localhost/static/Design3.1.html
[Sat May 03 06:41:03.887413 2025] [cgi:error] [pid 4640:tid 996] [client ::1:62329] AH01215: stderr from C:/Apache24/cgi-bin/book_flight.py:   import cgi, referer: http://localhost/static/Design3.1.html
[Sat May 03 06:41:03.887413 2025] [cgi:error] [pid 4640:tid 996] [client ::1:62329] AH01215: stderr from C:/Apache24/cgi-bin/book_flight.py: C:\\Apache24\\cgi-bin\\book_flight.py:6: DeprecationWarning: 'cgitb' is deprecated and slated for removal in Python 3.13, referer: http://localhost/static/Design3.1.html
[Sat May 03 06:41:03.887413 2025] [cgi:error] [pid 4640:tid 996] [client ::1:62329] AH01215: stderr from C:/Apache24/cgi-bin/book_flight.py:   import cgitb; cgitb.enable()  # \xc4\xeb\xff \xee\xf2\xeb\xe0\xe4\xea\xe8, referer: http://localhost/static/Design3.1.html
[Sat May 03 06:41:04.063450 2025] [cgi:error] [pid 4640:tid 996] [client ::1:62329] AH01215: stderr from C:/Apache24/cgi-bin/generate_ticket.py: C:\\Apache24\\cgi-bin\\generate_ticket.py:2: DeprecationWarning: 'cgi' is deprecated and slated for removal in Python 3.13, referer: http://localhost/static/Design3.1.html
[Sat May 03 06:41:04.063450 2025] [cgi:error] [pid 4640:tid 996] [client ::1:62329] AH01215: stderr from C:/Apache24/cgi-bin/generate_ticket.py:   import cgi, referer: http://localhost/static/Design3.1.html
[Sat May 03 06:41:04.063450 2025] [cgi:error] [pid 4640:tid 996] [client ::1:62329] AH01215: stderr from C:/Apache24/cgi-bin/generate_ticket.py: Traceback (most recent call last):, referer: http://localhost/static/Design3.1.html
[Sat May 03 06:41:04.063450 2025] [cgi:error] [pid 4640:tid 996] [client ::1:62329] AH01215: stderr from C:/Apache24/cgi-bin/generate_ticket.py:   File "C:\\Apache24\\cgi-bin\\generate_ticket.py", line 154, in <module>, referer: http://localhost/static/Design3.1.html
[Sat May 03 06:41:04.063450 2025] [cgi:error] [pid 4640:tid 996] [client ::1:62329] AH01215: stderr from C:/Apache24/cgi-bin/generate_ticket.py:     subprocess.run(['latexmk', '-pdf', latex_file], check=True), referer: http://localhost/static/Design3.1.html
[Sat May 03 06:41:04.063450 2025] [cgi:error] [pid 4640:tid 996] [client ::1:62329] AH01215: stderr from C:/Apache24/cgi-bin/generate_ticket.py:   File "C:\\Users\\kkari\\AppData\\Local\\Programs\\Python\\Python312\\Lib\\subprocess.py", line 548, in run, referer: http://localhost/static/Design3.1.html
[Sat May 03 06:41:04.063450 2025] [cgi:error] [pid 4640:tid 996] [client ::1:62329] AH01215: stderr from C:/Apache24/cgi-bin/generate_ticket.py:     with Popen(*popenargs, **kwargs) as process:, referer: http://localhost/static/Design3.1.html
[Sat May 03 06:41:04.063450 2025] [cgi:error] [pid 4640:tid 996] [client ::1:62329] AH01215: stderr from C:/Apache24/cgi-bin/generate_ticket.py:          ^^^^^^^^^^^^^^^^^^^^^^^^^^^, referer: http://localhost/static/Design3.1.html
[Sat May 03 06:41:04.063450 2025] [cgi:error] [pid 4640:tid 996] [client ::1:62329] AH01215: stderr from C:/Apache24/cgi-bin/generate_ticket.py:   File "C:\\Users\\kkari\\AppData\\Local\\Programs\\Python\\Python312\\Lib\\subprocess.py", line 1026, in __init__, referer: http://localhost/static/Design3.1.html
[Sat May 03 06:41:04.063450 2025] [cgi:error] [pid 4640:tid 996] [client ::1:62329] AH01215: stderr from C:/Apache24/cgi-bin/generate_ticket.py:     self._execute_child(args, executable, preexec_fn, close_fds,, referer: http://localhost/static/Design3.1.html
[Sat May 03 06:41:04.063450 2025] [cgi:error] [pid 4640:tid 996] [client ::1:62329] AH01215: stderr from C:/Apache24/cgi-bin/generate_ticket.py:   File "C:\\Users\\kkari\\AppData\\Local\\Programs\\Python\\Python312\\Lib\\subprocess.py", line 1538, in _execute_child, referer: http://localhost/static/Design3.1.html
[Sat May 03 06:41:04.063450 2025] [cgi:error] [pid 4640:tid 996] [client ::1:62329] AH01215: stderr from C:/Apache24/cgi-bin/generate_ticket.py:     hp, ht, pid, tid = _winapi.CreateProcess(executable, args,, referer: http://localhost/static/Design3.1.html
[Sat May 03 06:41:04.063450 2025] [cgi:error] [pid 4640:tid 996] [client ::1:62329] AH01215: stderr from C:/Apache24/cgi-bin/generate_ticket.py:                        ^^^^^^^^^^^^^^^^^^^^^^^^^^^^^^^^^^^^^^^, referer: http://localhost/static/Design3.1.html
[Sat May 03 06:41:04.064449 2025] [cgi:error] [pid 4640:tid 996] [client ::1:62329] AH01215: stderr from C:/Apache24/cgi-bin/generate_ticket.py: FileNotFoundError: [WinError 2] \xcd\xe5 \xf3\xe4\xe0\xe5\xf2\xf1\xff \xed\xe0\xe9\xf2\xe8 \xf3\xea\xe0\xe7\xe0\xed\xed\xfb\xe9 \xf4\xe0\xe9\xeb, referer: http://localhost/static/Design3.1.html
[Sat May 03 06:41:04.064449 2025] [cgi:error] [pid 4640:tid 996] [client ::1:62329] AH01215: stderr from C:/Apache24/cgi-bin/generate_ticket.py: , referer: http://localhost/static/Design3.1.html
[Sat May 03 06:41:04.064449 2025] [cgi:error] [pid 4640:tid 996] [client ::1:62329] AH01215: stderr from C:/Apache24/cgi-bin/generate_ticket.py: During handling of the above exception, another exception occurred:, referer: http://localhost/static/Design3.1.html
[Sat May 03 06:41:04.064449 2025] [cgi:error] [pid 4640:tid 996] [client ::1:62329] AH01215: stderr from C:/Apache24/cgi-bin/generate_ticket.py: , referer: http://localhost/static/Design3.1.html
[Sat May 03 06:41:04.064449 2025] [cgi:error] [pid 4640:tid 996] [client ::1:62329] AH01215: stderr from C:/Apache24/cgi-bin/generate_ticket.py: Traceback (most recent call last):, referer: http://localhost/static/Design3.1.html
[Sat May 03 06:41:04.064449 2025] [cgi:error] [pid 4640:tid 996] [client ::1:62329] AH01215: stderr from C:/Apache24/cgi-bin/generate_ticket.py:   File "C:\\Apache24\\cgi-bin\\generate_ticket.py", line 179, in <module>, referer: http://localhost/static/Design3.1.html
[Sat May 03 06:41:04.064449 2025] [cgi:error] [pid 4640:tid 996] [client ::1:62329] AH01215: stderr from C:/Apache24/cgi-bin/generate_ticket.py:     print(json.dumps({"success": false, "error": str(e)})), referer: http://localhost/static/Design3.1.html
[Sat May 03 06:41:04.064449 2025] [cgi:error] [pid 4640:tid 996] [client ::1:62329] AH01215: stderr from C:/Apache24/cgi-bin/generate_ticket.py:                                  ^^^^^, referer: http://localhost/static/Design3.1.html
[Sat May 03 06:41:04.064449 2025] [cgi:error] [pid 4640:tid 996] [client ::1:62329] AH01215: stderr from C:/Apache24/cgi-bin/generate_ticket.py: NameError: name 'false' is not defined. Did you mean: 'False'?, referer: http://localhost/static/Design3.1.html
The 'Apache2.4' service is restarting.
The 'Apache2.4' service has restarted.
winnt:notice] [pid 4404:tid 320] AH00424: Parent: Received restart signal -- Restarting the server.
[Sat May 03 06:50:55.011825 2025] [mpm_winnt:notice] [pid 4404:tid 320] AH00455: Apache/2.4.63 (Win64) configured -- resuming normal operations
[Sat May 03 06:50:55.011825 2025] [mpm_winnt:notice] [pid 4404:tid 320] AH00456: Apache Lounge VS17 Server built: Feb  3 2025 10:10:51
[Sat May 03 06:50:55.011825 2025] [core:notice] [pid 4404:tid 320] AH00094: Command line: 'C:\\Apache24\\bin\\httpd.exe -d C:/Apache24'
[Sat May 03 06:50:55.011825 2025] [mpm_winnt:notice] [pid 4404:tid 320] AH00418: Parent: Created child process 20356
[Sat May 03 06:50:56.018115 2025] [mpm_winnt:notice] [pid 20356:tid 344] AH00354: Child: Starting 64 worker threads.
[Sat May 03 06:50:57.033320 2025] [mpm_winnt:notice] [pid 4640:tid 344] AH00364: Child: All worker threads have exited.
[Sat May 03 06:51:07.888735 2025] [cgi:error] [pid 20356:tid 996] [client ::1:62555] AH01215: stderr from C:/Apache24/cgi-bin/save_search_request.py: C:\\Apache24\\cgi-bin\\save_search_request.py:2: DeprecationWarning: 'cgi' is deprecated and slated for removal in Python 3.13, referer: http://localhost/static/Design3.1.html
[Sat May 03 06:51:07.888735 2025] [cgi:error] [pid 20356:tid 996] [client ::1:62555] AH01215: stderr from C:/Apache24/cgi-bin/save_search_request.py:   import cgi, referer: http://localhost/static/Design3.1.html
[Sat May 03 06:51:31.090801 2025] [cgi:error] [pid 20356:tid 996] [client ::1:62574] AH01215: stderr from C:/Apache24/cgi-bin/book_flight.py: C:\\Apache24\\cgi-bin\\book_flight.py:2: DeprecationWarning: 'cgi' is deprecated and slated for removal in Python 3.13, referer: http://localhost/static/Design3.1.html
[Sat May 03 06:51:31.090801 2025] [cgi:error] [pid 20356:tid 996] [client ::1:62574] AH01215: stderr from C:/Apache24/cgi-bin/book_flight.py:   import cgi, referer: http://localhost/static/Design3.1.html
[Sat May 03 06:51:31.090801 2025] [cgi:error] [pid 20356:tid 996] [client ::1:62574] AH01215: stderr from C:/Apache24/cgi-bin/book_flight.py: C:\\Apache24\\cgi-bin\\book_flight.py:6: DeprecationWarning: 'cgitb' is deprecated and slated for removal in Python 3.13, referer: http://localhost/static/Design3.1.html
[Sat May 03 06:51:31.090801 2025] [cgi:error] [pid 20356:tid 996] [client ::1:62574] AH01215: stderr from C:/Apache24/cgi-bin/book_flight.py:   import cgitb; cgitb.enable()  # \xc4\xeb\xff \xee\xf2\xeb\xe0\xe4\xea\xe8, referer: http://localhost/static/Design3.1.html
[Sat May 03 06:51:31.273849 2025] [cgi:error] [pid 20356:tid 996] [client ::1:62574] AH01215: stderr from C:/Apache24/cgi-bin/generate_ticket.py: C:\\Apache24\\cgi-bin\\generate_ticket.py:2: DeprecationWarning: 'cgi' is deprecated and slated for removal in Python 3.13, referer: http://localhost/static/Design3.1.html
[Sat May 03 06:51:31.273849 2025] [cgi:error] [pid 20356:tid 996] [client ::1:62574] AH01215: stderr from C:/Apache24/cgi-bin/generate_ticket.py:   import cgi, referer: http://localhost/static/Design3.1.html
The 'Apache2.4' service is restarting.
The 'Apache2.4' service has restarted.
winnt:notice] [pid 4404:tid 320] AH00424: Parent: Received restart signal -- Restarting the server.
[Sat May 03 06:53:30.315196 2025] [mpm_winnt:notice] [pid 4404:tid 320] AH00455: Apache/2.4.63 (Win64) configured -- resuming normal operations
[Sat May 03 06:53:30.315196 2025] [mpm_winnt:notice] [pid 4404:tid 320] AH00456: Apache Lounge VS17 Server built: Feb  3 2025 10:10:51
[Sat May 03 06:53:30.315196 2025] [core:notice] [pid 4404:tid 320] AH00094: Command line: 'C:\\Apache24\\bin\\httpd.exe -d C:/Apache24'
[Sat May 03 06:53:30.315196 2025] [mpm_winnt:notice] [pid 4404:tid 320] AH00418: Parent: Created child process 17708
[Sat May 03 06:53:31.317284 2025] [mpm_winnt:notice] [pid 17708:tid 360] AH00354: Child: Starting 64 worker threads.
[Sat May 03 06:53:32.324127 2025] [mpm_winnt:notice] [pid 20356:tid 344] AH00364: Child: All worker threads have exited.
[Sat May 03 06:53:42.030444 2025] [cgi:error] [pid 17708:tid 996] [client ::1:62619] AH01215: stderr from C:/Apache24/cgi-bin/save_search_request.py: C:\\Apache24\\cgi-bin\\save_search_request.py:2: DeprecationWarning: 'cgi' is deprecated and slated for removal in Python 3.13, referer: http://localhost/static/Design3.1.html
[Sat May 03 06:53:42.030444 2025] [cgi:error] [pid 17708:tid 996] [client ::1:62619] AH01215: stderr from C:/Apache24/cgi-bin/save_search_request.py:   import cgi, referer: http://localhost/static/Design3.1.html
[Sat May 03 06:54:05.286094 2025] [cgi:error] [pid 17708:tid 996] [client ::1:62635] AH01215: stderr from C:/Apache24/cgi-bin/book_flight.py: C:\\Apache24\\cgi-bin\\book_flight.py:2: DeprecationWarning: 'cgi' is deprecated and slated for removal in Python 3.13, referer: http://localhost/static/Design3.1.html
[Sat May 03 06:54:05.286094 2025] [cgi:error] [pid 17708:tid 996] [client ::1:62635] AH01215: stderr from C:/Apache24/cgi-bin/book_flight.py:   import cgi, referer: http://localhost/static/Design3.1.html
[Sat May 03 06:54:05.286094 2025] [cgi:error] [pid 17708:tid 996] [client ::1:62635] AH01215: stderr from C:/Apache24/cgi-bin/book_flight.py: C:\\Apache24\\cgi-bin\\book_flight.py:6: DeprecationWarning: 'cgitb' is deprecated and slated for removal in Python 3.13, referer: http://localhost/static/Design3.1.html
[Sat May 03 06:54:05.286094 2025] [cgi:error] [pid 17708:tid 996] [client ::1:62635] AH01215: stderr from C:/Apache24/cgi-bin/book_flight.py:   import cgitb; cgitb.enable()  # \xc4\xeb\xff \xee\xf2\xeb\xe0\xe4\xea\xe8, referer: http://localhost/static/Design3.1.html
[Sat May 03 06:54:05.453829 2025] [cgi:error] [pid 17708:tid 996] [client ::1:62635] AH01215: stderr from C:/Apache24/cgi-bin/generate_ticket.py: C:\\Apache24\\cgi-bin\\generate_ticket.py:2: DeprecationWarning: 'cgi' is deprecated and slated for removal in Python 3.13, referer: http://localhost/static/Design3.1.html
[Sat May 03 06:54:05.453829 2025] [cgi:error] [pid 17708:tid 996] [client ::1:62635] AH01215: stderr from C:/Apache24/cgi-bin/generate_ticket.py:   import cgi, referer: http://localhost/static/Design3.1.html
[Sat May 03 06:56:04.767906 2025] [cgi:error] [pid 17708:tid 1000] [client ::1:62668] AH01215: stderr from C:/Apache24/cgi-bin/save_search_request.py: C:\\Apache24\\cgi-bin\\save_search_request.py:2: DeprecationWarning: 'cgi' is deprecated and slated for removal in Python 3.13, referer: http://localhost/static/Design3.1.html
[Sat May 03 06:56:04.767906 2025] [cgi:error] [pid 17708:tid 1000] [client ::1:62668] AH01215: stderr from C:/Apache24/cgi-bin/save_search_request.py:   import cgi, referer: http://localhost/static/Design3.1.html
[Sat May 03 06:56:12.730571 2025] [cgi:error] [pid 17708:tid 996] [client ::1:62684] AH01215: stderr from C:/Apache24/cgi-bin/save_search_request.py: C:\\Apache24\\cgi-bin\\save_search_request.py:2: DeprecationWarning: 'cgi' is deprecated and slated for removal in Python 3.13, referer: http://localhost/static/Design3.1.html
[Sat May 03 06:56:12.730571 2025] [cgi:error] [pid 17708:tid 996] [client ::1:62684] AH01215: stderr from C:/Apache24/cgi-bin/save_search_request.py:   import cgi, referer: http://localhost/static/Design3.1.html
[Sat May 03 06:56:13.126055 2025] [cgi:error] [pid 17708:tid 992] [client ::1:62686] AH01215: stderr from C:/Apache24/cgi-bin/save_search_request.py: C:\\Apache24\\cgi-bin\\save_search_request.py:2: DeprecationWarning: 'cgi' is deprecated and slated for removal in Python 3.13, referer: http://localhost/static/Design3.1.html
[Sat May 03 06:56:13.126055 2025] [cgi:error] [pid 17708:tid 992] [client ::1:62686] AH01215: stderr from C:/Apache24/cgi-bin/save_search_request.py:   import cgi, referer: http://localhost/static/Design3.1.html
[Sat May 03 06:56:25.162588 2025] [cgi:error] [pid 17708:tid 1000] [client ::1:62668] AH01215: stderr from C:/Apache24/cgi-bin/book_flight.py: C:\\Apache24\\cgi-bin\\book_flight.py:2: DeprecationWarning: 'cgi' is deprecated and slated for removal in Python 3.13, referer: http://localhost/static/Design3.1.html
[Sat May 03 06:56:25.162588 2025] [cgi:error] [pid 17708:tid 1000] [client ::1:62668] AH01215: stderr from C:/Apache24/cgi-bin/book_flight.py:   import cgi, referer: http://localhost/static/Design3.1.html
[Sat May 03 06:56:25.162588 2025] [cgi:error] [pid 17708:tid 1000] [client ::1:62668] AH01215: stderr from C:/Apache24/cgi-bin/book_flight.py: C:\\Apache24\\cgi-bin\\book_flight.py:6: DeprecationWarning: 'cgitb' is deprecated and slated for removal in Python 3.13, referer: http://localhost/static/Design3.1.html
[Sat May 03 06:56:25.162588 2025] [cgi:error] [pid 17708:tid 1000] [client ::1:62668] AH01215: stderr from C:/Apache24/cgi-bin/book_flight.py:   import cgitb; cgitb.enable()  # \xc4\xeb\xff \xee\xf2\xeb\xe0\xe4\xea\xe8, referer: http://localhost/static/Design3.1.html
[Sat May 03 06:56:25.311050 2025] [cgi:error] [pid 17708:tid 1000] [client ::1:62668] AH01215: stderr from C:/Apache24/cgi-bin/generate_ticket.py: C:\\Apache24\\cgi-bin\\generate_ticket.py:2: DeprecationWarning: 'cgi' is deprecated and slated for removal in Python 3.13, referer: http://localhost/static/Design3.1.html
[Sat May 03 06:56:25.311050 2025] [cgi:error] [pid 17708:tid 1000] [client ::1:62668] AH01215: stderr from C:/Apache24/cgi-bin/generate_ticket.py:   import cgi, referer: http://localhost/static/Design3.1.html
[Sat May 03 07:10:33.177133 2025] [cgi:error] [pid 17708:tid 996] [client ::1:63394] AH01215: stderr from C:/Apache24/cgi-bin/save_search_request.py: C:\\Apache24\\cgi-bin\\save_search_request.py:2: DeprecationWarning: 'cgi' is deprecated and slated for removal in Python 3.13, referer: http://localhost/static/Design3.1.html
[Sat May 03 07:10:33.177133 2025] [cgi:error] [pid 17708:tid 996] [client ::1:63394] AH01215: stderr from C:/Apache24/cgi-bin/save_search_request.py:   import cgi, referer: http://localhost/static/Design3.1.html
[Sat May 03 07:11:06.860621 2025] [cgi:error] [pid 17708:tid 996] [client ::1:63416] AH01215: stderr from C:/Apache24/cgi-bin/book_flight.py: C:\\Apache24\\cgi-bin\\book_flight.py:2: DeprecationWarning: 'cgi' is deprecated and slated for removal in Python 3.13, referer: http://localhost/static/Design3.1.html
[Sat May 03 07:11:06.860621 2025] [cgi:error] [pid 17708:tid 996] [client ::1:63416] AH01215: stderr from C:/Apache24/cgi-bin/book_flight.py:   import cgi, referer: http://localhost/static/Design3.1.html
[Sat May 03 07:11:06.860621 2025] [cgi:error] [pid 17708:tid 996] [client ::1:63416] AH01215: stderr from C:/Apache24/cgi-bin/book_flight.py: C:\\Apache24\\cgi-bin\\book_flight.py:6: DeprecationWarning: 'cgitb' is deprecated and slated for removal in Python 3.13, referer: http://localhost/static/Design3.1.html
[Sat May 03 07:11:06.860621 2025] [cgi:error] [pid 17708:tid 996] [client ::1:63416] AH01215: stderr from C:/Apache24/cgi-bin/book_flight.py:   import cgitb; cgitb.enable()  # \xc4\xeb\xff \xee\xf2\xeb\xe0\xe4\xea\xe8, referer: http://localhost/static/Design3.1.html
[Sat May 03 07:11:07.021916 2025] [cgi:error] [pid 17708:tid 996] [client ::1:63416] AH01215: stderr from C:/Apache24/cgi-bin/generate_ticket.py: C:\\Apache24\\cgi-bin\\generate_ticket.py:2: DeprecationWarning: 'cgi' is deprecated and slated for removal in Python 3.13, referer: http://localhost/static/Design3.1.html
[Sat May 03 07:11:07.021916 2025] [cgi:error] [pid 17708:tid 996] [client ::1:63416] AH01215: stderr from C:/Apache24/cgi-bin/generate_ticket.py:   import cgi, referer: http://localhost/static/Design3.1.html
[Sat May 03 07:14:21.230242 2025] [cgi:error] [pid 17708:tid 996] [client ::1:63508] AH01215: stderr from C:/Apache24/cgi-bin/save_search_request.py: C:\\Apache24\\cgi-bin\\save_search_request.py:2: DeprecationWarning: 'cgi' is deprecated and slated for removal in Python 3.13, referer: http://localhost/static/Design3.1.html
[Sat May 03 07:14:21.230242 2025] [cgi:error] [pid 17708:tid 996] [client ::1:63508] AH01215: stderr from C:/Apache24/cgi-bin/save_search_request.py:   import cgi, referer: http://localhost/static/Design3.1.html
[Sat May 03 07:14:42.723029 2025] [cgi:error] [pid 17708:tid 996] [client ::1:63524] AH01215: stderr from C:/Apache24/cgi-bin/book_flight.py: C:\\Apache24\\cgi-bin\\book_flight.py:2: DeprecationWarning: 'cgi' is deprecated and slated for removal in Python 3.13, referer: http://localhost/static/Design3.1.html
[Sat May 03 07:14:42.723029 2025] [cgi:error] [pid 17708:tid 996] [client ::1:63524] AH01215: stderr from C:/Apache24/cgi-bin/book_flight.py:   import cgi, referer: http://localhost/static/Design3.1.html
[Sat May 03 07:14:42.723029 2025] [cgi:error] [pid 17708:tid 996] [client ::1:63524] AH01215: stderr from C:/Apache24/cgi-bin/book_flight.py: C:\\Apache24\\cgi-bin\\book_flight.py:6: DeprecationWarning: 'cgitb' is deprecated and slated for removal in Python 3.13, referer: http://localhost/static/Design3.1.html
[Sat May 03 07:14:42.723029 2025] [cgi:error] [pid 17708:tid 996] [client ::1:63524] AH01215: stderr from C:/Apache24/cgi-bin/book_flight.py:   import cgitb; cgitb.enable()  # \xc4\xeb\xff \xee\xf2\xeb\xe0\xe4\xea\xe8, referer: http://localhost/static/Design3.1.html
[Sat May 03 07:14:42.888436 2025] [cgi:error] [pid 17708:tid 996] [client ::1:63524] AH01215: stderr from C:/Apache24/cgi-bin/generate_ticket.py: C:\\Apache24\\cgi-bin\\generate_ticket.py:2: DeprecationWarning: 'cgi' is deprecated and slated for removal in Python 3.13, referer: http://localhost/static/Design3.1.html
[Sat May 03 07:14:42.888436 2025] [cgi:error] [pid 17708:tid 996] [client ::1:63524] AH01215: stderr from C:/Apache24/cgi-bin/generate_ticket.py:   import cgi, referer: http://localhost/static/Design3.1.html
[Sat May 03 07:14:42.888436 2025] [cgi:error] [pid 17708:tid 996] [client ::1:63524] AH01215: stderr from C:/Apache24/cgi-bin/generate_ticket.py: Traceback (most recent call last):, referer: http://localhost/static/Design3.1.html
[Sat May 03 07:14:42.888436 2025] [cgi:error] [pid 17708:tid 996] [client ::1:63524] AH01215: stderr from C:/Apache24/cgi-bin/generate_ticket.py:   File "C:\\Apache24\\cgi-bin\\generate_ticket.py", line 154, in <module>, referer: http://localhost/static/Design3.1.html
[Sat May 03 07:14:42.888436 2025] [cgi:error] [pid 17708:tid 996] [client ::1:63524] AH01215: stderr from C:/Apache24/cgi-bin/generate_ticket.py:     subprocess.run(['latexmk', '-pdf', latex_file], check=True), referer: http://localhost/static/Design3.1.html
[Sat May 03 07:14:42.888436 2025] [cgi:error] [pid 17708:tid 996] [client ::1:63524] AH01215: stderr from C:/Apache24/cgi-bin/generate_ticket.py:   File "C:\\Users\\kkari\\AppData\\Local\\Programs\\Python\\Python312\\Lib\\subprocess.py", line 548, in run, referer: http://localhost/static/Design3.1.html
[Sat May 03 07:14:42.888436 2025] [cgi:error] [pid 17708:tid 996] [client ::1:63524] AH01215: stderr from C:/Apache24/cgi-bin/generate_ticket.py:     with Popen(*popenargs, **kwargs) as process:, referer: http://localhost/static/Design3.1.html
[Sat May 03 07:14:42.888436 2025] [cgi:error] [pid 17708:tid 996] [client ::1:63524] AH01215: stderr from C:/Apache24/cgi-bin/generate_ticket.py:          ^^^^^^^^^^^^^^^^^^^^^^^^^^^, referer: http://localhost/static/Design3.1.html
[Sat May 03 07:14:42.888436 2025] [cgi:error] [pid 17708:tid 996] [client ::1:63524] AH01215: stderr from C:/Apache24/cgi-bin/generate_ticket.py:   File "C:\\Users\\kkari\\AppData\\Local\\Programs\\Python\\Python312\\Lib\\subprocess.py", line 1026, in __init__, referer: http://localhost/static/Design3.1.html
[Sat May 03 07:14:42.888436 2025] [cgi:error] [pid 17708:tid 996] [client ::1:63524] AH01215: stderr from C:/Apache24/cgi-bin/generate_ticket.py:     self._execute_child(args, executable, preexec_fn, close_fds,, referer: http://localhost/static/Design3.1.html
[Sat May 03 07:14:42.888436 2025] [cgi:error] [pid 17708:tid 996] [client ::1:63524] AH01215: stderr from C:/Apache24/cgi-bin/generate_ticket.py:   File "C:\\Users\\kkari\\AppData\\Local\\Programs\\Python\\Python312\\Lib\\subprocess.py", line 1538, in _execute_child, referer: http://localhost/static/Design3.1.html
[Sat May 03 07:14:42.888436 2025] [cgi:error] [pid 17708:tid 996] [client ::1:63524] AH01215: stderr from C:/Apache24/cgi-bin/generate_ticket.py:     hp, ht, pid, tid = _winapi.CreateProcess(executable, args,, referer: http://localhost/static/Design3.1.html
[Sat May 03 07:14:42.888436 2025] [cgi:error] [pid 17708:tid 996] [client ::1:63524] AH01215: stderr from C:/Apache24/cgi-bin/generate_ticket.py:                        ^^^^^^^^^^^^^^^^^^^^^^^^^^^^^^^^^^^^^^^, referer: http://localhost/static/Design3.1.html
[Sat May 03 07:14:42.888436 2025] [cgi:error] [pid 17708:tid 996] [client ::1:63524] AH01215: stderr from C:/Apache24/cgi-bin/generate_ticket.py: FileNotFoundError: [WinError 2] \xcd\xe5 \xf3\xe4\xe0\xe5\xf2\xf1\xff \xed\xe0\xe9\xf2\xe8 \xf3\xea\xe0\xe7\xe0\xed\xed\xfb\xe9 \xf4\xe0\xe9\xeb, referer: http://localhost/static/Design3.1.html
[Sat May 03 07:14:42.888436 2025] [cgi:error] [pid 17708:tid 996] [client ::1:63524] AH01215: stderr from C:/Apache24/cgi-bin/generate_ticket.py: , referer: http://localhost/static/Design3.1.html
[Sat May 03 07:14:42.888436 2025] [cgi:error] [pid 17708:tid 996] [client ::1:63524] AH01215: stderr from C:/Apache24/cgi-bin/generate_ticket.py: During handling of the above exception, another exception occurred:, referer: http://localhost/static/Design3.1.html
[Sat May 03 07:14:42.888436 2025] [cgi:error] [pid 17708:tid 996] [client ::1:63524] AH01215: stderr from C:/Apache24/cgi-bin/generate_ticket.py: , referer: http://localhost/static/Design3.1.html
[Sat May 03 07:14:42.888436 2025] [cgi:error] [pid 17708:tid 996] [client ::1:63524] AH01215: stderr from C:/Apache24/cgi-bin/generate_ticket.py: Traceback (most recent call last):, referer: http://localhost/static/Design3.1.html
[Sat May 03 07:14:42.889442 2025] [cgi:error] [pid 17708:tid 996] [client ::1:63524] AH01215: stderr from C:/Apache24/cgi-bin/generate_ticket.py:   File "C:\\Apache24\\cgi-bin\\generate_ticket.py", line 179, in <module>, referer: http://localhost/static/Design3.1.html
[Sat May 03 07:14:42.889442 2025] [cgi:error] [pid 17708:tid 996] [client ::1:63524] AH01215: stderr from C:/Apache24/cgi-bin/generate_ticket.py:     print(json.dumps({"success": false, "error": str(e)})), referer: http://localhost/static/Design3.1.html
[Sat May 03 07:14:42.889442 2025] [cgi:error] [pid 17708:tid 996] [client ::1:63524] AH01215: stderr from C:/Apache24/cgi-bin/generate_ticket.py:                                  ^^^^^, referer: http://localhost/static/Design3.1.html
[Sat May 03 07:14:42.889442 2025] [cgi:error] [pid 17708:tid 996] [client ::1:63524] AH01215: stderr from C:/Apache24/cgi-bin/generate_ticket.py: NameError: name 'false' is not defined. Did you mean: 'False'?, referer: http://localhost/static/Design3.1.html
[Sat May 03 07:33:09.130747 2025] [cgi:error] [pid 17708:tid 992] [client ::1:63927] AH01215: stderr from C:/Apache24/cgi-bin/save_search_request.py: C:\\Apache24\\cgi-bin\\save_search_request.py:2: DeprecationWarning: 'cgi' is deprecated and slated for removal in Python 3.13, referer: http://localhost/static/Design3.1.html
[Sat May 03 07:33:09.130747 2025] [cgi:error] [pid 17708:tid 992] [client ::1:63927] AH01215: stderr from C:/Apache24/cgi-bin/save_search_request.py:   import cgi, referer: http://localhost/static/Design3.1.html
[Sat May 03 07:33:37.220880 2025] [cgi:error] [pid 17708:tid 992] [client ::1:63952] AH01215: stderr from C:/Apache24/cgi-bin/book_flight.py: C:\\Apache24\\cgi-bin\\book_flight.py:2: DeprecationWarning: 'cgi' is deprecated and slated for removal in Python 3.13, referer: http://localhost/static/Design3.1.html
[Sat May 03 07:33:37.220880 2025] [cgi:error] [pid 17708:tid 992] [client ::1:63952] AH01215: stderr from C:/Apache24/cgi-bin/book_flight.py:   import cgi, referer: http://localhost/static/Design3.1.html
[Sat May 03 07:33:37.220880 2025] [cgi:error] [pid 17708:tid 992] [client ::1:63952] AH01215: stderr from C:/Apache24/cgi-bin/book_flight.py: C:\\Apache24\\cgi-bin\\book_flight.py:6: DeprecationWarning: 'cgitb' is deprecated and slated for removal in Python 3.13, referer: http://localhost/static/Design3.1.html
[Sat May 03 07:33:37.220880 2025] [cgi:error] [pid 17708:tid 992] [client ::1:63952] AH01215: stderr from C:/Apache24/cgi-bin/book_flight.py:   import cgitb; cgitb.enable()  # \xc4\xeb\xff \xee\xf2\xeb\xe0\xe4\xea\xe8, referer: http://localhost/static/Design3.1.html
[Sat May 03 07:33:37.371294 2025] [cgi:error] [pid 17708:tid 992] [client ::1:63952] AH01215: stderr from C:/Apache24/cgi-bin/generate_ticket.py: C:\\Apache24\\cgi-bin\\generate_ticket.py:2: DeprecationWarning: 'cgi' is deprecated and slated for removal in Python 3.13, referer: http://localhost/static/Design3.1.html
[Sat May 03 07:33:37.371294 2025] [cgi:error] [pid 17708:tid 992] [client ::1:63952] AH01215: stderr from C:/Apache24/cgi-bin/generate_ticket.py:   import cgi, referer: http://localhost/static/Design3.1.html
[Sat May 03 07:41:45.900870 2025] [cgi:error] [pid 17708:tid 992] [client ::1:64137] AH01215: stderr from C:/Apache24/cgi-bin/save_search_request.py: C:\\Apache24\\cgi-bin\\save_search_request.py:2: DeprecationWarning: 'cgi' is deprecated and slated for removal in Python 3.13, referer: http://localhost/static/Design3.1.html
[Sat May 03 07:41:45.900870 2025] [cgi:error] [pid 17708:tid 992] [client ::1:64137] AH01215: stderr from C:/Apache24/cgi-bin/save_search_request.py:   import cgi, referer: http://localhost/static/Design3.1.html
[Sat May 03 07:42:19.568197 2025] [cgi:error] [pid 17708:tid 992] [client ::1:64162] AH01215: stderr from C:/Apache24/cgi-bin/book_flight.py: C:\\Apache24\\cgi-bin\\book_flight.py:2: DeprecationWarning: 'cgi' is deprecated and slated for removal in Python 3.13, referer: http://localhost/static/Design3.1.html
[Sat May 03 07:42:19.568197 2025] [cgi:error] [pid 17708:tid 992] [client ::1:64162] AH01215: stderr from C:/Apache24/cgi-bin/book_flight.py:   import cgi, referer: http://localhost/static/Design3.1.html
[Sat May 03 07:42:19.568197 2025] [cgi:error] [pid 17708:tid 992] [client ::1:64162] AH01215: stderr from C:/Apache24/cgi-bin/book_flight.py: C:\\Apache24\\cgi-bin\\book_flight.py:6: DeprecationWarning: 'cgitb' is deprecated and slated for removal in Python 3.13, referer: http://localhost/static/Design3.1.html
[Sat May 03 07:42:19.568197 2025] [cgi:error] [pid 17708:tid 992] [client ::1:64162] AH01215: stderr from C:/Apache24/cgi-bin/book_flight.py:   import cgitb; cgitb.enable()  # \xc4\xeb\xff \xee\xf2\xeb\xe0\xe4\xea\xe8, referer: http://localhost/static/Design3.1.html
[Sat May 03 07:42:19.710758 2025] [cgi:error] [pid 17708:tid 992] [client ::1:64162] AH01215: stderr from C:/Apache24/cgi-bin/generate_ticket.py: C:\\Apache24\\cgi-bin\\generate_ticket.py:2: DeprecationWarning: 'cgi' is deprecated and slated for removal in Python 3.13, referer: http://localhost/static/Design3.1.html
[Sat May 03 07:42:19.711816 2025] [cgi:error] [pid 17708:tid 992] [client ::1:64162] AH01215: stderr from C:/Apache24/cgi-bin/generate_ticket.py:   import cgi, referer: http://localhost/static/Design3.1.html
[Sat May 03 07:44:00.643556 2025] [cgi:error] [pid 17708:tid 992] [client ::1:64217] AH01215: stderr from C:/Apache24/cgi-bin/save_search_request.py: C:\\Apache24\\cgi-bin\\save_search_request.py:2: DeprecationWarning: 'cgi' is deprecated and slated for removal in Python 3.13, referer: http://localhost/static/Design3.1.html
[Sat May 03 07:44:00.643556 2025] [cgi:error] [pid 17708:tid 992] [client ::1:64217] AH01215: stderr from C:/Apache24/cgi-bin/save_search_request.py:   import cgi, referer: http://localhost/static/Design3.1.html
[Sat May 03 11:55:26.977863 2025] [core:warn] [pid 4368:tid 376] AH00098: pid file C:/Apache24/logs/httpd.pid overwritten -- Unclean shutdown of previous Apache run?
[Sat May 03 11:55:26.985949 2025] [mpm_winnt:notice] [pid 4368:tid 376] AH00455: Apache/2.4.63 (Win64) configured -- resuming normal operations
[Sat May 03 11:55:26.985949 2025] [mpm_winnt:notice] [pid 4368:tid 376] AH00456: Apache Lounge VS17 Server built: Feb  3 2025 10:10:51
[Sat May 03 11:55:26.985949 2025] [core:notice] [pid 4368:tid 376] AH00094: Command line: 'C:\\Apache24\\bin\\httpd.exe -d C:/Apache24'
[Sat May 03 11:55:26.987955 2025] [mpm_winnt:notice] [pid 4368:tid 376] AH00418: Parent: Created child process 7392
[Sat May 03 11:55:27.239596 2025] [mpm_winnt:notice] [pid 7392:tid 344] AH00354: Child: Starting 64 worker threads.
[Sat May 03 11:56:16.844389 2025] [cgi:error] [pid 7392:tid 956] [client ::1:49761] AH01215: stderr from C:/Apache24/cgi-bin/save_search_request.py: C:\\Apache24\\cgi-bin\\save_search_request.py:2: DeprecationWarning: 'cgi' is deprecated and slated for removal in Python 3.13, referer: http://localhost/static/Design3.1.html
[Sat May 03 11:56:16.844389 2025] [cgi:error] [pid 7392:tid 956] [client ::1:49761] AH01215: stderr from C:/Apache24/cgi-bin/save_search_request.py:   import cgi, referer: http://localhost/static/Design3.1.html
[Sat May 03 11:56:56.654064 2025] [cgi:error] [pid 7392:tid 956] [client ::1:50133] AH01215: stderr from C:/Apache24/cgi-bin/book_flight.py: C:\\Apache24\\cgi-bin\\book_flight.py:2: DeprecationWarning: 'cgi' is deprecated and slated for removal in Python 3.13, referer: http://localhost/static/Design3.1.html
[Sat May 03 11:56:56.654064 2025] [cgi:error] [pid 7392:tid 956] [client ::1:50133] AH01215: stderr from C:/Apache24/cgi-bin/book_flight.py:   import cgi, referer: http://localhost/static/Design3.1.html
[Sat May 03 11:56:56.654064 2025] [cgi:error] [pid 7392:tid 956] [client ::1:50133] AH01215: stderr from C:/Apache24/cgi-bin/book_flight.py: C:\\Apache24\\cgi-bin\\book_flight.py:6: DeprecationWarning: 'cgitb' is deprecated and slated for removal in Python 3.13, referer: http://localhost/static/Design3.1.html
[Sat May 03 11:56:56.654064 2025] [cgi:error] [pid 7392:tid 956] [client ::1:50133] AH01215: stderr from C:/Apache24/cgi-bin/book_flight.py:   import cgitb; cgitb.enable()  # \xc4\xeb\xff \xee\xf2\xeb\xe0\xe4\xea\xe8, referer: http://localhost/static/Design3.1.html
[Sat May 03 11:56:56.805861 2025] [cgi:error] [pid 7392:tid 956] [client ::1:50133] AH01215: stderr from C:/Apache24/cgi-bin/generate_ticket.py: C:\\Apache24\\cgi-bin\\generate_ticket.py:2: DeprecationWarning: 'cgi' is deprecated and slated for removal in Python 3.13, referer: http://localhost/static/Design3.1.html
[Sat May 03 11:56:56.805861 2025] [cgi:error] [pid 7392:tid 956] [client ::1:50133] AH01215: stderr from C:/Apache24/cgi-bin/generate_ticket.py:   import cgi, referer: http://localhost/static/Design3.1.html
[Sat May 03 12:06:45.910961 2025] [cgi:error] [pid 7392:tid 956] [client ::1:50456] AH01215: stderr from C:/Apache24/cgi-bin/save_search_request.py: C:\\Apache24\\cgi-bin\\save_search_request.py:2: DeprecationWarning: 'cgi' is deprecated and slated for removal in Python 3.13, referer: http://localhost/static/Design3.1.html
[Sat May 03 12:06:45.910961 2025] [cgi:error] [pid 7392:tid 956] [client ::1:50456] AH01215: stderr from C:/Apache24/cgi-bin/save_search_request.py:   import cgi, referer: http://localhost/static/Design3.1.html
[Sat May 03 12:07:11.683685 2025] [cgi:error] [pid 7392:tid 956] [client ::1:50474] AH01215: stderr from C:/Apache24/cgi-bin/save_search_request.py: C:\\Apache24\\cgi-bin\\save_search_request.py:2: DeprecationWarning: 'cgi' is deprecated and slated for removal in Python 3.13, referer: http://localhost/static/Design3.1.html
[Sat May 03 12:07:11.683685 2025] [cgi:error] [pid 7392:tid 956] [client ::1:50474] AH01215: stderr from C:/Apache24/cgi-bin/save_search_request.py:   import cgi, referer: http://localhost/static/Design3.1.html
[Sat May 03 12:07:40.990354 2025] [cgi:error] [pid 7392:tid 956] [client ::1:50486] AH01215: stderr from C:/Apache24/cgi-bin/save_search_request.py: C:\\Apache24\\cgi-bin\\save_search_request.py:2: DeprecationWarning: 'cgi' is deprecated and slated for removal in Python 3.13, referer: http://localhost/static/Design3.1.html
[Sat May 03 12:07:40.990354 2025] [cgi:error] [pid 7392:tid 956] [client ::1:50486] AH01215: stderr from C:/Apache24/cgi-bin/save_search_request.py:   import cgi, referer: http://localhost/static/Design3.1.html
[Sat May 03 12:07:45.961552 2025] [cgi:error] [pid 7392:tid 964] [client ::1:50490] AH01215: stderr from C:/Apache24/cgi-bin/save_search_request.py: C:\\Apache24\\cgi-bin\\save_search_request.py:2: DeprecationWarning: 'cgi' is deprecated and slated for removal in Python 3.13, referer: http://localhost/static/Design3.1.html
[Sat May 03 12:07:45.961552 2025] [cgi:error] [pid 7392:tid 964] [client ::1:50490] AH01215: stderr from C:/Apache24/cgi-bin/save_search_request.py:   import cgi, referer: http://localhost/static/Design3.1.html
[Sat May 03 12:07:47.030822 2025] [cgi:error] [pid 7392:tid 952] [client ::1:50492] AH01215: stderr from C:/Apache24/cgi-bin/save_search_request.py: C:\\Apache24\\cgi-bin\\save_search_request.py:2: DeprecationWarning: 'cgi' is deprecated and slated for removal in Python 3.13, referer: http://localhost/static/Design3.1.html
[Sat May 03 12:07:47.030822 2025] [cgi:error] [pid 7392:tid 952] [client ::1:50492] AH01215: stderr from C:/Apache24/cgi-bin/save_search_request.py:   import cgi, referer: http://localhost/static/Design3.1.html
[Sat May 03 12:07:48.801301 2025] [cgi:error] [pid 7392:tid 944] [client ::1:50495] AH01215: stderr from C:/Apache24/cgi-bin/save_search_request.py: C:\\Apache24\\cgi-bin\\save_search_request.py:2: DeprecationWarning: 'cgi' is deprecated and slated for removal in Python 3.13, referer: http://localhost/static/Design3.1.html
[Sat May 03 12:07:48.801301 2025] [cgi:error] [pid 7392:tid 944] [client ::1:50495] AH01215: stderr from C:/Apache24/cgi-bin/save_search_request.py:   import cgi, referer: http://localhost/static/Design3.1.html
[Sat May 03 12:08:12.824481 2025] [cgi:error] [pid 7392:tid 944] [client ::1:50516] AH01215: stderr from C:/Apache24/cgi-bin/save_search_request.py: C:\\Apache24\\cgi-bin\\save_search_request.py:2: DeprecationWarning: 'cgi' is deprecated and slated for removal in Python 3.13, referer: http://localhost/static/Design3.1.html
[Sat May 03 12:08:12.824481 2025] [cgi:error] [pid 7392:tid 944] [client ::1:50516] AH01215: stderr from C:/Apache24/cgi-bin/save_search_request.py:   import cgi, referer: http://localhost/static/Design3.1.html
[Sat May 03 12:18:30.584656 2025] [cgi:error] [pid 7392:tid 952] [client ::1:50797] AH01215: stderr from C:/Apache24/cgi-bin/save_search_request.py: C:\\Apache24\\cgi-bin\\save_search_request.py:2: DeprecationWarning: 'cgi' is deprecated and slated for removal in Python 3.13, referer: http://localhost/static/Design3.1.html
[Sat May 03 12:18:30.584656 2025] [cgi:error] [pid 7392:tid 952] [client ::1:50797] AH01215: stderr from C:/Apache24/cgi-bin/save_search_request.py:   import cgi, referer: http://localhost/static/Design3.1.html
[Sat May 03 12:19:05.973483 2025] [cgi:error] [pid 7392:tid 952] [client ::1:50823] AH01215: stderr from C:/Apache24/cgi-bin/save_search_request.py: C:\\Apache24\\cgi-bin\\save_search_request.py:2: DeprecationWarning: 'cgi' is deprecated and slated for removal in Python 3.13, referer: http://localhost/static/Design3.1.html
[Sat May 03 12:19:05.973483 2025] [cgi:error] [pid 7392:tid 952] [client ::1:50823] AH01215: stderr from C:/Apache24/cgi-bin/save_search_request.py:   import cgi, referer: http://localhost/static/Design3.1.html
[Sat May 03 12:24:37.699889 2025] [cgi:error] [pid 7392:tid 944] [client ::1:50950] AH01215: stderr from C:/Apache24/cgi-bin/save_search_request.py: C:\\Apache24\\cgi-bin\\save_search_request.py:2: DeprecationWarning: 'cgi' is deprecated and slated for removal in Python 3.13, referer: http://localhost/static/Design3.1.html
[Sat May 03 12:24:37.699889 2025] [cgi:error] [pid 7392:tid 944] [client ::1:50950] AH01215: stderr from C:/Apache24/cgi-bin/save_search_request.py:   import cgi, referer: http://localhost/static/Design3.1.html
[Sat May 03 12:25:02.354808 2025] [cgi:error] [pid 7392:tid 944] [client ::1:51000] AH01215: stderr from C:/Apache24/cgi-bin/save_search_request.py: C:\\Apache24\\cgi-bin\\save_search_request.py:2: DeprecationWarning: 'cgi' is deprecated and slated for removal in Python 3.13, referer: http://localhost/static/Design3.1.html
[Sat May 03 12:25:02.354808 2025] [cgi:error] [pid 7392:tid 944] [client ::1:51000] AH01215: stderr from C:/Apache24/cgi-bin/save_search_request.py:   import cgi, referer: http://localhost/static/Design3.1.html
[Sat May 03 12:25:27.460871 2025] [cgi:error] [pid 7392:tid 944] [client ::1:51012] AH01215: stderr from C:/Apache24/cgi-bin/save_search_request.py: C:\\Apache24\\cgi-bin\\save_search_request.py:2: DeprecationWarning: 'cgi' is deprecated and slated for removal in Python 3.13, referer: http://localhost/static/Design3.1.html
[Sat May 03 12:25:27.460871 2025] [cgi:error] [pid 7392:tid 944] [client ::1:51012] AH01215: stderr from C:/Apache24/cgi-bin/save_search_request.py:   import cgi, referer: http://localhost/static/Design3.1.html
[Sat May 03 12:26:01.905527 2025] [cgi:error] [pid 7392:tid 944] [client ::1:51031] AH01215: stderr from C:/Apache24/cgi-bin/save_search_request.py: C:\\Apache24\\cgi-bin\\save_search_request.py:2: DeprecationWarning: 'cgi' is deprecated and slated for removal in Python 3.13, referer: http://localhost/static/Design3.1.html
[Sat May 03 12:26:01.905527 2025] [cgi:error] [pid 7392:tid 944] [client ::1:51031] AH01215: stderr from C:/Apache24/cgi-bin/save_search_request.py:   import cgi, referer: http://localhost/static/Design3.1.html
[Sat May 03 12:26:27.282448 2025] [cgi:error] [pid 7392:tid 944] [client ::1:51054] AH01215: stderr from C:/Apache24/cgi-bin/save_search_request.py: C:\\Apache24\\cgi-bin\\save_search_request.py:2: DeprecationWarning: 'cgi' is deprecated and slated for removal in Python 3.13, referer: http://localhost/static/Design3.1.html
[Sat May 03 12:26:27.282448 2025] [cgi:error] [pid 7392:tid 944] [client ::1:51054] AH01215: stderr from C:/Apache24/cgi-bin/save_search_request.py:   import cgi, referer: http://localhost/static/Design3.1.html
[Sat May 03 12:27:04.525095 2025] [cgi:error] [pid 7392:tid 944] [client ::1:51085] AH01215: stderr from C:/Apache24/cgi-bin/save_search_request.py: C:\\Apache24\\cgi-bin\\save_search_request.py:2: DeprecationWarning: 'cgi' is deprecated and slated for removal in Python 3.13, referer: http://localhost/static/Design3.1.html
[Sat May 03 12:27:04.525095 2025] [cgi:error] [pid 7392:tid 944] [client ::1:51085] AH01215: stderr from C:/Apache24/cgi-bin/save_search_request.py:   import cgi, referer: http://localhost/static/Design3.1.html
[Sat May 03 12:27:52.967432 2025] [cgi:error] [pid 7392:tid 944] [client ::1:51116] AH01215: stderr from C:/Apache24/cgi-bin/save_search_request.py: C:\\Apache24\\cgi-bin\\save_search_request.py:2: DeprecationWarning: 'cgi' is deprecated and slated for removal in Python 3.13, referer: http://localhost/static/Design3.1.html
[Sat May 03 12:27:52.967432 2025] [cgi:error] [pid 7392:tid 944] [client ::1:51116] AH01215: stderr from C:/Apache24/cgi-bin/save_search_request.py:   import cgi, referer: http://localhost/static/Design3.1.html
[Sat May 03 12:31:56.544667 2025] [cgi:error] [pid 7392:tid 964] [client ::1:51227] AH01215: stderr from C:/Apache24/cgi-bin/login.py: C:\\Apache24\\cgi-bin\\login.py:2: DeprecationWarning: 'cgi' is deprecated and slated for removal in Python 3.13, referer: http://localhost/static/login.html
[Sat May 03 12:31:56.544667 2025] [cgi:error] [pid 7392:tid 964] [client ::1:51227] AH01215: stderr from C:/Apache24/cgi-bin/login.py:   import cgi, referer: http://localhost/static/login.html
[Sat May 03 12:31:57.841783 2025] [cgi:error] [pid 7392:tid 964] [client ::1:51227] AH01215: stderr from C:/Apache24/cgi-bin/login.py: C:\\Apache24\\cgi-bin\\login.py:2: DeprecationWarning: 'cgi' is deprecated and slated for removal in Python 3.13, referer: http://localhost/static/login.html
[Sat May 03 12:31:57.841783 2025] [cgi:error] [pid 7392:tid 964] [client ::1:51227] AH01215: stderr from C:/Apache24/cgi-bin/login.py:   import cgi, referer: http://localhost/static/login.html
[Sat May 03 12:32:09.520182 2025] [cgi:error] [pid 7392:tid 944] [client ::1:51238] AH01215: stderr from C:/Apache24/cgi-bin/register.py: Traceback (most recent call last):, referer: http://localhost/static/register.html
[Sat May 03 12:32:09.520182 2025] [cgi:error] [pid 7392:tid 944] [client ::1:51238] AH01215: stderr from C:/Apache24/cgi-bin/register.py:   File "C:\\Apache24\\cgi-bin\\register.py", line 88, in <module>, referer: http://localhost/static/register.html
[Sat May 03 12:32:09.520182 2025] [cgi:error] [pid 7392:tid 944] [client ::1:51238] AH01215: stderr from C:/Apache24/cgi-bin/register.py:     main(), referer: http://localhost/static/register.html
[Sat May 03 12:32:09.520182 2025] [cgi:error] [pid 7392:tid 944] [client ::1:51238] AH01215: stderr from C:/Apache24/cgi-bin/register.py:   File "C:\\Apache24\\cgi-bin\\register.py", line 67, in main, referer: http://localhost/static/register.html
[Sat May 03 12:32:09.520182 2025] [cgi:error] [pid 7392:tid 944] [client ::1:51238] AH01215: stderr from C:/Apache24/cgi-bin/register.py:     ''', (email, password, full_name, datetime.now().isoformat())), referer: http://localhost/static/register.html
[Sat May 03 12:32:09.520182 2025] [cgi:error] [pid 7392:tid 944] [client ::1:51238] AH01215: stderr from C:/Apache24/cgi-bin/register.py:                                       ^^^^^^^^, referer: http://localhost/static/register.html
[Sat May 03 12:32:09.520182 2025] [cgi:error] [pid 7392:tid 944] [client ::1:51238] AH01215: stderr from C:/Apache24/cgi-bin/register.py: NameError: name 'datetime' is not defined. Did you forget to import 'datetime'?, referer: http://localhost/static/register.html
[Sat May 03 12:32:10.722225 2025] [cgi:error] [pid 7392:tid 944] [client ::1:51238] AH01215: stderr from C:/Apache24/cgi-bin/register.py: Traceback (most recent call last):, referer: http://localhost/static/register.html
[Sat May 03 12:32:10.722225 2025] [cgi:error] [pid 7392:tid 944] [client ::1:51238] AH01215: stderr from C:/Apache24/cgi-bin/register.py:   File "C:\\Apache24\\cgi-bin\\register.py", line 88, in <module>, referer: http://localhost/static/register.html
[Sat May 03 12:32:10.722225 2025] [cgi:error] [pid 7392:tid 944] [client ::1:51238] AH01215: stderr from C:/Apache24/cgi-bin/register.py:     main(), referer: http://localhost/static/register.html
[Sat May 03 12:32:10.722225 2025] [cgi:error] [pid 7392:tid 944] [client ::1:51238] AH01215: stderr from C:/Apache24/cgi-bin/register.py:   File "C:\\Apache24\\cgi-bin\\register.py", line 67, in main, referer: http://localhost/static/register.html
[Sat May 03 12:32:10.722225 2025] [cgi:error] [pid 7392:tid 944] [client ::1:51238] AH01215: stderr from C:/Apache24/cgi-bin/register.py:     ''', (email, password, full_name, datetime.now().isoformat())), referer: http://localhost/static/register.html
[Sat May 03 12:32:10.722225 2025] [cgi:error] [pid 7392:tid 944] [client ::1:51238] AH01215: stderr from C:/Apache24/cgi-bin/register.py:                                       ^^^^^^^^, referer: http://localhost/static/register.html
[Sat May 03 12:32:10.722225 2025] [cgi:error] [pid 7392:tid 944] [client ::1:51238] AH01215: stderr from C:/Apache24/cgi-bin/register.py: NameError: name 'datetime' is not defined. Did you forget to import 'datetime'?, referer: http://localhost/static/register.html
[Sat May 03 12:32:11.209342 2025] [cgi:error] [pid 7392:tid 944] [client ::1:51238] AH01215: stderr from C:/Apache24/cgi-bin/register.py: Traceback (most recent call last):, referer: http://localhost/static/register.html
[Sat May 03 12:32:11.209342 2025] [cgi:error] [pid 7392:tid 944] [client ::1:51238] AH01215: stderr from C:/Apache24/cgi-bin/register.py:   File "C:\\Apache24\\cgi-bin\\register.py", line 88, in <module>, referer: http://localhost/static/register.html
[Sat May 03 12:32:11.209342 2025] [cgi:error] [pid 7392:tid 944] [client ::1:51238] AH01215: stderr from C:/Apache24/cgi-bin/register.py:     main(), referer: http://localhost/static/register.html
[Sat May 03 12:32:11.209342 2025] [cgi:error] [pid 7392:tid 944] [client ::1:51238] AH01215: stderr from C:/Apache24/cgi-bin/register.py:   File "C:\\Apache24\\cgi-bin\\register.py", line 67, in main, referer: http://localhost/static/register.html
[Sat May 03 12:32:11.209342 2025] [cgi:error] [pid 7392:tid 944] [client ::1:51238] AH01215: stderr from C:/Apache24/cgi-bin/register.py:     ''', (email, password, full_name, datetime.now().isoformat())), referer: http://localhost/static/register.html
[Sat May 03 12:32:11.209342 2025] [cgi:error] [pid 7392:tid 944] [client ::1:51238] AH01215: stderr from C:/Apache24/cgi-bin/register.py:                                       ^^^^^^^^, referer: http://localhost/static/register.html
[Sat May 03 12:32:11.209342 2025] [cgi:error] [pid 7392:tid 944] [client ::1:51238] AH01215: stderr from C:/Apache24/cgi-bin/register.py: NameError: name 'datetime' is not defined. Did you forget to import 'datetime'?, referer: http://localhost/static/register.html
The 'Apache2.4' service is restarting.
The 'Apache2.4' service has restarted.
winnt:notice] [pid 4368:tid 376] AH00424: Parent: Received restart signal -- Restarting the server.
[Sat May 03 12:45:04.983646 2025] [mpm_winnt:notice] [pid 4368:tid 376] AH00455: Apache/2.4.63 (Win64) configured -- resuming normal operations
[Sat May 03 12:45:04.983646 2025] [mpm_winnt:notice] [pid 4368:tid 376] AH00456: Apache Lounge VS17 Server built: Feb  3 2025 10:10:51
[Sat May 03 12:45:04.983646 2025] [core:notice] [pid 4368:tid 376] AH00094: Command line: 'C:\\Apache24\\bin\\httpd.exe -d C:/Apache24'
[Sat May 03 12:45:04.983646 2025] [mpm_winnt:notice] [pid 4368:tid 376] AH00418: Parent: Created child process 16068
[Sat May 03 12:45:05.978352 2025] [mpm_winnt:notice] [pid 16068:tid 348] AH00354: Child: Starting 64 worker threads.
[Sat May 03 12:45:06.988433 2025] [mpm_winnt:notice] [pid 7392:tid 344] AH00364: Child: All worker threads have exited.
The 'Apache2.4' service is restarting.
The 'Apache2.4' service has restarted.
winnt:notice] [pid 4368:tid 376] AH00424: Parent: Received restart signal -- Restarting the server.
[Sat May 03 13:00:37.132813 2025] [mpm_winnt:notice] [pid 4368:tid 376] AH00455: Apache/2.4.63 (Win64) configured -- resuming normal operations
[Sat May 03 13:00:37.132813 2025] [mpm_winnt:notice] [pid 4368:tid 376] AH00456: Apache Lounge VS17 Server built: Feb  3 2025 10:10:51
[Sat May 03 13:00:37.132813 2025] [core:notice] [pid 4368:tid 376] AH00094: Command line: 'C:\\Apache24\\bin\\httpd.exe -d C:/Apache24'
[Sat May 03 13:00:37.132813 2025] [mpm_winnt:notice] [pid 4368:tid 376] AH00418: Parent: Created child process 15336
[Sat May 03 13:00:38.135583 2025] [mpm_winnt:notice] [pid 15336:tid 344] AH00354: Child: Starting 64 worker threads.
[Sat May 03 13:00:39.140723 2025] [mpm_winnt:notice] [pid 16068:tid 348] AH00364: Child: All worker threads have exited.
The 'Apache2.4' service is restarting.
The 'Apache2.4' service has restarted.
winnt:notice] [pid 4368:tid 376] AH00424: Parent: Received restart signal -- Restarting the server.
[Sat May 03 13:06:11.548991 2025] [mpm_winnt:notice] [pid 4368:tid 376] AH00455: Apache/2.4.63 (Win64) configured -- resuming normal operations
[Sat May 03 13:06:11.548991 2025] [mpm_winnt:notice] [pid 4368:tid 376] AH00456: Apache Lounge VS17 Server built: Feb  3 2025 10:10:51
[Sat May 03 13:06:11.548991 2025] [core:notice] [pid 4368:tid 376] AH00094: Command line: 'C:\\Apache24\\bin\\httpd.exe -d C:/Apache24'
[Sat May 03 13:06:11.548991 2025] [mpm_winnt:notice] [pid 4368:tid 376] AH00418: Parent: Created child process 6576
[Sat May 03 13:06:12.556440 2025] [mpm_winnt:notice] [pid 6576:tid 344] AH00354: Child: Starting 64 worker threads.
[Sat May 03 13:06:13.562548 2025] [mpm_winnt:notice] [pid 15336:tid 344] AH00364: Child: All worker threads have exited.
[Sat May 03 13:09:24.804290 2025] [core:warn] [pid 4320:tid 328] AH00098: pid file C:/Apache24/logs/httpd.pid overwritten -- Unclean shutdown of previous Apache run?
[Sat May 03 13:09:24.804290 2025] [mpm_winnt:notice] [pid 4320:tid 328] AH00455: Apache/2.4.63 (Win64) configured -- resuming normal operations
[Sat May 03 13:09:24.804290 2025] [mpm_winnt:notice] [pid 4320:tid 328] AH00456: Apache Lounge VS17 Server built: Feb  3 2025 10:10:51
[Sat May 03 13:09:24.804290 2025] [core:notice] [pid 4320:tid 328] AH00094: Command line: 'C:\\Apache24\\bin\\httpd.exe -d C:/Apache24'
[Sat May 03 13:09:24.809243 2025] [mpm_winnt:notice] [pid 4320:tid 328] AH00418: Parent: Created child process 7364
[Sat May 03 13:09:25.069300 2025] [mpm_winnt:notice] [pid 7364:tid 344] AH00354: Child: Starting 64 worker threads.
[Sat May 03 13:11:54.358918 2025] [cgi:error] [pid 7364:tid 964] [client ::1:49967] AH01215: stderr from C:/Apache24/cgi-bin/save_search_request.py: C:\\Apache24\\cgi-bin\\save_search_request.py:2: DeprecationWarning: 'cgi' is deprecated and slated for removal in Python 3.13, referer: http://localhost/static/Design3.1.html
[Sat May 03 13:11:54.358918 2025] [cgi:error] [pid 7364:tid 964] [client ::1:49967] AH01215: stderr from C:/Apache24/cgi-bin/save_search_request.py:   import cgi, referer: http://localhost/static/Design3.1.html
[Sat May 03 13:29:41.103784 2025] [cgi:error] [pid 7364:tid 956] [client ::1:50669] AH01215: stderr from C:/Apache24/cgi-bin/save_search_request.py: C:\\Apache24\\cgi-bin\\save_search_request.py:2: DeprecationWarning: 'cgi' is deprecated and slated for removal in Python 3.13, referer: http://localhost/static/Design3.1.html
[Sat May 03 13:29:41.103784 2025] [cgi:error] [pid 7364:tid 956] [client ::1:50669] AH01215: stderr from C:/Apache24/cgi-bin/save_search_request.py:   import cgi, referer: http://localhost/static/Design3.1.html
[Sat May 03 13:30:29.684018 2025] [cgi:error] [pid 7364:tid 956] [client ::1:50699] AH01215: stderr from C:/Apache24/cgi-bin/book_flight.py: C:\\Apache24\\cgi-bin\\book_flight.py:2: DeprecationWarning: 'cgi' is deprecated and slated for removal in Python 3.13, referer: http://localhost/static/Design3.1.html
[Sat May 03 13:30:29.684018 2025] [cgi:error] [pid 7364:tid 956] [client ::1:50699] AH01215: stderr from C:/Apache24/cgi-bin/book_flight.py:   import cgi, referer: http://localhost/static/Design3.1.html
[Sat May 03 13:30:29.684018 2025] [cgi:error] [pid 7364:tid 956] [client ::1:50699] AH01215: stderr from C:/Apache24/cgi-bin/book_flight.py: C:\\Apache24\\cgi-bin\\book_flight.py:6: DeprecationWarning: 'cgitb' is deprecated and slated for removal in Python 3.13, referer: http://localhost/static/Design3.1.html
[Sat May 03 13:30:29.684018 2025] [cgi:error] [pid 7364:tid 956] [client ::1:50699] AH01215: stderr from C:/Apache24/cgi-bin/book_flight.py:   import cgitb; cgitb.enable()  # \xc4\xeb\xff \xee\xf2\xeb\xe0\xe4\xea\xe8, referer: http://localhost/static/Design3.1.html
[Sat May 03 13:30:29.851125 2025] [cgi:error] [pid 7364:tid 956] [client ::1:50699] AH01215: stderr from C:/Apache24/cgi-bin/generate_ticket.py: C:\\Apache24\\cgi-bin\\generate_ticket.py:2: DeprecationWarning: 'cgi' is deprecated and slated for removal in Python 3.13, referer: http://localhost/static/Design3.1.html
[Sat May 03 13:30:29.852200 2025] [cgi:error] [pid 7364:tid 956] [client ::1:50699] AH01215: stderr from C:/Apache24/cgi-bin/generate_ticket.py:   import cgi, referer: http://localhost/static/Design3.1.html
[Sat May 03 13:31:36.122759 2025] [cgi:error] [pid 7364:tid 964] [client ::1:50737] AH01215: stderr from C:/Apache24/cgi-bin/save_search_request.py: C:\\Apache24\\cgi-bin\\save_search_request.py:2: DeprecationWarning: 'cgi' is deprecated and slated for removal in Python 3.13, referer: http://localhost/static/Design3.1.html
[Sat May 03 13:31:36.122759 2025] [cgi:error] [pid 7364:tid 964] [client ::1:50737] AH01215: stderr from C:/Apache24/cgi-bin/save_search_request.py:   import cgi, referer: http://localhost/static/Design3.1.html
[Sat May 03 13:32:07.596870 2025] [cgi:error] [pid 7364:tid 964] [client ::1:50755] AH01215: stderr from C:/Apache24/cgi-bin/book_flight.py: C:\\Apache24\\cgi-bin\\book_flight.py:2: DeprecationWarning: 'cgi' is deprecated and slated for removal in Python 3.13, referer: http://localhost/static/Design3.1.html
[Sat May 03 13:32:07.596870 2025] [cgi:error] [pid 7364:tid 964] [client ::1:50755] AH01215: stderr from C:/Apache24/cgi-bin/book_flight.py:   import cgi, referer: http://localhost/static/Design3.1.html
[Sat May 03 13:32:07.596870 2025] [cgi:error] [pid 7364:tid 964] [client ::1:50755] AH01215: stderr from C:/Apache24/cgi-bin/book_flight.py: C:\\Apache24\\cgi-bin\\book_flight.py:6: DeprecationWarning: 'cgitb' is deprecated and slated for removal in Python 3.13, referer: http://localhost/static/Design3.1.html
[Sat May 03 13:32:07.596870 2025] [cgi:error] [pid 7364:tid 964] [client ::1:50755] AH01215: stderr from C:/Apache24/cgi-bin/book_flight.py:   import cgitb; cgitb.enable()  # \xc4\xeb\xff \xee\xf2\xeb\xe0\xe4\xea\xe8, referer: http://localhost/static/Design3.1.html
[Sat May 03 13:32:16.663445 2025] [cgi:error] [pid 7364:tid 964] [client ::1:50755] AH01215: stderr from C:/Apache24/cgi-bin/generate_ticket.py: C:\\Apache24\\cgi-bin\\generate_ticket.py:2: DeprecationWarning: 'cgi' is deprecated and slated for removal in Python 3.13, referer: http://localhost/static/Design3.1.html
[Sat May 03 13:32:16.663445 2025] [cgi:error] [pid 7364:tid 964] [client ::1:50755] AH01215: stderr from C:/Apache24/cgi-bin/generate_ticket.py:   import cgi, referer: http://localhost/static/Design3.1.html
[Sat May 03 13:32:16.663445 2025] [cgi:error] [pid 7364:tid 964] [client ::1:50755] AH01215: stderr from C:/Apache24/cgi-bin/generate_ticket.py: Traceback (most recent call last):, referer: http://localhost/static/Design3.1.html
[Sat May 03 13:32:16.663445 2025] [cgi:error] [pid 7364:tid 964] [client ::1:50755] AH01215: stderr from C:/Apache24/cgi-bin/generate_ticket.py:   File "C:\\Apache24\\cgi-bin\\generate_ticket.py", line 154, in <module>, referer: http://localhost/static/Design3.1.html
[Sat May 03 13:32:16.663445 2025] [cgi:error] [pid 7364:tid 964] [client ::1:50755] AH01215: stderr from C:/Apache24/cgi-bin/generate_ticket.py:     subprocess.run(['latexmk', '-pdf', latex_file], check=True), referer: http://localhost/static/Design3.1.html
[Sat May 03 13:32:16.663445 2025] [cgi:error] [pid 7364:tid 964] [client ::1:50755] AH01215: stderr from C:/Apache24/cgi-bin/generate_ticket.py:   File "C:\\Users\\kkari\\AppData\\Local\\Programs\\Python\\Python312\\Lib\\subprocess.py", line 571, in run, referer: http://localhost/static/Design3.1.html
[Sat May 03 13:32:16.663445 2025] [cgi:error] [pid 7364:tid 964] [client ::1:50755] AH01215: stderr from C:/Apache24/cgi-bin/generate_ticket.py:     raise CalledProcessError(retcode, process.args,, referer: http://localhost/static/Design3.1.html
[Sat May 03 13:32:16.663445 2025] [cgi:error] [pid 7364:tid 964] [client ::1:50755] AH01215: stderr from C:/Apache24/cgi-bin/generate_ticket.py: subprocess.CalledProcessError: Command '['latexmk', '-pdf', 'ticket_17.tex']' returned non-zero exit status 1., referer: http://localhost/static/Design3.1.html
[Sat May 03 13:32:16.663445 2025] [cgi:error] [pid 7364:tid 964] [client ::1:50755] AH01215: stderr from C:/Apache24/cgi-bin/generate_ticket.py: , referer: http://localhost/static/Design3.1.html
[Sat May 03 13:32:16.663445 2025] [cgi:error] [pid 7364:tid 964] [client ::1:50755] AH01215: stderr from C:/Apache24/cgi-bin/generate_ticket.py: During handling of the above exception, another exception occurred:, referer: http://localhost/static/Design3.1.html
[Sat May 03 13:32:16.663445 2025] [cgi:error] [pid 7364:tid 964] [client ::1:50755] AH01215: stderr from C:/Apache24/cgi-bin/generate_ticket.py: , referer: http://localhost/static/Design3.1.html
[Sat May 03 13:32:16.663445 2025] [cgi:error] [pid 7364:tid 964] [client ::1:50755] AH01215: stderr from C:/Apache24/cgi-bin/generate_ticket.py: Traceback (most recent call last):, referer: http://localhost/static/Design3.1.html
[Sat May 03 13:32:16.663445 2025] [cgi:error] [pid 7364:tid 964] [client ::1:50755] AH01215: stderr from C:/Apache24/cgi-bin/generate_ticket.py:   File "C:\\Apache24\\cgi-bin\\generate_ticket.py", line 179, in <module>, referer: http://localhost/static/Design3.1.html
[Sat May 03 13:32:16.663445 2025] [cgi:error] [pid 7364:tid 964] [client ::1:50755] AH01215: stderr from C:/Apache24/cgi-bin/generate_ticket.py:     print(json.dumps({"success": false, "error": str(e)})), referer: http://localhost/static/Design3.1.html
[Sat May 03 13:32:16.663445 2025] [cgi:error] [pid 7364:tid 964] [client ::1:50755] AH01215: stderr from C:/Apache24/cgi-bin/generate_ticket.py:                                  ^^^^^, referer: http://localhost/static/Design3.1.html
[Sat May 03 13:32:16.663445 2025] [cgi:error] [pid 7364:tid 964] [client ::1:50755] AH01215: stderr from C:/Apache24/cgi-bin/generate_ticket.py: NameError: name 'false' is not defined. Did you mean: 'False'?, referer: http://localhost/static/Design3.1.html
[Sat May 03 13:55:49.234160 2025] [core:warn] [pid 4220:tid 332] AH00098: pid file C:/Apache24/logs/httpd.pid overwritten -- Unclean shutdown of previous Apache run?
[Sat May 03 13:55:49.234160 2025] [mpm_winnt:notice] [pid 4220:tid 332] AH00455: Apache/2.4.63 (Win64) configured -- resuming normal operations
[Sat May 03 13:55:49.234160 2025] [mpm_winnt:notice] [pid 4220:tid 332] AH00456: Apache Lounge VS17 Server built: Feb  3 2025 10:10:51
[Sat May 03 13:55:49.234160 2025] [core:notice] [pid 4220:tid 332] AH00094: Command line: 'C:\\Apache24\\bin\\httpd.exe -d C:/Apache24'
[Sat May 03 13:55:49.234160 2025] [mpm_winnt:notice] [pid 4220:tid 332] AH00418: Parent: Created child process 7320
[Sat May 03 13:55:49.493245 2025] [mpm_winnt:notice] [pid 7320:tid 388] AH00354: Child: Starting 64 worker threads.
[Sat May 03 15:39:13.509223 2025] [core:warn] [pid 4448:tid 328] AH00098: pid file C:/Apache24/logs/httpd.pid overwritten -- Unclean shutdown of previous Apache run?
[Sat May 03 15:39:13.509223 2025] [mpm_winnt:notice] [pid 4448:tid 328] AH00455: Apache/2.4.63 (Win64) configured -- resuming normal operations
[Sat May 03 15:39:13.509223 2025] [mpm_winnt:notice] [pid 4448:tid 328] AH00456: Apache Lounge VS17 Server built: Feb  3 2025 10:10:51
[Sat May 03 15:39:13.509223 2025] [core:notice] [pid 4448:tid 328] AH00094: Command line: 'C:\\Apache24\\bin\\httpd.exe -d C:/Apache24'
[Sat May 03 15:39:13.509223 2025] [mpm_winnt:notice] [pid 4448:tid 328] AH00418: Parent: Created child process 7524
[Sat May 03 15:39:13.761597 2025] [mpm_winnt:notice] [pid 7524:tid 396] AH00354: Child: Starting 64 worker threads.
[Sat May 03 20:08:33.570812 2025] [core:warn] [pid 4304:tid 184] AH00098: pid file C:/Apache24/logs/httpd.pid overwritten -- Unclean shutdown of previous Apache run?
[Sat May 03 20:08:33.570812 2025] [mpm_winnt:notice] [pid 4304:tid 184] AH00455: Apache/2.4.63 (Win64) configured -- resuming normal operations
[Sat May 03 20:08:33.570812 2025] [mpm_winnt:notice] [pid 4304:tid 184] AH00456: Apache Lounge VS17 Server built: Feb  3 2025 10:10:51
[Sat May 03 20:08:33.570812 2025] [core:notice] [pid 4304:tid 184] AH00094: Command line: 'C:\\Apache24\\bin\\httpd.exe -d C:/Apache24'
[Sat May 03 20:08:33.570812 2025] [mpm_winnt:notice] [pid 4304:tid 184] AH00418: Parent: Created child process 7552
[Sat May 03 20:08:33.830776 2025] [mpm_winnt:notice] [pid 7552:tid 360] AH00354: Child: Starting 64 worker threads.
[Sat May 03 20:17:47.676455 2025] [mpm_winnt:notice] [pid 4304:tid 184] AH00422: Parent: Received shutdown signal -- Shutting down the server.
[Sat May 03 20:17:49.684105 2025] [mpm_winnt:notice] [pid 7552:tid 360] AH00364: Child: All worker threads have exited.
[Sat May 03 20:17:49.699850 2025] [mpm_winnt:notice] [pid 4304:tid 184] AH00430: Parent: Child process 7552 exited successfully.
[Sat May 03 20:18:27.817211 2025] [mpm_winnt:notice] [pid 4344:tid 328] AH00455: Apache/2.4.63 (Win64) configured -- resuming normal operations
[Sat May 03 20:18:27.817211 2025] [mpm_winnt:notice] [pid 4344:tid 328] AH00456: Apache Lounge VS17 Server built: Feb  3 2025 10:10:51
[Sat May 03 20:18:27.817211 2025] [core:notice] [pid 4344:tid 328] AH00094: Command line: 'C:\\Apache24\\bin\\httpd.exe -d C:/Apache24'
[Sat May 03 20:18:27.818218 2025] [mpm_winnt:notice] [pid 4344:tid 328] AH00418: Parent: Created child process 2916
[Sat May 03 20:18:28.595283 2025] [mpm_winnt:notice] [pid 2916:tid 340] AH00354: Child: Starting 64 worker threads.
